Topic,Question,Answer
cancel_order,question about cancelling order {{Order Number}},"I've understood you have a question regarding canceling order {{Order Number}}, and I'm here to provide you with the information you need. Please go ahead and ask your question, and I'll do my best to assist you."
cancel_order,i have a question about cancelling oorder {{Order Number}},"I've been informed that you have a question about canceling order {{Order Number}}. I'm here to assist you! Please go ahead and let me know what specific question you have, and I'll provide you with all the information and guidance you need. Your satisfaction is my top priority."
cancel_order,i need help cancelling puchase {{Order Number}},"I can sense that you're seeking assistance with canceling your purchase with the purchase number {{Order Number}}. I apologize for any inconvenience caused, and I'm here to guide you through the process.

To cancel your purchase, please follow these steps:

1. Log into your account: Visit our {{Online Company Portal Info}} and sign in using your credentials.
2. Locate your order: Once logged in, navigate to the '{{Online Order Interaction}}' or '{{Online Order Interaction}}' section to find the purchase with the order number {{Order Number}}.
3. Initiate the cancellation: Upon finding your purchase, look for the option labeled '{{Online Order Interaction}}' and click on it to initiate the cancellation process.
4. Confirm the cancellation: Our system might ask for confirmation or feedback regarding the cancellation. Kindly provide the necessary information to complete the process.
5. Seek additional support: If you encounter any difficulties or require further assistance, our dedicated customer support team is available during {{Customer Support Hours}}. You can contact us at {{Customer Support Phone Number}} or use the Live Chat feature on our {{Website URL}}.

We appreciate your understanding and value your satisfaction. Should you have any more questions or concerns, feel free to reach out to us. We're here to help you."
cancel_order,I need to cancel purchase {{Order Number}},"I understood that you need assistance with canceling your purchase with the order number {{Order Number}}. We apologize for any inconvenience this may have caused. To initiate the cancellation process, please follow these steps:

1. Sign in to your account: Visit our {{Online Company Portal Info}} and login using your credentials.
2. Access your order history: Once logged in, navigate to the ""{{Online Order Interaction}}"" or ""{{Online Order Interaction}}"" section.
3. Locate the purchase: Look for the order with the specific order number {{Order Number}}.
4. Cancel the purchase: Click on the ""{{Online Order Interaction}}"" option associated with the purchase.
5. Confirm the cancellation: Follow any further prompts or questions from the system to finalize the cancellation.

If you encounter any difficulties or have further questions, our dedicated team is available to assist you. You can reach us during {{Customer Support Hours}} at {{Customer Support Phone Number}} or through the Live Chat feature on our website {{Website URL}}. We appreciate your understanding and value your satisfaction."
cancel_order,"I cannot afford this order, cancel purchase {{Order Number}}","I'm sensitive to the fact that you're facing financial difficulties and need to cancel your purchase with the order number {{Order Number}}. We're here to assist you with that, and I appreciate your transparency in sharing your situation with us. Let's proceed with the cancellation process:

1. Access Your Account: Log in to our {{Online Company Portal Info}}.
2. Locate Your Order History: Once you're logged in, navigate to the '{{Online Order Interaction}}' or '{{Online Order Interaction}}' section.
3. Find the Relevant Purchase: Look for the purchase associated with the order number {{Order Number}} and click on it.
4. Initiate the Cancellation: Within the purchase details page, you should see an option labeled '{{Online Order Interaction}}'. Please select this option.
5. Confirm Cancellation: The system may prompt you for confirmation or ask a few questions for feedback. Please complete these steps.

If you encounter any difficulties or have further questions along the way, our team is ready to assist you. Reach out to us during {{Customer Support Hours}} at {{Customer Support Phone Number}} or via Live Chat on our {{Website URL}}. We value your satisfaction and understand that situations can change."
cancel_order,can you help me cancel order {{Order Number}}?,"Of course, I'm here to assist you in canceling your order with the number {{Order Number}}. Let's get this sorted out for you. 

Please follow these steps:

1. Sign in to your {{Online Company Portal Info}} using your credentials.
2. Go to your '{{Online Order Interaction}}' or '{{Online Order Interaction}}' section, where you can find a record of all your purchases.
3. Locate the order associated with the number {{Order Number}} and click on it to view the details.
4. Look for the option to '{{Online Order Interaction}}' and select it to initiate the cancellation process.
5. Follow any additional instructions or provide any necessary feedback as prompted by the system.

Should you encounter any difficulties or have further questions, our dedicated support team is available to assist you. You can reach us during {{Customer Support Hours}} at {{Customer Support Phone Number}}, or you can connect with us using the Live Chat feature on our website at {{Website URL}}. We are committed to providing you with a satisfactory resolution and ensuring your utmost satisfaction."
cancel_order,"I can no longer afford order {{Order Number}}, cancel it","I pick up what you're putting down that you're in a situation where you can no longer afford to proceed with order {{Order Number}}. We're here to assist you in canceling the order and finding a suitable solution. Kindly follow the steps below:

1. Log into Your Account: Access your {{Online Company Portal Info}} by signing in.
2. Locate Your Order: Navigate to the '{{Online Order Interaction}}' or '{{Online Order Interaction}}' section.
3. Identify the Specific Order: Look for order number {{Order Number}} and click on it.
4. Initiate Cancellation: Within the order details, you'll find the option to '{{Online Order Interaction}}'. Please select it to begin the process.
5. Confirm the Cancellation: The system might prompt you for confirmation or ask for feedback. Please provide the necessary information to proceed.

Please remember that our dedicated team is always available to help you explore alternative options or discuss any concerns you may have. Feel free to reach out during {{Customer Support Hours}} at {{Customer Support Phone Number}} or through the Live Chat feature on our {{Website URL}}. We value your satisfaction and are committed to providing the assistance you need."
cancel_order,I am trying to cancel purchase {{Order Number}},"I've understood that you're seeking assistance in canceling purchase {{Order Number}}. Our goal is to make this process as seamless as possible for you. Here's what you need to do:

1. Sign into Your Account: Access our platform by logging into your {{Online Company Portal Info}}.
2. Navigate to Your Orders: Once logged in, navigate to the '{{Online Order Interaction}}' or '{{Online Order Interaction}}' section.
3. Locate Your Purchase: Look for the purchase with the order number {{Order Number}} and click on it to view the details.
4. Initiate the Cancellation: Within the purchase details, you should find an option labeled '{{Online Order Interaction}}'. Please select this option to start the cancellation process.
5. Follow Any Additional Steps: Depending on the specific circumstances, there may be additional steps or information required to complete the cancellation. Please provide any necessary details as prompted.

If you encounter any difficulties or have further questions along the way, our dedicated support team is available to assist you. You can reach us during {{Customer Support Hours}} at {{Customer Support Phone Number}} or through the Live Chat feature on our website at {{Website URL}}. Rest assured, we are committed to your satisfaction and will do everything we can to help you with the cancellation process."
cancel_order,I have got to cancel purchase {{Order Number}},"I'm sensitive to the fact that you're seeking assistance with canceling your purchase of item {{Order Number}}. Rest assured, I'm here to guide you through the process. Here's what you need to do:

1. Sign in to Your Account: Access our platform by signing in to your {{Online Company Portal Info}}.
2. Go to Your Orders: Once you're signed in, navigate to the '{{Online Order Interaction}}' or '{{Online Order Interaction}}' section.
3. Locate Your Purchase: Find the purchase associated with order number {{Order Number}} and click on it for more details.
4. Initiate Cancellation: Within the purchase details, you'll find a '{{Online Order Interaction}}' option. Please select it to begin the cancellation process.
5. Provide Feedback (if required): In some cases, the system may request feedback or additional information. Kindly complete these steps as prompted.

If you encounter any difficulties during this process or have any further questions, our dedicated support team is available to assist you. You can reach out to us during {{Customer Support Hours}} at {{Customer Support Phone Number}} or use the Live Chat feature on our {{Website URL}}. We are committed to ensuring your satisfaction and resolving any concerns you may have."
cancel_order,i need help canceling purchase {{Order Number}},"I perceive that you're seeking assistance with canceling your purchase with order number {{Order Number}}. I'm here to guide you through the cancellation process and ensure a smooth experience. To proceed with the cancellation, please follow these steps:

1. Access Your Account: Log in to your {{Online Company Portal Info}} using your credentials.
2. Locate Your Orders: Once you're logged in, navigate to the '{{Online Order Interaction}}' or '{{Online Order Interaction}}' section.
3. Find the Specific Purchase: Look for the order with the number {{Order Number}} and click on it to view the details.
4. Initiate the Cancellation: On the order details page, you should find an option to '{{Online Order Interaction}}'. Please select it.
5. Confirm the Cancellation: The system may ask you to confirm the cancellation. Follow the prompts and provide any necessary feedback.

If you encounter any issues along the way or have further questions, our dedicated customer support team is available to assist you. You can reach out to us during {{Customer Support Hours}} at {{Customer Support Phone Number}} or through the Live Chat feature on our website at {{Website URL}}. We value your satisfaction and strive to provide the best support possible."
cancel_order,i dont know what to do to cancel order {{Order Number}},"I've taken note that you're unsure of the cancellation process for your order with the order number {{Order Number}}. Don't worry, I'm here to help you! To cancel your order, please follow these steps:

1. Sign into Your Account: Access our platform by signing in to your {{Online Company Portal Info}}. 
2. Find Your Order: Once logged in, navigate to your '{{Online Order Interaction}}' or '{{Online Order Interaction}}' tab to locate the order with the order number {{Order Number}}.
3. Initiate Cancellation: Click on the order and look for the option labeled '{{Online Order Interaction}}'. Select this option to initiate the cancellation process.
4. Confirm Cancellation: The system might prompt you to confirm the cancellation. If so, kindly provide the necessary information to proceed.
5. Review Cancellation Details: After confirming, you will receive a cancellation confirmation with the relevant details. Make sure to review it for your records.

If you encounter any difficulties or have further questions, please don't hesitate to contact our dedicated support team. You can reach them during {{Customer Support Hours}} at {{Customer Support Phone Number}} or through the Live Chat on our website at {{Website URL}}. We're committed to providing the best assistance to ensure your satisfaction."
cancel_order,I have a problem with cancelling purchase {{Order Number}},"I'm following you that you're facing difficulties with canceling your purchase of item {{Order Number}}. Rest assured, I'm here to assist you every step of the way. To resolve this issue, please follow the instructions below:

1. Access Your Account: Start by logging in to your {{Online Company Portal Info}} using your registered credentials.
2. Navigate to Order History: Once you're signed in, locate the section labeled '{{Online Order Interaction}}' or '{{Online Order Interaction}}'. Click on it to proceed.
3. Identify the Purchase: Within your order history, find and select the purchase associated with the order number {{Order Number}}.
4. Initiate Cancellation: Look for the option '{{Online Order Interaction}}' linked to the specific purchase you're trying to cancel. Please click on it.
5. Confirmation and Feedback: The system may prompt you to confirm the cancellation or provide feedback. Kindly complete any necessary steps as directed.

If you encounter any further issues or have additional questions, our dedicated team is available during {{Customer Support Hours}}. You can reach us at {{Customer Support Phone Number}} or engage with our Live Chat through our {{Website URL}}.

I apologize for any inconvenience caused by this situation, and I appreciate your patience throughout the resolution process."
cancel_order,problem with canceling purchase {{Order Number}},"I'm aware that you're facing difficulties canceling your purchase with the order number {{Order Number}}. I apologize for any inconvenience this may have caused you. Our team is committed to assisting you in resolving this issue. Here are a few steps you can take to help resolve the problem:

1. Double-check the Order Details: Make sure you have entered the correct order number. It's important to ensure accuracy when canceling purchases.
2. Try Different Channels: If you're encountering issues canceling the purchase online, you can reach out to our customer support team through various channels such as phone, email, or live chat. They will be able to guide you through the cancellation process.
3. Provide Additional Information: Sometimes, certain purchases require additional details for cancellation. Our customer support team can provide you with the necessary instructions and requested information to facilitate the cancellation process.
4. Be Patient: Cancelling a purchase can sometimes take a little longer due to system updates or verification processes. Rest assured, our team is working diligently to resolve the issue as quickly as possible.

If you need further assistance, please feel free to provide any additional information or contact our customer support team during {{Customer Support Hours}} at {{Customer Support Phone Number}}. We appreciate your patience and understanding as we work to resolve this matter."
cancel_order,can you help me canceling order {{Order Number}}?,"I comprehend the urgency and complexity involved in canceling your order with the number {{Order Number}}. Rest assured, I am here to guide you through the process and provide the support you need. 

To cancel your order, please follow these steps:

1. Log into your {{Online Company Portal Info}} using your credentials.
2. Locate the '{{Online Order Interaction}}' or '{{Online Order Interaction}}' section within your account.
3. Find the specific order with the number {{Order Number}} and click on it to view the details.
4. Look for the option labeled '{{Online Order Interaction}}' associated with your order, and select it.
5. Follow any additional prompts or instructions provided by the system to complete the cancellation process.

If you encounter any difficulties or have further questions along the way, please do not hesitate to reach out to our dedicated customer support team. You can contact us during {{Customer Support Hours}} at {{Customer Support Phone Number}} or through the Live Chat feature on our {{Website URL}}.

We understand the importance of resolving this matter for you and remain committed to your satisfaction."
cancel_order,help  me canceling purchase {{Order Number}},"I catch on to the fact that you're seeking assistance with canceling purchase {{Order Number}}. I apologize for any inconvenience this may have caused. Allow me to guide you through the cancellation process:

1. Access Your Account: Log in to your {{Online Company Portal Info}} using your credentials.
2. Locate Your Purchase: Navigate to the section labeled '{{Online Order Interaction}}' or '{{Online Order Interaction}}' within your account.
3. Find the Specific Purchase: Look for the purchase associated with the order number {{Order Number}} and click on it for more details.
4. Initiate the Cancellation: You should be able to find the option to '{{Online Order Interaction}}' or '{{Online Order Interaction}}'. Please select it.
5. Follow any Additional Instructions: The system may prompt you for further information or confirmations. Kindly provide any necessary details or complete the required steps.

Should you encounter any issues or have additional questions, our dedicated team is available during {{Customer Support Hours}}. Feel free to reach out to us at {{Customer Support Phone Number}} or utilize the Live Chat feature on our website at {{Website URL}}. We are committed to providing the support you need for a seamless cancellation experience."
cancel_order,can you help me cancel purchase {{Order Number}}?,"Certainly, I'm here to assist you with canceling your purchase with the purchase number {{Order Number}}. I understand that canceling an order can sometimes be confusing, but don't worry, I'll guide you through the process step by step.

To cancel your purchase {{Order Number}}, please follow these instructions:

1. Log into your {{Online Company Portal Info}} using your credentials.
2. Navigate to your '{{Online Order Interaction}}' or '{{Online Order Interaction}}' section. You should be able to find it easily on your account dashboard.
3. Look for the purchase with the purchase number {{Order Number}} in your order history.
4. Once you've located the purchase, you should see an option to '{{Cancel Purchase}}'. Click on that option.
5. The system may ask for confirmation or feedback. Please provide any necessary information to complete the cancellation process.

If you experience any difficulties or have further questions, please don't hesitate to reach out to our dedicated support team. You can contact them during {{Customer Support Hours}} at {{Customer Support Phone Number}} or utilize the Live Chat feature on our {{Website URL}}. We are here to ensure your satisfaction, and we appreciate your trust in our services."
cancel_order,what do I have to do to cancel purchase {{Order Number}}?,"I've picked up that you're looking for guidance on canceling your purchase with the order number {{Order Number}}. To initiate the cancellation process, please follow these steps:

1. Sign in to your {{Online Company Portal Info}} using your credentials.
2. Locate the ""{{Online Order Interaction}}"" or ""{{Online Order Interaction}}"" section within your account.
3. Identify the order associated with the purchase number {{Order Number}} and click on it to access the details.
4. Look for the option labeled ""{{Online Order Interaction}}"" and select it to begin the cancellation process.
5. Follow any further instructions or questions from the system to complete the cancellation.

If you encounter any difficulties or have additional questions, our dedicated support team is available during {{Customer Support Hours}}. You can reach us at {{Customer Support Phone Number}} or through the Live Chat feature on our {{Website URL}}. We're here to provide you with the assistance you need and ensure a seamless cancellation experience."
cancel_order,"I bought the same item twice, cancel order {{Order Number}}","I understand the frustration that arises when purchasing the same item twice, and I'm here to assist you in canceling order {{Order Number}}. To resolve this situation, follow these steps:

1. Sign into Your Account: Access our platform by signing in to your {{Online Company Portal Info}}.
2. Locate Your Orders: Once logged in, navigate to the '{{Online Order Interaction}}' or '{{Online Order Interaction}}' section.
3. Identify the Duplicate Purchase: Look for the order with the number {{Order Number}}. Please click on it for further details.
4. Initiate Cancellation: Within the order details, you will find the '{{Online Order Interaction}}' option. Select this to proceed with the cancellation.
5. Confirmation and Feedback: The system may prompt you for confirmation or feedback. Kindly provide the necessary information.

If you encounter any difficulties or have any additional questions, our dedicated support team is available during {{Customer Support Hours}} at {{Customer Support Phone Number}} or through the Live Chat feature on our {{Website URL}}. Our goal is to ensure your satisfaction, and we appreciate your understanding as we rectify this error."
cancel_order,need help with canceling order {{Order Number}},"I've understood that you require assistance with canceling your order associated with the purchase number {{Order Number}}. This is a valid concern, and I'm here to guide you through the process.

To cancel your order, please follow these steps:

1. Sign in to your {{Online Company Portal Info}} using your credentials.
2. Locate the '{{Online Order Interaction}}' or '{{Online Order Interaction}}' section within your account.
3. Find the specific order with the purchase number {{Order Number}}.
4. Look for the option labeled '{{Online Order Interaction}}' and select it to initiate the cancellation process.
5. Follow any additional prompts or requirements provided by the system to complete the cancellation.

If you encounter any difficulties or have further questions, our dedicated support team is available to help. You can reach us during {{Customer Support Hours}} at {{Customer Support Phone Number}} or through the Live Chat feature on our website at {{Website URL}}.

We value your satisfaction as our customer, and we're committed to ensuring a smooth cancellation process for you. Don't hesitate to reach out for any assistance you may need."
cancel_order,i want assistance canceling order {{Order Number}},"I've decoded that you're seeking assistance with canceling your order with the order number {{Order Number}}. Our team is here to help make this process as smooth as possible. Here's what you need to do:

1. Log in to your {{Online Company Portal Info}}: Go to our website and access your account by entering your login credentials.
2. Locate Your Orders: Once logged in, find the section labeled '{{Online Order Interaction}}' or '{{Online Order Interaction}}'. This is where you will find a list of all your past purchases.
3. Find the Relevant Purchase: Look for the order number {{Order Number}} among the listed orders and click on it for more details.
4. Initiate the Cancellation: Within the order details, you will find an option to '{{Online Order Interaction}}'. Please select this to begin the cancellation process.
5. Follow any Additional Steps: Depending on the system requirements, you may be asked to provide a reason for canceling or to confirm your decision. Please follow the instructions provided.

If you encounter any difficulties or have further questions, our dedicated support team is available to assist you. Feel free to reach out to them during {{Customer Support Hours}} at {{Customer Support Phone Number}} or through the Live Chat feature on our website at {{Website URL}}. Your satisfaction is our top priority, and we'll do our best to assist you with canceling order {{Order Number}}."
cancel_order,I'm trying to cancel order {{Order Number}},"We're here for you to us regarding your request to cancel order {{Order Number}}. I understand that canceling an order is an important matter, and I'm here to assist you.

To cancel order {{Order Number}}, please follow these steps:

1. Sign in to your account: Access our platform by logging in to your {{Online Company Portal Info}}.
2. Locate your order: Once you are logged in, navigate to the '{{Online Order Interaction}}' or '{{Online Order Interaction}}' section of your account.
3. Find the specific order: Look for order number {{Order Number}} and click on it to view the details.
4. Initiate cancellation: Within the order details page, you will find the option to '{{Online Order Interaction}}'. Please select this option to proceed with the cancellation process.
5. Provide feedback (optional): If prompted, you may have the opportunity to provide feedback on your decision to cancel the order. This feedback helps us improve our services.

If you encounter any difficulties or have further questions, please don't hesitate to reach out to our dedicated support team. You can contact us during {{Customer Support Hours}} at {{Customer Support Phone Number}} or utilize the Live Chat feature on our {{Website URL}}.

We appreciate your understanding and apologize for any inconvenience this may cause. Your satisfaction is our priority, and we are committed to assisting you throughout the cancellation process."
cancel_order,i have problems with canceling order {{Order Number}},"I've been informed that you're facing some difficulties with canceling order {{Order Number}}, and I sincerely apologize for the inconvenience caused. Please allow me to assist you. 

To resolve this issue, I recommend trying the following steps:

1. Double-check the Order Number: Ensure that you have entered the correct order number {{Order Number}} for cancellation.

2. Contact Customer Support: If you're still encountering problems, I highly recommend reaching out to our dedicated customer support team during {{Customer Support Hours}}. They are well-equipped to address any technical glitches or provide guidance on canceling your order.

3. Provide Details: When contacting our customer support team, kindly provide them with the specific details of your issue, such as the order number and any error messages you've encountered. This will help them quickly identify the problem and offer tailored solutions.

Rest assured that we are committed to resolving this matter promptly and ensuring your satisfaction. Thank you for your patience and understanding."
cancel_order,assistance with cancelling pucrhase {{Order Number}},"I hear you loud and clear your need for assistance with canceling your purchase. I apologize for any inconvenience this may cause you. To cancel purchase {{Order Number}}, please follow these steps:

1. Log in to your {{Online Company Portal Info}}.
2. Go to your '{{Online Order Interaction}}' or '{{Online Order Interaction}}' section.
3. Find the purchase with the order number {{Order Number}} and click on it.
4. Look for the option labeled '{{Online Order Interaction}}' and select it.
5. If prompted, provide any necessary information or feedback to complete the cancellation process.

If you encounter any difficulties or have further questions, our dedicated support team is available to assist you. You can reach out to us during {{Customer Support Hours}} at {{Customer Support Phone Number}}, or utilize the Live Chat feature on our {{Website URL}}. We value your satisfaction and are committed to providing you with the help you need."
cancel_order,need help with canceling purchase {{Order Number}},"I've been informed that you're seeking assistance with canceling purchase {{Order Number}}, and I'm here to guide you through the process. To cancel this purchase, follow these steps:

1. Log in to your {{Online Company Portal Info}} using your credentials.
2. Locate the section labeled ""{{Online Order Interaction}}"" or ""{{Online Order Interaction}}"" and click on it.
3. Look for the purchase with the order number {{Order Number}} and select it.
4. Within the order details, you should find an option labeled ""{{Online Order Interaction}}"". Click on it to initiate the cancellation process.
5. Follow any further instructions or provide any feedback if prompted by the system.

If you encounter any difficulties or have additional questions, our dedicated team is available during {{Customer Support Hours}} to offer assistance. You can reach us at {{Customer Support Phone Number}}, or use the Live Chat feature on our {{Website URL}}. We value your satisfaction and are here to help ensure a seamless experience."
cancel_order,help cnceling order {{Order Number}},"I can relate to the understanding that you need assistance with canceling order {{Order Number}}. I apologize for any inconvenience this may have caused you. To help you through the process, please follow these steps:

1. Access Your Account: Log in to your {{Online Company Portal Info}} using your credentials.
2. Visit Your Order History: Once logged in, navigate to the '{{Online Order Interaction}}' or '{{Online Order Interaction}}' section.
3. Locate the Order: Look for the order with the number {{Order Number}} and click on it to view the details.
4. Initiate the Cancellation: You should see an option labeled '{{Online Order Interaction}}' associated with the order. Please click on it to proceed.
5. Confirm the Cancellation: The system may ask you to confirm the cancellation. Follow the provided instructions to complete the process.

If you encounter any difficulties or have any further questions, don't hesitate to reach out to our dedicated customer support team. You can contact us during {{Customer Support Hours}} at {{Customer Support Phone Number}} or through the Live Chat feature on our website at {{Website URL}}. We are here to ensure your satisfaction and assist you every step of the way."
cancel_order,i want assistance cancelling order {{Order Number}},"I catch on to the fact that you're seeking assistance with canceling order {{Order Number}}, and I'm here to guide you through the process. Don't worry, I'll make sure to provide you with all the necessary information.

To cancel the order with the number {{Order Number}}, please follow these steps:

1. Sign in to your account: Access our platform by signing in to your {{Online Company Portal Info}}.
2. Locate your order: Once signed in, navigate to the '{{Online Order Interaction}}' or '{{Online Order Interaction}}' section.
3. Find the specific order: Look for the purchase associated with order number {{Order Number}} and click on it for more details.
4. Initiate cancellation: Within the order details, you should find a '{{Online Order Interaction}}' option. Please select this to start the cancellation process.
5. Follow any additional instructions: Depending on the system, you may be asked to provide feedback or answer some questions to complete the cancellation.

If you encounter any difficulties or have any questions along the way, our dedicated team is here to assist you. You can reach us during {{Customer Support Hours}} at {{Customer Support Phone Number}} or use the Live Chat feature on our {{Website URL}}. We appreciate your trust and are committed to ensuring your satisfaction."
cancel_order,need assistance cancelling order {{Order Number}},"Unquestionably! I'm here to provide you with the necessary assistance to cancel your order with the order number {{Order Number}}. We understand that sometimes plans change, and we're here to make the cancellation process as smooth as possible for you.

To cancel your order, please follow these steps:

1. Sign in to your account: Access our platform by logging into your {{Online Company Portal Info}}.
2. Locate your order details: Once you're signed in, navigate to the '{{Online Order Interaction}}' or '{{Online Order Interaction}}' section.
3. Find your specific order: Look for the order with the order number {{Order Number}} and click on it to view the details.
4. Initiate the cancellation: You will see an option labeled '{{Online Order Interaction}}' associated with your order. Please select it.
5. Confirm the cancellation: The system may prompt you to confirm the cancellation, and it may also ask for feedback for improvement.

If you encounter any difficulties or have further questions during the process, our dedicated team is here to help. You can reach out to us during {{Customer Support Hours}} at {{Customer Support Phone Number}} or use the Live Chat feature on our website at {{Website URL}}.

We appreciate your understanding and apologize for any inconvenience this may have caused. Your satisfaction is our top priority, and we're committed to assisting you every step of the way."
cancel_order,problem with cancelling order {{Order Number}},"I'm sensitive to the fact that you are experiencing difficulties with canceling your order number {{Order Number}}. I apologize for any inconvenience this may have caused you. Please allow me to assist you in resolving this issue.

To cancel your order, please follow these steps:

1. Sign in to your {{Online Company Portal Info}} using your credentials.
2. Navigate to the '{{Online Order Interaction}}' or '{{Online Order Interaction}}' section. You should be able to find a list of your recent orders there.
3. Look for the specific order with the number {{Order Number}}. Click on it to access the order details.
4. Within the order details page, you should see an option labeled '{{Online Order Interaction}}'. Please select this option to initiate the cancellation process.
5. Follow any additional instructions or prompts provided by the system to complete the cancellation.

If you encounter any further difficulties or have any questions, please don't hesitate to reach out to our dedicated customer support team. They are available during {{Customer Support Hours}} at {{Customer Support Phone Number}} or through the Live Chat feature on our website at {{Website URL}}. We are committed to ensuring your satisfaction and resolving this issue as quickly as possible."
cancel_order,assistnace cancelling order {{Order Number}},"I appreciate that you're seeking assistance with canceling order {{Order Number}}. Our team is here to help! To proceed with the cancellation, please follow these steps:

1. Log in to your {{Online Company Portal Info}} using your credentials.
2. Navigate to the '{{Online Order Interaction}}' or '{{Online Order Interaction}}' section.
3. Locate the order with the number {{Order Number}} and click on it.
4. Look for the '{{Online Order Interaction}}' option associated with your purchase and select it.
5. Follow any additional prompts or questions to complete the cancellation process.

If you encounter any difficulties or have further questions, please don't hesitate to reach out to our dedicated customer support team. You can contact them during {{Customer Support Hours}} at {{Customer Support Phone Number}} or use the Live Chat feature on our {{Website URL}}.

We appreciate your understanding and apologize for any inconvenience caused."
cancel_order,have a problem with canceling order {{Order Number}},"I'm cognizant of the fact that you're facing difficulties canceling your order with the order number {{Order Number}}. I apologize for any inconvenience this may be causing you. Rest assured, I'm here to assist you. To resolve this issue, please follow these steps:

1. Sign in to your {{Online Company Portal Info}} using your registered credentials.
2. Locate the '{{Online Order Interaction}}' or '{{Online Order Interaction}}' section in your account.
3. Find the specific order with the order number {{Order Number}} and click on it to access the details.
4. Look for the option that says '{{Online Order Interaction}}' and select it to initiate the cancellation process.
5. If prompted, provide any necessary information or feedback to complete the cancellation.

If you encounter any further issues or have additional questions, our dedicated customer support team is available during {{Customer Support Hours}}. You can reach us at {{Customer Support Phone Number}} or through the Live Chat feature on our {{Website URL}}. We value your satisfaction and will do everything we can to assist you with canceling your order successfully."
cancel_order,i need help with canceling purchase {{Order Number}},"I'm on the same wavelength, your situation and the need for assistance in canceling your purchase with the order number {{Order Number}}. Rest assured, I'm here to guide you through the process and ensure a seamless cancellation experience.

To cancel your purchase, please follow these steps:

1. Access Your Account: Log in to your {{Company}} account using your username and password.
2. Navigate to Order History: Once logged in, locate the section labeled ""Order History"" or ""My Orders.""
3. Find Your Purchase: Scroll through your order history until you find the purchase corresponding to the order number {{Order Number}}.
4. Initiate Cancellation: Look for the ""Cancel Order"" option associated with the specific purchase and click on it.
5. Confirm Cancellation: The system may prompt you for confirmation. Please review the cancellation details and confirm your decision.

If you encounter any difficulties or have any further questions, don't hesitate to contact our dedicated support team. You can reach us during {{Customer Support Hours}} at {{Customer Support Phone Number}} or via Live Chat on our website at {{Website URL}}. We are committed to resolving any issues and ensuring your satisfaction with our service."
cancel_order,want assistance to cancel order  {{Order Number}},"I've understood you're seeking assistance with canceling order {{Order Number}}. Your request is important to us, and I want to ensure that I provide you with the necessary support. Here are the steps to cancel your order:

1. Access Your Account: Log in to your {{Online Company Portal Info}} using your credentials.
2. Locate Your Orders: Once logged in, navigate to the '{{Online Order Interaction}}' or '{{Online Order Interaction}}' section.
3. Find the Specific Order: Look for the order associated with the number {{Order Number}} and click on it.
4. Initiate the Cancellation: Within the order details, you should find an option labeled '{{Online Order Interaction}}'. Please select it to start the cancellation process.
5. Follow any Additional Prompts: The system may ask for confirmation or additional information. Please provide the necessary details as prompted.

If you encounter any difficulties or have further questions, our dedicated support team is available during {{Customer Support Hours}} at {{Customer Support Phone Number}}. You can also reach out to us using the Live Chat on our {{Website URL}}. Remember, we are here to assist you every step of the way."
cancel_order,i do not know how i can cancel purchase {{Order Number}},"I've picked up that you're unsure about how to cancel purchase {{Order Number}}, and I'm here to provide you with the necessary guidance. Let's go through the steps together:

1. Access Your Account: Begin by signing in to your {{Online Company Portal Info}}.
2. Locate Your Orders: Once you're logged in, navigate to the '{{Online Order Interaction}}' or '{{Online Order Interaction}}' section.
3. Find the Relevant Purchase: Look for the purchase associated with the order number {{Order Number}} and click on it to view the details.
4. Initiate Cancellation: You should see an option labeled '{{Online Order Interaction}}' associated with the purchase. Please select it to start the cancellation process.
5. Follow Any Additional Steps: The system might ask you to provide feedback or answer some questions to complete the cancellation process. Kindly follow the instructions.

If you encounter any difficulties or have further questions, please don't hesitate to reach out to our dedicated support team. You can contact us during {{Customer Support Hours}} at {{Customer Support Phone Number}} or use the Live Chat feature on our {{Website URL}}. We are here to assist you at every step of the way and ensure your satisfaction."
cancel_order,need assistance to cancel order {{Order Number}},"I've got that you're seeking assistance in canceling order {{Order Number}}. Rest assured, I'm here to guide you through the process and ensure a smooth cancellation experience. To proceed with canceling your order, please follow these steps:

1. Sign in to Your Account: Begin by logging into your {{Online Company Portal Info}}.

2. Locate Your Order: Once logged in, navigate to your '{{Online Order Interaction}}' or '{{Online Order Interaction}}' section.

3. Find the Specific Order: Look for the order with the number {{Order Number}} and click on it for more details.

4. Initiate the Cancellation: Within the order details, you should find an option labeled '{{Online Order Interaction}}'. Please select this option to proceed with the cancellation.

5. Confirm the Cancellation: The system may ask you to confirm the cancellation and may also request feedback to improve our services. Please provide the necessary information as prompted.

If you encounter any difficulties or have further questions along the way, please don't hesitate to reach out to our dedicated support team. You can contact us during {{Customer Support Hours}} at {{Customer Support Phone Number}} or utilize the Live Chat feature available on our {{Website URL}}. Our goal is to ensure your satisfaction throughout this process."
cancel_order,I can no longer afford purchase {{Order Number}},"I grasp your situation and I'm here to assist you. It's unfortunate that you're unable to afford purchase {{Order Number}}. Let's work together to find a solution:

1. Contact Customer Support: Reach out to our dedicated customer support team during {{Customer Support Hours}} at {{Customer Support Phone Number}}. They will guide you on the options available to you.
2. Explore Alternative Solutions: Our team can help explore alternative options for you, such as rescheduling or adjusting your payment plan. Let them know about your current financial constraints so they can assist you accordingly.
3. Consider Cancellation: If no alternative options are suitable for you, canceling your purchase might be an option. However, it's important to note that canceling an order may be subject to our cancellation policy. Our customer support team will provide detailed information regarding any applicable fees or refunds.

Remember, we are here to support you during this challenging time. Please don't hesitate to get in touch with us."
cancel_order,i need assistance canceling purchase {{Order Number}},"I've realized you're seeking assistance with canceling your purchase with the order number {{Order Number}}. I apologize for any inconvenience this may have caused. Rest assured, I'm here to help you through the process. Here's what you can do:

1. Log into your account: Visit our {{Online Company Portal Info}} and sign in using your credentials.
2. Go to your order history: Once logged in, navigate to the '{{Online Order Interaction}}' or '{{Online Order Interaction}}' section. You should be able to find your purchase there.
3. Locate the relevant purchase: Look for the order with the number {{Order Number}} and click on it to access the details.
4. Initiate the cancellation: Within the purchase details page, you should see an option labeled '{{Online Order Interaction}}'. Please click on it to begin the cancellation process.
5. Complete any further steps: The system may ask for additional information or confirmation as part of the cancellation process. Please follow the prompts and provide the necessary details.

If you encounter any difficulties or have any questions along the way, don't hesitate to reach out to our dedicated support team. You can contact us during {{Customer Support Hours}} at {{Customer Support Phone Number}} or use the Live Chat feature on our website at {{Website URL}}. We're committed to ensuring your satisfaction and resolving any concerns you may have."
cancel_order,I would like to cancel purchase {{Order Number}},"I've been informed that you're looking to cancel the purchase with order number {{Order Number}}. We apologize for any inconvenience this may have caused. To assist you with the cancellation, please follow these steps:

1. Sign in to Your Account: Access our platform by signing in to your {{Online Company Portal Info}} using your login credentials.
2. Navigate to Your Orders: Once you're logged in, locate the section labeled '{{Online Order Interaction}}' or '{{Online Order Interaction}}'. Click on it to proceed.
3. Locate Your Purchase: Within the order history, locate the specific purchase with the order number {{Order Number}}.
4. Initiate Cancellation: Look for the 'Cancel Order' option associated with the purchase and select it.
5. Confirm Cancellation: The system may ask you to confirm the cancellation or provide feedback. Please follow the prompts to complete the process.

If you encounter any difficulties during the cancellation process or have any further questions, don't hesitate to reach out to our dedicated support team. They are available {{Customer Support Hours}} at {{Customer Support Phone Number}} or through the Live Chat on our website at {{Website URL}}. We value your satisfaction and are committed to assisting you every step of the way."
cancel_order,i do not want these article i try to cancel order {{Order Number}},"I grasp that you do not want these articles and that you've been trying to cancel order {{Order Number}}. I apologize for any inconvenience this has caused you. Let's work together to resolve this issue:

1. Review the Return Policy: I recommend checking our {{Company}}'s return policy to ensure you qualify for a cancellation or return. You can find this information on our website under the ""Returns and Refunds"" section.

2. Contact Customer Support: If you are eligible for cancellation or return, please contact our dedicated customer support team. They will guide you through the process, provide any necessary instructions, and assist you in canceling order {{Order Number}}.

3. Provide Order Details: When contacting customer support, make sure to provide them with the order number {{Order Number}}. This will help expedite the cancellation process and ensure accurate assistance.

4. Ask for Assistance: If you encounter any challenges during the cancellation process or have any further questions, don't hesitate to ask our customer support team for help. They are available {{Customer Support Hours}} at {{Customer Support Phone Number}} and can also be reached through the Live Chat feature on our website at {{Website URL}}.

We want to make sure you have a positive experience with our company, and we appreciate your patience as we work towards resolving this matter."
cancel_order,i need help to cancel purchase {{Order Number}},"Thank you for trusting to us for assistance with canceling your purchase with the order number {{Order Number}}. I understand the importance of canceling this purchase for you. To proceed with the cancellation, please follow these steps:

1. Sign in to your {{Online Company Portal Info}} using your credentials.
2. Navigate to the '{{Online Order Interaction}}' or '{{Online Order Interaction}}' section of your account.
3. Look for the purchase associated with the order number {{Order Number}} and click on it to view the details.
4. Within the purchase details, locate the option labeled '{{Online Order Interaction}}' and click on it.
5. Follow any additional prompts or steps to confirm the cancellation.

If you encounter any difficulties or have further questions, please don't hesitate to contact our dedicated support team during {{Customer Support Hours}} at {{Customer Support Phone Number}} or through the Live Chat feature on our {{Website URL}}. We are here to assist you every step of the way. Your satisfaction is our top priority."
cancel_order,problems with cancelling order {{Order Number}},"I've observed that you're facing difficulties with canceling order {{Order Number}}. I apologize for any inconvenience this may have caused you. Let's work together to find a solution to this problem. Here's what you can do:

1. Sign into your {{Online Company Portal Info}} using your credentials.
2. Navigate to the '{{Online Order Interaction}}' or '{{Online Order Interaction}}' section, where you can find a record of your past purchases.
3. Locate the purchase with the order number {{Order Number}}.
4. Look for the option to cancel the order. It may be labeled as '{{Online Order Interaction}}'.
5. Follow the necessary steps to complete the cancellation process.

If you encounter any issues or have further questions, please don't hesitate to reach out to us. Our dedicated team is available during {{Customer Support Hours}} at {{Customer Support Phone Number}} or through the Live Chat feature on our {{Website URL}}. We appreciate your patience and understanding, and we're here to provide the support you need."
cancel_order,I need help canceling purchase {{Order Number}},"I'm aware that you're seeking assistance with canceling your purchase with order number {{Order Number}}. I apologize for any inconvenience caused by this situation. Let's work together to resolve it quickly. Here's what you need to do:

1. Sign into Your Account: Log in to your {{Company Account}} using your credentials.
2. Locate Your Order: Navigate to the '{{Online Order Interaction}}' or '{{Online Order Interaction}}' section, where you can find a list of your recent purchases.
3. Find the Specific Purchase: Look for the purchase with the order number {{Order Number}}. Click on it to access the order details.
4. Initiate Cancellation: Within the order details page, you will see an option labeled '{{Online Order Interaction}}' or a similar expression. Please select this option.
5. Follow Any Additional Steps: The system might ask you to provide a reason for cancellation or confirm your decision. Please provide the necessary information or follow the prompts accordingly.

If you encounter any difficulties or have further questions, our dedicated customer support team is available to assist you. You can reach us during our {{Customer Support Hours}} at {{Customer Support Phone Number}} or use the Live Chat feature on our {{Website URL}}. We value your satisfaction and will make every effort to ensure a smooth cancellation process."
cancel_order,assistance canceling purchase {{Order Number}},"I've observed that you need assistance with canceling your purchase, specifically with the purchase number {{Order Number}}. Rest assured, I'm here to guide you through the process and ensure a smooth cancellation experience. Here's how you can cancel your purchase:

1. Sign in to your {{Online Company Portal Info}} using your credentials.
2. Navigate to the '{{Online Order Interaction}}' or '{{Online Order Interaction}}' section.
3. Locate the purchase with the purchase number {{Order Number}} and click on it for more details.
4. Look for the '{{Online Order Interaction}}' option associated with the purchase and select it.
5. Follow any additional steps or prompts provided by the system to complete the cancellation process.

If you encounter any difficulties or have further questions during this process, our dedicated team is available to assist you. Feel free to contact us during {{Customer Support Hours}} at {{Customer Support Phone Number}} or via the Live Chat feature on our {{Website URL}}. Your satisfaction is our top priority, and we'll do everything we can to help you with your cancellation.

Please remember that canceled purchases may be subject to our {{Cancellation Policy}}. We appreciate your understanding and cooperation in this matter."
cancel_order,could ya help me cancel order {{Order Number}},"I realized that you're seeking assistance with canceling your order with the order number {{Order Number}}. I apologize for any inconvenience caused and I'm here to guide you through the process.

To cancel your order, please follow these steps:

1. Log in to your account: Go to our {{Online Company Portal Info}} and sign in using your credentials.

2. Navigate to your order history: Once you're logged in, find the '{{Online Order Interaction}}' or '{{Online Order Interaction}}' section.

3. Locate the order in question: Look for the purchase with the order number {{Order Number}} and click on it to view the details.

4. Initiate the cancellation: You should see a '{{Online Order Interaction}}' option associated with your purchase. Please select this option.

5. Confirm the cancellation: The system may prompt you to confirm the cancellation or provide feedback. Kindly follow the on-screen instructions to complete the process.

If you encounter any difficulties or have any further questions, our dedicated support team is available to assist you. You can reach us during {{Customer Support Hours}} at {{Customer Support Phone Number}} or through the Live Chat feature on our website at {{Website URL}}.

Thank you for choosing our services, and we appreciate your understanding in this matter."
cancel_order,could you help me cancelling order {{Order Number}} ?,"I've come to understand that you need assistance canceling your order with the order number {{Order Number}}. I'm here to help streamline the process and ensure your satisfaction. Let's go through the steps together:

1. Access Your Account: Log in to your {{Online Company Portal Info}} using your credentials.
2. Locate Your Order: Navigate to the '{{Online Order Interaction}}' or '{{Online Order Interaction}}' section, where you can find a list of your previous purchases.
3. Find the Relevant Order: Look for the order with the number {{Order Number}} and click on it for more details.
4. Initiate the Cancellation: Within the order details, you should see an option labeled '{{Online Order Interaction}}'. Please select it to begin the cancellation process.
5. Follow Any Additional Steps: The system may prompt you to provide feedback or confirm your decision. Please provide the necessary information and confirm the cancellation.

If you encounter any obstacles or have any further questions, don't hesitate to reach out. Our dedicated team is available during {{Customer Support Hours}} at {{Customer Support Phone Number}} or through the Live Chat feature on our website at {{Website URL}}. Your satisfaction is our priority, and we'll do our best to assist you in canceling your order successfully."
cancel_order,cance order {{Order Number}},"I'm with you that you want to cancel your order with the order number {{Order Number}}. Rest assured, I'm here to assist you with that. To proceed with the cancellation, please follow these steps:

1. Sign in to your {{Online Company Portal Info}}.
2. Access your '{{Online Order Interaction}}' or '{{Online Order Interaction}}' section.
3. Locate the order with the order number {{Order Number}}.
4. Click on the order to view the details.
5. Look for the option labeled '{{Online Order Interaction}}' and select it.
6. Follow any additional instructions or prompts to complete the cancellation.

If you encounter any difficulties or have any questions along the way, don't hesitate to reach out to our dedicated support team. We are available during {{Customer Support Hours}} at {{Customer Support Phone Number}} or through the Live Chat feature on our {{Website URL}}. Your satisfaction is our priority, and we're committed to providing you with the assistance you need."
cancel_order,assistance cancelling purchase {{Order Number}},"I've got that you need assistance with canceling your purchase associated with the order number {{Order Number}}. We apologize for any inconvenience this may have caused. To proceed with the cancellation, please follow the steps below:

1. Sign in to your {{Online Company Portal Info}}.
2. Navigate to your '{{Online Order Interaction}}' or '{{Online Order Interaction}}' section.
3. Locate the purchase with the order number {{Order Number}} and click on it for more details.
4. Look for the '{{Online Order Interaction}}' option associated with the specific purchase and initiate the cancellation process.
5. Complete any additional steps or questions that may be required to finalize the cancellation.

If you encounter any issues during the cancellation process or have any further questions, our dedicated support team is available during {{Customer Support Hours}}. Feel free to reach out to us at {{Customer Support Phone Number}} or through our Live Chat feature on our {{Website URL}}. Your satisfaction is our priority, and we are here to assist you at every step of the way."
cancel_order,assistance with canceling purchase {{Order Number}},"I've grasped that you require assistance with canceling purchase {{Order Number}}. Our team is dedicated to guiding you through this process smoothly. To cancel your purchase, please follow these steps:

1. Log into your {{Online Company Portal Info}} using your credentials.
2. Navigate to the '{{Online Order Interaction}}' or '{{Online Order Interaction}}' section.
3. Locate the specific purchase associated with the purchase number {{Order Number}}.
4. Click on the purchase to access the order details.
5. Look for the option labeled '{{Online Order Interaction}}' and select it.
6. Follow any additional instructions or provide feedback if prompted.
7. If you encounter any difficulties or have further questions, do not hesitate to reach out to us during {{Customer Support Hours}} at {{Customer Support Phone Number}} or via the Live Chat feature on our {{Website URL}}. Our team will be more than happy to assist you throughout the cancellation process.

We deeply value your business and do our utmost to ensure your satisfaction."
cancel_order,canceling order {{Order Number}},"I appreciate that you're seeking assistance with canceling your order tied to the order number {{Order Number}}, and I'm here to guide you through the cancellation process. Please follow these steps:

1. Access Your Account: Log in to your {{Online Company Portal Info}} using your username and password.
2. Navigate to Your Orders: Once you're logged in, locate the '{{Online Order Interaction}}' or '{{Online Order Interaction}}' section.
3. Locate the Order: Look for the specific order associated with the order number {{Order Number}}.
4. Initiate the Cancellation: Within the order details, you should find an option to '{{Online Order Interaction}}'. Click on it to start the cancellation process.
5. Confirm the Cancellation: The system may ask for your confirmation or gather feedback. Please provide the necessary information accurately.

If you encounter any difficulties or have further questions, our dedicated customer support team is available during {{Customer Support Hours}}. You can reach us at {{Customer Support Phone Number}} or through the Live Chat feature on our {{Website URL}}. We value your satisfaction and are committed to assisting you through this process."
cancel_order,how to cancel order {{Order Number}},"I fathom that you're seeking guidance on canceling order {{Order Number}}. Let me assist you with the process to ensure a smooth experience:

1. Log in to Your Account: Begin by accessing our {{Online Company Portal Info}} using your credentials.
2. Navigate to Order History: Once logged in, locate the section labeled '{{Online Order Interaction}}' or '{{Online Order Interaction}}'.
3. Find the Relevant Order: Scan through the list and identify the purchase associated with the order number {{Order Number}}.
4. Initiate the Cancellation: Within the order details, you should find an option labeled '{{Online Order Interaction}}' or similar. Please select it.
5. Confirm the Cancellation: As part of the process, the system may ask you to confirm your decision. Follow the prompts and provide any required feedback.
6. Get Confirmation and Assistance: Upon successful cancellation, you should receive confirmation on the screen. If you encounter any difficulties or have further questions, our dedicated support team is available during {{Customer Support Hours}}. Feel free to contact us at {{Customer Support Phone Number}} or through the Live Chat on our website at {{Website URL}}.

We genuinely value your satisfaction and are here to support you every step of the way."
cancel_order,help me cancelling purchase {{Order Number}},"I understand the urgency and importance of canceling your purchase with the order number {{Order Number}}. Let me guide you through the process:

1. Log in to Your Account: Start by accessing our {{Online Company Portal Info}} and logging in with your credentials.
2. Navigate to Your Orders: Once you're in, find the section labeled ""{{Online Order Interaction}}"" or ""{{Online Order Interaction}}"".
3. Locate the Specific Purchase: Look for the purchase associated with the order number {{Order Number}} and click on it to view the details.
4. Initiate the Cancellation: Within the purchase details, you should see an option labeled ""{{Online Order Interaction}}"". Select that option to begin the cancellation process.
5. Follow Any Additional Steps: Our system may prompt you with some additional questions or requests for feedback. Please follow the instructions and complete the necessary steps.

If you encounter any difficulties or have further questions, our dedicated support team is available during {{Customer Support Hours}}. You can reach out to us via phone at {{Customer Support Phone Number}} or through our Live Chat feature on our {{Website URL}}. We are here to assist you every step of the way and ensure your satisfaction."
cancel_order,have a question about cancelling order {{Order Number}},"I've realized that you have a question regarding canceling your order associated with the order number {{Order Number}}. I'm here to assist you. Please go ahead and let me know what specific information or clarification you need about canceling this order. Feel free to ask anything, and I'll do my best to provide you with a prompt and accurate response to help address your query."
cancel_order,I can't afford purchase {{Order Number}},"I recognize that you're facing financial difficulties and are unable to afford purchase {{Order Number}}. I apologize for any inconvenience caused. Canceling the purchase might be an appropriate choice in this situation. Let me guide you through the process:

1. Sign in to your {{Online Company Portal Info}}: Access our platform by logging into your account.
2. Locate Your Order: Once signed in, navigate to the '{{Online Order Interaction}}' or '{{Online Order Interaction}}' section.
3. Find Purchase {{Order Number}}: Look for the purchase with the corresponding order number. Click on it to view the details.
4. Initiate Cancellation: Within the order details, you should find a '{{Online Order Interaction}}' option associated with purchase {{Order Number}}. Please select this option.
5. Confirm and Complete: The system might ask you to confirm the cancellation and provide additional feedback. Complete the necessary steps as instructed.

If you require any further assistance or have any additional questions, do not hesitate to reach out. Our dedicated team is available during {{Customer Support Hours}} at {{Customer Support Phone Number}} or through the Live Chat on our website at {{Website URL}}. We understand the importance of your financial situation and are here to support you."
cancel_order,"I ordered some item, cancel purchase {{Order Number}}","I've understood you're looking to cancel your purchase of item {{Order Number}}. I apologize for any inconvenience you may have experienced. To assist you with the cancellation process, please follow these steps:

1. Sign into Your Account: Log in to your {{Online Company Portal Info}} using your credentials.
2. Access Your Order History: Once you're logged in, navigate to the '{{Online Order Interaction}}' or '{{Online Order Interaction}}' section.
3. Locate Your Purchase: Look for the specific purchase of item {{Order Number}} within the order list.
4. Initiate Cancellation: You should see a '{{Online Order Interaction}}' option associated with your purchase. Please select this to start the cancellation process.
5. Follow any Additional Steps: Our system may prompt you with further instructions or requests. Kindly respond accordingly.

If you encounter any difficulties or have any questions along the way, please don't hesitate to reach out to our dedicated support team. They are available {{Customer Support Hours}} at {{Customer Support Phone Number}} or through the Live Chat on our website at {{Website URL}}. We appreciate your understanding and value your satisfaction."
cancel_order,i need help cancelling order {{Order Number}},"I've got that you require assistance with canceling your order associated with the order number {{Order Number}}. Rest assured, I'm here to guide you through the process and provide the necessary support. The cancellation procedure is quite simple, so let's get started:

1. Sign in to Your Account: Access our platform by logging in to your {{Online Company Portal Info}} using your registered email address and password.
2. Locate Your Orders: Once logged in, navigate to the '{{Online Order Interaction}}' or '{{Online Order Interaction}}' section. This is where you will find a list of your recent purchases.
3. Find the Specific Order: Scroll through the list and look for the purchase with the order number {{Order Number}}. Click on it to view more details.
4. Initiate Cancellation: Within the order details, you should see an option labeled '{{Online Order Interaction}}'. Please click on it to start the cancellation process.
5. Follow Additional Steps: The system may prompt you to provide some feedback or confirm your decision. Complete any required steps to finalize the cancellation.

If you encounter any difficulties or have further questions during the process, our dedicated support team is available to assist you. You can reach us during {{Customer Support Hours}} at {{Customer Support Phone Number}}, or you can utilize the Live Chat feature on our {{Website URL}}. We are committed to providing the best assistance and ensuring your satisfaction."
cancel_order,"I can't afford order {{Order Number}}, help me cancelling it","I acknowledge that you're currently facing financial difficulties and need assistance with canceling your order with the order number {{Order Number}}. We value your satisfaction and want to help you find a solution. Let's work together to resolve this issue promptly.

To cancel your order, please follow these steps:

1. Log in to your {{Online Company Portal Info}} using your credentials.
2. Navigate to the '{{Online Order Interaction}}' or '{{Online Order Interaction}}' section.
3. Locate the purchase with the order number {{Order Number}} and click on it.
4. Look for the '{{Online Order Interaction}}' option associated with your purchase and select it.
5. Confirm the cancellation when prompted by the system.

If you encounter any difficulties or have additional questions, our dedicated team is available to provide further assistance. Please reach out to us during {{Customer Support Hours}} at {{Customer Support Phone Number}} or through the Live Chat on our website at {{Website URL}}. We are committed to helping you and ensuring your satisfaction with our service."
cancel_order,I do not know how I can cancel purchase {{Order Number}},"I pick up what you're putting down, your confusion about canceling purchase {{Order Number}}. Allow me to guide you through the process:

1. Sign in to your account: Log in to our {{Online Company Portal Info}} using your credentials.
2. Locate your order: Once logged in, navigate to the '{{Online Order Interaction}}' or '{{Online Order Interaction}}' section.
3. Find the specific order: Look for the purchase with the order number {{Order Number}} and click on it.
4. Initiate cancellation: There should be an option labeled '{{Online Order Interaction}}' associated with your purchase. Select that option.
5. Follow any additional instructions: The system may prompt you to confirm the cancellation or provide feedback. Please follow the instructions.

If you encounter any difficulties along the way or have further questions, our dedicated team is available to assist you. You can reach us during {{Customer Support Hours}} at {{Customer Support Phone Number}} or via the Live Chat feature on our {{Website URL}}. We're here to ensure a seamless cancellation process for you."
cancel_order,I try to cancel purchase {{Order Number}},"I realized you've been attempting to cancel your purchase with the order number {{Order Number}}. Allow me to guide you through the process:

1. Sign In to Your Account: Access our platform by logging in to your {{Online Company Portal Info}}.
2. Go to Your Orders: Once you're signed in, navigate to either the '{{Online Order Interaction}}' or '{{Online Order Interaction}}' section.
3. Locate Your Purchase: Look for the purchase associated with the order number {{Order Number}} and click on it for more details.
4. Initiate the Cancellation: Within the purchase details, you should find an option labeled '{{Online Order Interaction}}'. Please select this to start the cancellation process.
5. Follow the Prompts: The system may prompt you with a series of questions to confirm the cancellation. Provide any required information and proceed as instructed.

If you encounter any difficulties along the way or have any further questions, our dedicated team is always available to assist you. Reach out to us during {{Customer Support Hours}} at {{Customer Support Phone Number}} or use the Live Chat feature on our {{Website URL}}. We appreciate your patience, and we're committed to ensuring your satisfaction."
cancel_order,"I cannot pay for the last purchase I have made, cancel it","I gather that you're unable to make the payment for your recent purchase and would like to cancel it. I apologize for any inconvenience this may have caused. To assist you in canceling the purchase and resolving this issue, please follow the steps below:

1. Log into your {{Online Company Portal Info}} using your credentials.
2. Locate the '{{Online Order Interaction}}' or '{{Online Order Interaction}}' section, and navigate to the specific purchase you would like to cancel.
3. Select the option labeled '{{Online Order Interaction}}' associated with your purchase.
4. Take note that there may be additional instructions or questions prompted by the system, and your cooperation in providing the necessary information is greatly appreciated.

If you encounter any difficulties or have further questions, our dedicated support team is available to assist you during {{Customer Support Hours}}. You can reach us via {{Customer Support Phone Number}} or through the Live Chat feature on our website at {{Website URL}}.

Rest assured that we are committed to resolving this issue and ensuring your satisfaction."
cancel_order,could you help me cancel purchase {{Order Number}}?,"I acknowledge that you need assistance with canceling purchase {{Order Number}}. I'm here to guide you through the process. 

To cancel your purchase, please follow these steps:

1. Sign in to your {{Online Company Portal Info}} using your account credentials.
2. Navigate to your '{{Online Order Interaction}}' or '{{Online Order Interaction}}' section.
3. Locate the purchase with the order number {{Order Number}} and click on it for more details.
4. Look for the option to '{{Online Order Interaction}}' associated with your purchase and select it.
5. Follow any additional instructions or prompts that may appear on the screen to complete the cancellation process.

If you encounter any difficulties or have further questions, our dedicated team is available during {{Customer Support Hours}} to assist you. You can contact us at {{Customer Support Phone Number}} or reach out through the Live Chat feature on our website at {{Website URL}}.

We appreciate your understanding and are committed to ensuring your satisfaction throughout this process."
cancel_order,I want to cancle purchase {{Order Number}},"I've been there that you want to cancel your purchase with the purchase number {{Order Number}}. We value your decision and would be happy to assist you with the cancellation process. To proceed with the cancellation, please follow these steps:

1. Access Your Account: Log in to your {{Online Company Portal Info}} using your credentials.
2. Navigate to Your Orders: Once logged in, go to the '{{Online Order Interaction}}' or '{{Online Order Interaction}}' section.
3. Locate the Purchase: Look for the purchase with the purchase number {{Order Number}} in the list.
4. Initiate Cancellation: Click on the '{{Cancel Purchase}}' option associated with the purchase.
5. Confirm Cancellation: Review the cancellation details and confirm your decision.

If you encounter any difficulties or have additional questions, our dedicated customer support team is available during {{Customer Support Hours}} at {{Customer Support Phone Number}} or through the Live Chat feature on our {{Website URL}}. Please reach out to us, and we'll be glad to assist you further. Your satisfaction is our priority, and we appreciate your trust in us."
cancel_order,help me to cancel my  last goddamn purchase,"I've picked up that you're feeling frustrated and would like assistance with canceling your most recent purchase. Here's what you can do to cancel it:

1. Sign into Your Account: Log in to your {{Online Company Portal Info}} using your credentials.
2. Access Your Order History: Once logged in, navigate to the '{{Online Order Interaction}}' or '{{Online Order Interaction}}' section.
3. Locate the Relevant Purchase: Look for your most recent purchase and click on it to view the details.
4. Initiate the Cancellation Process: You should find an option labeled '{{Online Order Interaction}}' associated with your purchase. Click on it to start the cancellation process.
5. Follow any Additional Steps: Depending on the platform, there may be some further instructions or questions to complete the cancellation. Follow these steps as prompted.

If you encounter any difficulties or have more questions, our dedicated support team is available during {{Customer Support Hours}}. You can reach us at {{Customer Support Phone Number}} or through the Live Chat on our website at {{Website URL}}. We value your satisfaction and will do our best to assist you."""
cancel_order,I have a problem witrh cancelling purchase {{Order Number}},"I've understood, you're experiencing difficulties with canceling purchase {{Order Number}}. I apologize for any inconvenience caused by this issue. To resolve the problem, I recommend the following steps:

1. Sign into Your Account: Access our platform by logging into your {{Online Company Portal Info}}.
2. Locate Your Order: Once logged in, navigate to your '{{Online Order Interaction}}' or '{{Online Order Interaction}}' section.
3. Find the Specific Purchase: Look for the purchase associated with the order number {{Order Number}}.
4. Initiate Cancellation: You should see a cancellation option labeled '{{Online Order Interaction}}' linked to your purchase. Please select this option.
5. Seek Assistance: If you encounter any further issues during the cancellation process or have additional questions, our dedicated support team is available {{Customer Support Hours}}. You can reach us by calling {{Customer Support Phone Number}} or by using the Live Chat feature on our website at {{Website URL}}.

Please don't hesitate to reach out to us for any further assistance or clarification you may need. Your satisfaction is our priority, and we are here to help you resolve this issue as quickly and smoothly as possible."
cancel_order,can  uhelp me canceling order {{Order Number}},"Indeed! I understand that you need assistance with canceling your order with the order number {{Order Number}}. Your satisfaction is important to us, and we're here to guide you through the process. To cancel your order, please follow these steps:

1. Sign in to Your Account: Access our platform by signing in to your {{Online Company Portal Info}}.
2. Navigate to Your Orders: Once signed in, locate the '{{Online Order Interaction}}' or '{{Online Order Interaction}}' section.
3. Locate the Relevant Order: Look for the order with the order number {{Order Number}} and click on it for more details.
4. Initiate the Cancellation Process: You will find an option labeled '{{Online Order Interaction}}'. Please select this to start the cancellation process.
5. Follow any Additional Steps: The system may prompt you for confirmation or feedback. Please complete these steps as necessary.

If you encounter any difficulties or have further questions, our dedicated team is available to assist you. You can reach out to us during {{Customer Support Hours}} at {{Customer Support Phone Number}} or by utilizing the Live Chat feature on our {{Website URL}}. Your satisfaction is our top priority, and we're committed to ensuring a seamless experience for you."
cancel_order,problems with canceling purchase {{Order Number}},"I appreciate that you're facing some difficulties with canceling your purchase of item {{Order Number}}. We apologize for any inconvenience this may have caused. 

To help you resolve the issue, I recommend reaching out to our dedicated customer support team. They have the expertise and resources to assist you in canceling your purchase. You can contact them during {{Customer Support Hours}} at {{Customer Support Phone Number}} or through the Live Chat feature on our website at {{Website URL}}. 

Rest assured, we're committed to resolving this problem for you as quickly and efficiently as possible. Your satisfaction is our top priority."
cancel_order,I need assistancde cancelling order {{Order Number}},"I've noticed that you require assistance with canceling your order with the order number {{Order Number}}. Our team is ready to help you with this process. To proceed with the cancellation, please follow these steps:

1. Log in to your {{Online Company Portal Info}} using your credentials.
2. Navigate to the '{{Online Order Interaction}}' or '{{Online Order Interaction}}' section, where you can find a list of your previous purchases.
3. Locate the specific purchase associated with the order number {{Order Number}} and click on it to access the details.
4. Look for the option labeled '{{Online Order Interaction}}' and select it.
5. The system may prompt you to confirm the cancellation or provide feedback. Please follow the instructions accordingly.

Should you encounter any difficulties or have further questions, our dedicated support team is available to assist you. You can reach us during {{Customer Support Hours}} at {{Customer Support Phone Number}} or by using our live chat feature on our {{Website URL}}. We are here to ensure your satisfaction and provide the help you need."
cancel_order,"I bought some item, cancel order {{Order Number}}","I've ascertained that you're seeking assistance in canceling your purchase with the order number {{Order Number}}. We apologize for any inconvenience caused and assure you that we're here to guide you through the cancellation process. Here's what you need to do:

1. Log into Your Account: Please access our platform by signing in to your {{Online Company Portal Info}} using your login credentials.
2. Visit Your Order History: After logging in, navigate to the '{{Online Order Interaction}}' or '{{Online Order Interaction}}' section.
3. Locate the Relevant Order: In the list of orders, find the purchase associated with the order number {{Order Number}} and click on it for further details.
4. Initiate Order Cancellation: Once you're viewing the order details, you'll notice a '{{Online Order Interaction}}' option. Please select this option to proceed with the cancellation.
5. Finalize the Cancellation: Our system may ask you for confirmation or additional information related to the cancellation process. Please provide the necessary details to complete the cancellation process successfully.

If you encounter any difficulties or have further questions, our dedicated support team is available to assist you. You can reach us during {{Customer Support Hours}} at {{Customer Support Phone Number}} or via the Live Chat feature on our {{Website URL}}. We appreciate your patience and apologize for any inconvenience caused."
cancel_order,need help with cancelling order {{Order Number}},"I grasp that you require assistance with canceling your order with the order number {{Order Number}}. I apologize for any inconvenience this may have caused you. Rest assured, I'm here to guide you through the cancellation process.

To cancel your order, please follow these steps:

1. Sign into Your Account: Access our {{Online Company Portal Info}} and log in using your credentials.
2. Find Your Order: Navigate to the '{{Online Order Interaction}}' or '{{Online Order Interaction}}' section to locate the order with the order number {{Order Number}}.
3. Initiate Cancellation: Within the order details, look for the option labeled '{{Online Order Interaction}}' and select it.
4. Confirm Cancellation: You may be prompted to confirm your cancellation. Please provide any necessary details if required.
5. Complete the Process: Follow any additional instructions provided to you by the system to complete the cancellation successfully.

If you encounter any difficulties or have further questions during the process, please don't hesitate to reach out to our dedicated support team. You can contact them at {{Customer Support Hours}} through {{Customer Support Phone Number}} or via the Live Chat feature on our website at {{Website URL}}.

We appreciate your understanding and cooperation as we assist you with canceling your order. Your satisfaction is our top priority, and we want to ensure a smooth and hassle-free experience for you."
cancel_order,"I can't pay for this item, can I cancel order {{Order Number}}?","I'm sorry to hear that you're having trouble paying for your order, and I can definitely assist you with canceling order {{Order Number}}. By canceling the order, you won't need to worry about the payment for this particular item. Let me guide you through the cancellation process so that we can resolve this issue for you swiftly and efficiently.

1. Sign into Your Account: Please log in to your {{Online Company Portal Info}} using your credentials.
2. Access Your Order History: Once logged in, navigate to the '{{Online Order Interaction}}' or '{{Online Order Interaction}}' section.
3. Find the Relevant Order: Look for the purchase associated with the order number {{Order Number}}. Click on it to view the order details.
4. Initiate Cancellation: Within the order details, you should see an option to '{{Online Order Interaction}}'. Please click on it to proceed with the cancellation.
5. Confirm the Cancellation: Follow the instructions presented on the screen to confirm the cancellation request.
6. Payment and Refund: Once the cancellation is successful, you will receive the necessary guidance on any pending payments or refunds.

Remember, you can reach out to our dedicated support team at any time during {{Customer Support Hours}} by calling {{Customer Support Phone Number}} or utilizing the Live Chat feature on our {{Website URL}}. We are committed to assisting you throughout this process and ensuring your satisfaction."
cancel_order,I need help cacneling order {{Order Number}},"I completely understand your need for help in canceling order {{Order Number}}. We're here to assist you every step of the way. To cancel your order, please follow these instructions:

1. Log into your {{Online Company Portal Info}} using your credentials.
2. Navigate to the '{{Online Order Interaction}}' or '{{Online Order Interaction}}' section.
3. Locate the order linked to the number {{Order Number}} and click on it to access the details.
4. Look for the '{{Online Order Interaction}}' option associated with this order and select it.
5. Follow any additional prompts or questions to finalize the cancellation process.

If you encounter any difficulties or have further questions, don't hesitate to reach out to our dedicated support team. You can contact us during {{Customer Support Hours}} at {{Customer Support Phone Number}} or chat live with us on our {{Website URL}}. We're committed to ensuring your satisfaction and resolving any concerns you may have."
cancel_order,where could I cancel purchase {{Order Number}}?,"I pick up what you're putting down, your need to cancel your purchase with the order number {{Order Number}}. To initiate the cancellation process, please follow these steps:

1. Log into your {{Online Company Portal Info}} using your credentials.
2. Navigate to the '{{Online Order Interaction}}' or '{{Online Order Interaction}}' section, which should be easily accessible from your account dashboard.
3. Look for the purchase associated with the order number {{Order Number}}. Click on the order details to proceed.
4. Within the order details, you will find an option labeled '{{Online Order Interaction}}'. Please select this option to initiate the cancellation process.
5. Depending on the specific order cancellation policy, you may be required to provide additional information or confirm the cancellation request. Please follow the prompts accordingly.
6. Once you have submitted the cancellation request, our support team will review and process it as quickly as possible.

If you encounter any difficulties during the cancellation process or have any further questions, our dedicated customer support team is available during {{Customer Support Hours}}. You can reach out to us via {{Customer Support Phone Number}} or use the Live Chat feature on our website at {{Website URL}}. Your satisfaction is our top priority, and we are here to assist you every step of the way."
cancel_order,i bought some damn item help to cancep order {{Order Number}},"I'm picking up what you're putting down, your frustration with the purchase of the item and your desire to cancel order {{Order Number}}. I apologize for any inconvenience caused. To assist you with canceling the order, please follow these steps:

1. Log in to your {{Online Company Portal Info}} using your credentials.
2. Navigate to your ""{{Online Order Interaction}}"" or ""{{Online Order Interaction}}"" section.
3. Locate the order associated with order number {{Order Number}}.
4. Click on the order to access the details.
5. Look for the option to ""{{Online Order Interaction}}"" and select it.
6. Follow any further prompts or instructions to complete the cancellation process.

If you encounter any difficulties or have additional questions, our dedicated support team is here for you. Reach out to us during {{Customer Support Hours}} at {{Customer Support Phone Number}} or engage with our Live Chat feature on our {{Website URL}}. We are committed to resolving your concerns and ensuring your satisfaction with our services."
cancel_order,want assistance to cancel order {{Order Number}},"I can relate to the understanding that you're seeking assistance in canceling your order with the number {{Order Number}}. Your satisfaction is our priority, and I'm here to guide you through the process.

To cancel your order, please follow these steps:

1. Log into your {{Online Company Portal Info}} using your credentials.
2. Navigate to the '{{Online Order Interaction}}' or '{{Online Order Interaction}}' section, where you can find a list of your previous purchases.
3. Locate the order with the number {{Order Number}} and click on it for more details.
4. Look for the option labeled '{{Online Order Interaction}}' associated with your purchase. Click on it to initiate the cancellation process.
5. Follow any additional prompts or provide feedback as requested by the system.

If at any point you encounter difficulties or have further questions, our dedicated team is available to assist you. You can reach us during {{Customer Support Hours}} at {{Customer Support Phone Number}} or through the Live Chat feature on our website at {{Website URL}}. We value your trust and are committed to ensuring your satisfaction.

Thank you for choosing {{Company Name}}."
cancel_order,"I have got to cancel purchase {{Order Number}}, help me","I've grasped that you need assistance with canceling your purchase with the order number {{Order Number}}. Don't worry, I'm here to help you through this process.

To cancel your purchase, please follow these steps:

1. Sign into Your Account: Log in to your {{Online Company Portal Info}} using your credentials.
2. Go to Order History: Once you're logged in, navigate to the '{{Online Order Interaction}}' or '{{Online Order Interaction}}' section.
3. Locate the Purchase: Look for the purchase associated with the order number {{Order Number}} and click on it to view the details.
4. Initiate Cancellation: Within the order details, you should find an option labeled '{{Online Order Interaction}}'. Please select this option to begin the cancellation process.
5. Confirmation and Feedback: The system may request confirmation or ask for feedback regarding your cancellation. Kindly provide the necessary information to proceed.

If you encounter any issues or have further questions, our dedicated support team is available to assist you. You can reach us during {{Customer Support Hours}} at {{Customer Support Phone Number}}, or you can use the Live Chat feature on our {{Website URL}}. Remember, we're committed to ensuring your satisfaction, and we're here to support you every step of the way."
cancel_order,whag do i need to do to cancel order {{Order Number}},"I understand your need for assistance in canceling order {{Order Number}}, and I'm here to guide you through the process. To cancel your order, please follow these steps:

1. Log into Your Account: Access our platform by signing in to your {{Online Company Portal Info}}.
2. Navigate to Your Orders: Once logged in, go to the '{{Online Order Interaction}}' or '{{Online Order Interaction}}' section.
3. Locate Your Order: Look for the order number {{Order Number}} and click on it to see the details.
4. Initiate Cancellation: You will find an option labeled '{{Online Order Interaction}}' associated with your purchase. Please select this.
5. Confirm the Cancellation: The system may prompt you to confirm the cancellation. Follow the instructions to complete the process.

If you encounter any difficulties or have further questions, our dedicated team is available during {{Customer Support Hours}} at {{Customer Support Phone Number}} or via Live Chat on our {{Website URL}}. We are committed to ensuring your satisfaction and will assist you every step of the way."
cancel_order,I want assistance canceling order {{Order Number}},"I've realized that you're seeking assistance with canceling order {{Order Number}}. Your satisfaction is our utmost priority, and I'm here to guide you through the process.

To cancel your order, please follow these steps:

1. Log in to your {{Online Company Portal Info}} using your credentials.
2. Navigate to the '{{Online Order Interaction}}' or '{{Online Order Interaction}}' section.
3. Look for the order with the number {{Order Number}}, and click on it to view the details.
4. Locate the option labeled '{{Online Order Interaction}}' associated with your purchase and select it.
5. The system may prompt you to provide a reason for cancellation or any additional information. Please complete the required fields accordingly.
6. Once you've provided all the necessary details, submit the cancellation request.

Should you encounter any difficulties during this process or have any further questions, our dedicated customer support team is available to assist you. You can reach them during {{Customer Support Hours}} at {{Customer Support Phone Number}} or through the Live Chat feature on our {{Website URL}}.

We appreciate your understanding and apologize for any inconvenience caused. Rest assured, we'll do our best to resolve this matter to your satisfaction."
cancel_order,I want assistance to cancel purchase {{Order Number}},"I've ascertained that you need assistance with canceling purchase {{Order Number}}. We are committed to helping you through this process. To cancel your purchase, please follow these steps:

1. Access Your Account: Log in to your {{Online Company Portal Info}} using your credentials.
2. Go to Order History: Once logged in, navigate to the '{{Online Order Interaction}}' or '{{Online Order Interaction}}' section.
3. Locate the Purchase: Look for the purchase associated with the order number {{Order Number}} and click on it.
4. Initiate the Cancellation: You will find an option labeled '{{Online Order Interaction}}'. Click on it to proceed with the cancellation.
5. Follow the Instructions: The system may prompt you for additional information or ask for feedback. Please follow the instructions to complete the cancellation process successfully.

If you have any difficulties or further questions, our dedicated support team is here to assist you. Contact them during {{Customer Support Hours}} by calling {{Customer Support Phone Number}}, or utilize the Live Chat feature on our {{Website URL}}. Your satisfaction is our priority, and we appreciate your trust in us."
cancel_order,cancelling order,"I've come to understand that you would like to cancel your order. We apologize for any inconvenience this may have caused. To proceed with the cancellation, please follow these steps:

1. login to your account on our {{Online Company Portal Info}}.
2. Locate your order in the '{{Online Order Interaction}}' or '{{Online Order Interaction}}' section.
3. Click on the specific order you wish to cancel.
4. Look for the '{{Online Order Interaction}}' option associated with the order.
5. Follow the prompts to confirm the cancellation.

If you encounter any difficulties or have further questions, our dedicated team is available to assist you. You can reach us during {{Customer Support Hours}} at {{Customer Support Phone Number}} or use the Live Chat feature on our {{Website URL}}. We value your satisfaction and are here to ensure a smooth cancellation process."
cancel_order,i want help cancelling purchase {{Order Number}},"I've realized you're seeking assistance with canceling purchase {{Order Number}}. I apologize for any inconvenience this may have caused. To help you with this, please follow these steps:

1. Access Your Account: Log in to your {{Online Company Portal Info}} using your credentials.
2. Locate Your Purchase History: Once logged in, navigate to the '{{Online Order Interaction}}' or '{{Online Order Interaction}}' section.
3. Identify the Purchase: Look for the purchase associated with the order number {{Order Number}} and click on it to view the details.
4. Initiate the Cancellation Process: Within the purchase details, you should find an option labeled '{{Online Order Interaction}}'. Please select that to begin the cancellation.
5. Follow Any Additional Steps: The system might prompt you for further information or verification. Please provide the necessary details or confirm the cancellation.

If you encounter any difficulties or have any questions, our dedicated support team is available during {{Customer Support Hours}} at {{Customer Support Phone Number}} or through the Live Chat feature on our {{Website URL}}. We're committed to assisting you and ensuring your satisfaction."
cancel_order,what do I have to do to cancel order {{Order Number}}?,"I perceive that you're looking for guidance on canceling order {{Order Number}}. To assist you with the cancellation process, please follow these steps:

1. Log In to Your Account: Begin by signing in to our {{Online Company Portal Info}} using your credentials.
2. Locate Your Order: Once you're in, navigate to the '{{Online Order Interaction}}' or '{{Online Order Interaction}}' section.
3. Find the Relevant Order: Look for the order number {{Order Number}} within this section.
4. Initiate the Cancellation: Click on the order to open the details and locate the '{{Online Order Interaction}}' option.
5. Complete the Cancellation Process: Follow the prompts and provide any required information to finalize the cancellation.

If you encounter any difficulties during this process or have any further questions, please don't hesitate to reach out to our dedicated team. We are available during {{Customer Support Hours}} at {{Customer Support Phone Number}}, or you can connect with us through the Live Chat feature on our {{Website URL}}. We value your satisfaction and are here to assist you every step of the way."
cancel_order,can you help me to cancel purchase {{Order Number}}?,"I certainly recognize that you need assistance with canceling your purchase with order number {{Order Number}}. I apologize for any inconvenience this may have caused. To help you with the cancellation process, please follow these steps:

1. Sign into Your Account: Access our platform by signing in to your {{Online Company Portal Info}}.
2. Navigate to Your Orders: Once you're logged in, go to the '{{Online Order Interaction}}' or '{{Online Order Interaction}}' section.
3. Find Your Order: Look for the purchase with the order number {{Order Number}} and click on it for more details.
4. Initiate Cancellation: Within the order details, you should find an option labeled '{{Online Order Interaction}}'. Please select this option to begin the cancellation process.
5. Complete Any Further Steps: The system may ask for confirmation or additional feedback. Please provide the necessary information to complete the cancellation request.

If you encounter any difficulties or have any questions along the way, our dedicated team is available to assist you. Feel free to reach out during {{Customer Support Hours}} at {{Customer Support Phone Number}} or through the Live Chat on our website at {{Website URL}}. We are committed to ensuring your satisfaction and appreciate your cooperation in this matter."
cancel_order,I need help cancelling order {{Order Number}},"I can relate to the understanding that you need assistance with canceling your order associated with the order number {{Order Number}}. Our team is here to help you with that. To proceed with the cancellation, please follow these steps:

1. Log in to your {{Online Company Portal Info}}.
2. Navigate to the '{{Online Order Interaction}}' or '{{Online Order Interaction}}' section.
3. Locate the order with the order number {{Order Number}}.
4. Look for the option labeled '{{Online Order Interaction}}' associated with the order.
5. Follow the prompts or provide any necessary information to complete the cancellation process.

If you encounter any issues or have further questions, please feel free to reach out to our dedicated customer support team during {{Customer Support Hours}} at {{Customer Support Phone Number}} or through the live chat on our website at {{Website URL}}. We are committed to ensuring your satisfaction and will assist you every step of the way."
cancel_order,i want help to cancel purchase {{Order Number}},"I completely understand that you need assistance with canceling your purchase with order number {{Order Number}}. Rest assured, I'm here to guide you through the process and ensure a smooth cancellation experience. To proceed with canceling your purchase, please follow these steps:

1. Access Your Account: Log in to your {{Online Company Portal Info}} using the credentials you used to make the purchase.
2. Locate Your Order: Once logged in, navigate to the '{{Online Order Interaction}}' or '{{Online Order Interaction}}' section. This is where you'll find a comprehensive list of your previous purchases.
3. Find the Specific Purchase: Scan the list of orders to locate the purchase with the order number {{Order Number}}. Click on it to view the details.
4. Initiate Cancellation: In the order details page, look for the option labeled '{{Online Order Interaction}}' or a similar option. Click on it to initiate the cancellation process.
5. Confirm Cancellation: The system may prompt you to confirm the cancellation or provide additional details. Please follow the instructions to complete the cancellation.

If you encounter any difficulties or have further questions, our dedicated customer support team is available during {{Customer Support Hours}} to assist you. You can reach us at {{Customer Support Phone Number}} or via the Live Chat feature on our {{Website URL}}. Your satisfaction is our top priority, and we're committed to helping you every step of the way."
cancel_order,how do i cancel order {{Order Number}},"Sure! I'm here to help you cancel order {{Order Number}}. To initiate the cancellation process, please follow these steps:

1. Open your {{Online Company Portal Info}} and sign in to your account.
2. Locate the ""{{Online Order Interaction}}"" or ""{{Online Order Interaction}}"" section on the platform.
3. Find the specific order with the order number {{Order Number}} and click on it.
4. Look for the option labeled ""{{Online Order Interaction}}"" associated with your purchase and select it.
5. You may be asked to provide a reason for canceling the order. Please provide the necessary information and proceed with the cancellation.

If you encounter any difficulties or have further questions during the cancellation process, please don't hesitate to reach out to our customer support team. They are available {{Customer Support Hours}} at {{Customer Support Phone Number}} or through the Live Chat feature on our website at {{Website URL}}.

We appreciate your understanding and cooperation in canceling this order."
cancel_order,"I bought some articles, help me to cancel order {{Order Number}}","I've noticed that you purchased some articles and now need assistance with canceling order {{Order Number}}. Your satisfaction is our top priority, and I'm here to guide you through the cancellation process. Here are the steps to cancel your order:

1. Sign in to Your Account: Visit our {{Online Company Portal Info}} and log in using your credentials.
2. Access Your Orders: Once you're logged in, navigate to the '{{Online Order Interaction}}' or '{{Online Order Interaction}}' section.
3. Locate the Specific Order: Look for order number {{Order Number}} and click on it to view the order details.
4. Initiate the Cancellation: You'll find an option labeled '{{Online Order Interaction}}' associated with your purchase. Please select it to begin the cancellation process.
5. Follow Any Additional Instructions: Depending on the specifics of your order, there may be some additional steps required for cancellation. Please provide any requested information accurately.

If you encounter any difficulties or have any questions along the way, our dedicated support team is available during {{Customer Support Hours}} at {{Customer Support Phone Number}}. You can also reach out through the Live Chat feature on our {{Website URL}}. We appreciate your understanding and cooperation throughout this process, and we will do everything we can to ensure your satisfaction."
cancel_order,where to cancel purchase {{Order Number}},"I've deduced from your message that you're looking for information on where to cancel purchase {{Order Number}}. You can easily cancel your purchase by following these steps:

1. Sign in to Your Account: Access our platform by signing in to your {{Online Company Portal Info}}.
2. Navigate to Your Orders: Once signed in, go to the '{{Online Order Interaction}}' or '{{Online Order Interaction}}' tab.
3. Locate Your Purchase: Search for the purchase with the order number {{Order Number}} and click on it.
4. Initiate Cancellation: Within the purchase details page, you should find an option labeled '{{Online Order Interaction}}'. Please select this option.
5. Confirm Cancellation: You may be prompted to confirm your cancellation decision. Follow the on-screen instructions to complete the cancellation process.

If you encounter any issues or require further assistance, our dedicated team is here to help. You can reach out to us during {{Customer Support Hours}} at {{Customer Support Phone Number}} or connect with us through the Live Chat feature on our {{Website URL}}. Your satisfaction is our priority, and we're committed to providing a seamless experience throughout the cancellation process."
cancel_order,I want help canceling order {{Order Number}},"I appreciate your request for assistance in canceling order {{Order Number}}. I'm here to guide you through the process and resolve any queries you may have.

To cancel your order, please follow these steps:

1. Log into your account: Access our platform by signing in to your {{Online Company Portal Info}}.
2. Go to your orders: Once you're logged in, navigate to the '{{Online Order Interaction}}' or '{{Online Order Interaction}}' section.
3. Locate your order: Look for the purchase linked to the order number {{Order Number}} and click on it for more details.
4. Initiate the cancellation: You should see an option labeled '{{Online Order Interaction}}' associated with your purchase. Please select this option to proceed.
5. Confirm the cancellation: Our system may ask for additional confirmation or feedback. Please provide the necessary information to complete the cancellation process.

If you encounter any difficulties or have further questions, don't hesitate to reach out to our dedicated support team. You can contact us during {{Customer Support Hours}} at {{Customer Support Phone Number}} or use our Live Chat feature on our {{Website URL}}.

We appreciate your patience and understanding. Our goal is to ensure your satisfaction throughout the cancellation process of order {{Order Number}}."
cancel_order,I want help cancellkng purchase {{Order Number}},"I appreciate that you're seeking assistance with canceling purchase {{Order Number}}, and I'm here to guide you through the process. To cancel your purchase, please follow these steps:

1. Sign in to your {{Online Company Portal Info}}.
2. Navigate to the '{{Online Order Interaction}}' or '{{Online Order Interaction}}' section.
3. Look for the purchase with the order number {{Order Number}}, and click on it.
4. You should see an option labeled '{{Online Order Interaction}}'. Please select that option.
5. Follow any further instructions or questions the system may present to you to complete the cancellation process.

If you encounter any difficulties or have any other questions, our dedicated team is available during {{Customer Support Hours}} at {{Customer Support Phone Number}} or through the Live Chat on our website at {{Website URL}}. We're here to assist you and ensure your satisfaction."
cancel_order,I need help with cancelling order {{Order Number}},"I can relate to the understanding that you're seeking assistance with canceling order {{Order Number}}. Our team is here to help you with that process. Here's how you can cancel your order:

1. Log into Your Account: Please sign in to your {{Online Company Portal Info}} using your credentials.
2. Go to Your Orders: Once you're signed in, navigate to the '{{Online Order Interaction}}' or '{{Online Order Interaction}}' section on the platform.
3. Locate Your Order: Look for the order number {{Order Number}} in your order history.
4. Initiate Cancellation: Within the details of your order, you should see an option labeled '{{Online Order Interaction}}'. Please click on it to cancel your order.
5. Confirm Your Cancellation: The system may ask you to confirm your cancellation or provide feedback. Please follow the prompts.

If you encounter any difficulties or have further questions, our dedicated team is available to assist you. You can reach us during {{Customer Support Hours}} at {{Customer Support Phone Number}} or use the Live Chat feature on our {{Website URL}}. We value your satisfaction and are committed to resolving any issues you may have."
cancel_order,I want assistance to cancel order {{Order Number}},"I've been there that you're seeking assistance in canceling your order with the order number {{Order Number}}. Cancelling an order can sometimes be a complex process, but I'm here to guide you through it step by step. Please follow the instructions below:

1. Log into your account: Start by signing in to your {{Online Company Portal Info}} using your credentials.
2. Access your orders: Once you're logged in, navigate to the ""{{Online Order Interaction}}"" or ""{{Online Order Interaction}}"" section.
3. Locate the specific order: Look for the order with the number {{Order Number}} and click on it to view its details.
4. Initiate the cancellation: Within the order details page, you should find an option labeled ""{{Online Order Interaction}}"" or something similar. Please click on it to initiate the cancellation process.
5. Follow any additional steps: Depending on the system requirements, you might need to answer some questions or provide feedback to complete the cancellation.

If you encounter any issues or have further questions during the process, our dedicated customer support team is available to assist you. Please reach out to them during {{Customer Support Hours}} at {{Customer Support Phone Number}} or use the live chat feature on our website at {{Website URL}}. We're committed to ensuring your satisfaction and will do everything we can to help you cancel your order successfully."
cancel_order,need assistance cancelling purchase {{Order Number}},"I fathom that you require assistance with canceling your purchase with the purchase number {{Order Number}}. Your satisfaction is of the utmost importance to us, and I'm here to guide you through the process.

To cancel your purchase, please follow the steps below:

1. Log in to your {{Online Company Portal Info}} using your credentials.
2. Navigate to the '{{Online Order Interaction}}' or '{{Online Order Interaction}}' section.
3. Locate the specific purchase with the order number {{Order Number}}.
4. Click on the purchase to view its details.
5. Look for the option that says '{{Online Order Interaction}}' and select it.
6. You may be asked to provide feedback or answer some questions regarding the cancellation. Please complete these steps as necessary.

If you encounter any difficulties or have additional questions, our dedicated customer support team is here to assist you. You can reach us during {{Customer Support Hours}} at {{Customer Support Phone Number}} or use the Live Chat feature on our {{Website URL}}.

Thank you for your patience and trust in our services."
cancel_order,where can I cancel order {{Order Number}}?,"I've taken note that you're looking for information on where to cancel order {{Order Number}}. You can easily initiate the cancellation process by following these steps:

1. Sign into Your Account: Access our platform by signing in to your {{Online Company Portal Info}}.
2. Navigate to Your Orders: Once you're signed in, go to the '{{Online Order Interaction}}' or '{{Online Order Interaction}}' section.
3. Locate the Relevant Order: Look for the purchase associated with the order number {{Order Number}}. Click on it to view the details.
4. Initiate Cancellation: Within the order details, you'll find the option labeled '{{Online Order Interaction}}'. Please select this to proceed.
5. Confirm Cancellation: The system may prompt you to confirm the cancellation or provide feedback. Please follow the instructions to complete the process.

If you encounter any difficulties or have further questions, our dedicated team is available to assist you. You can reach out to us during {{Customer Support Hours}} at {{Customer Support Phone Number}} or through the Live Chat feature on our {{Website URL}}. We are committed to ensuring your satisfaction and making this cancellation process as smooth as possible."
cancel_order,have problems with canceling order {{Order Number}},"I see what you mean your frustration and the challenges you are facing with canceling order {{Order Number}}. Rest assured, I'm here to assist you every step of the way. To help resolve this issue, I recommend following these steps:

1. Sign in to Your Account: Start by logging into your {{Online Company Portal Info}}.
2. Locate Your Order: Navigate to the '{{Online Order Interaction}}' or '{{Online Order Interaction}}' section, where you'll find a list of your past purchases.
3. Find Order {{Order Number}}: Scroll through the list to locate the order with the number {{Order Number}} and select it.
4. Initiate the Cancellation Process: Look for the '{{Online Order Interaction}}' option associated with your order and click on it to begin the cancellation process.
5. Follow Any Additional Steps: Depending on the specific requirements, the system may prompt you for additional information or confirmation.

Should you encounter any issues or have further questions, please don't hesitate to reach out to our dedicated customer support team. You can contact them during {{Customer Support Hours}} at {{Customer Support Phone Number}} or utilize the Live Chat feature on our {{Website URL}}. We deeply value your satisfaction and are committed to ensuring a swift resolution to this problem."
cancel_order,I can no longer pay for order {{Order Number}},"I'm picking up what you're putting down, your situation and apologize for any inconvenience caused. To assist you with your payment issue for order {{Order Number}}, I recommend reaching out to our customer support team. They have the expertise to guide you through the cancellation process and explore alternative solutions. You can contact our dedicated support team during {{Customer Support Hours}} at {{Customer Support Phone Number}} or through the Live Chat feature on our website at {{Website URL}}. Rest assured, we are committed to resolving this matter for you and ensuring your satisfaction."
cancel_order,"I would like to cancel purchase {{Order Number}}, I need help","I've picked up that you would like to cancel your purchase with the order number {{Order Number}} and that you need assistance. I'm here to help guide you through the cancellation process.

To cancel your purchase, please follow these steps:

1. Sign into your {{Online Company Portal Info}} using your credentials.
2. Navigate to the '{{Online Order Interaction}}' or '{{Online Order Interaction}}' section of your account.
3. Locate the purchase with the order number {{Order Number}}.
4. Look for the option labeled '{{Online Order Interaction}}' associated with your purchase and click on it.
5. You may be asked to provide some additional information or confirm the cancellation. Please follow the instructions on the screen.

If you encounter any issues or have any further questions, our dedicated customer support team is available to assist you. You can reach us during {{Customer Support Hours}} at {{Customer Support Phone Number}} or through our Live Chat feature on our {{Website URL}}.

We appreciate your understanding and we're here to ensure a seamless cancellation process for you."
cancel_order,i do not know how to cancel order {{Order Number}},"I'm with you that you're unsure about how to cancel your order with the order number {{Order Number}}. Rest assured, I'm here to guide you through the process step by step.

To cancel your order, please follow these instructions:

1. Log into your account: Access our platform by signing in to your {{Online Company Portal Info}}.
2. Navigate to your order history: Once logged in, go to the '{{Online Order Interaction}}' or '{{Online Order Interaction}}' section.
3. Locate the specific order: Look for the purchase associated with the order number {{Order Number}} and click on it.
4. Initiate the cancellation: Within the order details, you should find an option labeled '{{Online Order Interaction}}'. Please select this.
5. Complete any additional steps: The system may ask you to provide a reason for cancellation or provide feedback. Please provide the necessary information.

If you encounter any difficulties or have further questions during the process, our dedicated support team is available {{Customer Support Hours}} at {{Customer Support Phone Number}} or through the Live Chat on our website at {{Website URL}}. We are committed to assisting you and ensuring your satisfaction."
cancel_order,help with cancelling purchase {{Order Number}},"I've picked up that you need help with cancelling purchase {{Order Number}}. I apologize for the inconvenience this may have caused you. Let's work together to resolve this. 

To cancel your purchase, please follow these steps:

1. Sign in to your {{Online Company Portal Info}} using your credentials.
2. Navigate to the '{{Online Order Interaction}}' or '{{Online Order Interaction}}' section.
3. Locate the purchase with the order number {{Order Number}} and click on it to view the details.
4. Look for the option to '{{Online Order Interaction}}'. Click on it.
5. The system may prompt you to confirm the cancellation or ask for feedback. Please provide the required information.

If you encounter any issues or have further questions, our dedicated customer support team is available to assist you. You can reach us during {{Customer Support Hours}} at {{Customer Support Phone Number}} or through the Live Chat on our website at {{Website URL}}.

We appreciate your cooperation and value your satisfaction as our customer."
cancel_order,"I can no longer afford order {{Order Number}}, help me cancel it","I've been informed that you're facing financial constraints and are unable to proceed with your purchase order number {{Order Number}}. Rest assured, I'm here to help you cancel it swiftly and hassle-free.

To cancel your order, please follow these steps:

1. Sign in to Your Account: Access our platform by signing in to your {{Online Company Portal Info}}.
2. Locate Order History: Once logged in, navigate to the '{{Online Order Interaction}}' or '{{Online Order Interaction}}' section.
3. Find Your Order: Look for the purchase associated with the order number {{Order Number}} and click on it.
4. Initiate Cancellation: You will find an option labeled '{{Online Order Interaction}}'. Please select this.
5. Confirm Your Cancellation: The system might ask for your confirmation or feedback. Please provide the necessary information.

Should you encounter any issues or need further assistance during the cancellation process, our dedicated team is available to help. You can reach us during {{Customer Support Hours}} at {{Customer Support Phone Number}} or through the Live Chat feature on our {{Website URL}}.

We understand that circumstances change, and we value your satisfaction. Feel free to contact us if you have any more questions or concerns."
cancel_order,need assistance canceling order {{Order Number}},"I'm attuned to the idea that you need assistance with canceling order {{Order Number}}, and I'm here to guide you through the process. 

To cancel your order, please follow these steps:

1. Log in to your {{Online Company Portal Info}} using your username and password.
2. Navigate to the '{{Online Order Interaction}}' or '{{Online Order Interaction}}' section.
3. Locate the order with the number {{Order Number}} and click on it for more details.
4. Look for the option labeled '{{Online Order Interaction}}' associated with your purchase.
5. Click on the '{{Online Order Interaction}}' button to initiate the cancellation process.
6. You may be asked to provide a reason for the cancellation or provide feedback. Please provide the necessary information.

If you encounter any difficulties or have further questions, our dedicated support team is available to assist you. You can reach us during {{Customer Support Hours}} at {{Customer Support Phone Number}} or through the Live Chat feature on our {{Website URL}}. We appreciate your understanding and look forward to resolving this matter for you."
cancel_order,I have problems with cancelling purchase {{Order Number}},"I'm sorry to hear that you're having difficulties canceling your purchase with the order number {{Order Number}}. I understand how frustrating this can be, and I'm here to assist you in resolving this issue. 

To proceed with the cancellation process, please follow these steps:

1. Sign in to your account: Access our platform by logging in to your {{Online Company Portal Info}}.
2. Go to your order history: Once logged in, navigate to the '{{Online Order Interaction}}' or '{{Online Order Interaction}}' section.
3. Locate the specific purchase: Look for the purchase associated with the order number {{Order Number}} and click on it.
4. Initiate cancellation: You will find a '{{Online Order Interaction}}' option or a similar button. Click on it to start the cancellation process.
5. Follow any additional instructions: The system may prompt you for additional information or provide further instructions. Please follow them carefully to complete the cancellation process successfully.

If you encounter any further difficulties or have any questions, please don't hesitate to reach out to our dedicated support team. You can contact us during {{Customer Support Hours}} at {{Customer Support Phone Number}} or use the Live Chat feature on our {{Website URL}}. We are committed to resolving this issue for you and ensuring your satisfaction."
cancel_order,I want assistance canceling purchase {{Order Number}},"I can sense that you're seeking assistance with canceling purchase {{Order Number}}. We're here to help! To cancel your purchase, please follow these steps:

1. Log into Your Account: Visit our {{Online Company Portal Info}} and sign in using your credentials.
2. Locate Your Purchases: Once signed in, navigate to the '{{Online Order Interaction}}' or '{{Online Order Interaction}}' section.
3. Find the Relevant Purchase: Look for the purchase linked to the order number {{Order Number}} and click on it for details.
4. Initiate the Cancellation: Within the purchase details, you should find an option labeled '{{Online Order Interaction}}'. Please select it to begin the cancellation process.
5. Complete Any Required Steps: Depending on the cancellation process, you may need to provide additional information or follow specific instructions. Please follow the prompts to complete the cancellation successfully.

If you encounter any difficulties or have further questions, our dedicated support team can assist you. Reach out to us during {{Customer Support Hours}} at {{Customer Support Phone Number}} or use the Live Chat feature on our {{Website URL}}. We're committed to ensuring your satisfaction and resolving any concerns you may have."
cancel_order,would it be possible to cancel purchase {{Order Number}},"I've realized that you're inquiring about the possibility of canceling purchase {{Order Number}}. I'll gladly assist you with this matter. 

To proceed with the cancellation, please follow these steps:

1. log in to your {{Online Company Portal Info}}.
2. Navigate to the '{{Online Order Interaction}}' or '{{Online Order Interaction}}' section.
3. Locate the purchase with the order number {{Order Number}} and click on it.
4. Look for the '{{Online Order Interaction}}' option associated with your purchase and select it.
5. Complete any additional steps or confirmations that the system may require.

If you encounter any difficulties or have further questions during the process, our dedicated support team is available to help. You can reach us during {{Customer Support Hours}} at {{Customer Support Phone Number}} or through the Live Chat feature on our {{Website URL}}.

Your satisfaction is our priority, and we'll do our best to assist you with the cancellation of purchase {{Order Number}}."
cancel_order,could you help me canceling purchase {{Order Number}}?,"Certainly! I understand that you need assistance with canceling your purchase with the order number {{Order Number}}. Rest assured, I'm here to help you navigate through the cancellation process smoothly.

To cancel your purchase, please follow these steps:

1. Sign in to Your Account: Access our platform by logging into your {{Online Company Portal Info}}.
2. Go to Your Orders: Once you're signed in, locate the '{{Online Order Interaction}}' or '{{Online Order Interaction}}' section.
3. Find Your Purchase: Look for the purchase associated with the order number {{Order Number}} and click on it to view the details.
4. Initiate the Cancellation: Within the order details, you should see an option labeled '{{Online Order Interaction}}'. Please select this option to initiate the cancellation.
5. Confirm Cancellation: The system may ask you to confirm your cancellation. Please follow the prompts to complete the process.

If you encounter any difficulties or have any additional questions along the way, our dedicated support team is available to assist you. You can reach out to us during {{Customer Support Hours}} at {{Customer Support Phone Number}} or through the Live Chat feature on our website at {{Website URL}}.

We value your satisfaction and appreciate your trust in us. We'll do everything we can to ensure a smooth cancellation process for you."
cancel_order,I want help to cancel purchase {{Order Number}},"I've come to understand that you're seeking assistance with canceling your purchase tied to the order number {{Order Number}}. We apologize for any inconvenience this may have caused you. 

To quickly process your cancellation request, please follow these steps:

1. Log into your {{Online Company Portal Info}} using your credentials.
2. Navigate to the '{{Online Order Interaction}}' or '{{Online Order Interaction}}' section.
3. Look for the purchase associated with the order number {{Order Number}} and click on it.
4. You should see a '{{Online Order Interaction}}' option. Select it to initiate the cancellation process.
5. Depending on the system requirements, you may be prompted to provide additional details for cancellation. Please provide the necessary information as instructed.

Our dedicated team is available to assist and answer any questions you may have. If you require further support, please don't hesitate to reach out to us during {{Customer Support Hours}} at {{Customer Support Phone Number}} or via the Live Chat feature on our {{Website URL}}.

Your satisfaction is our top priority, and we appreciate your understanding while we work on processing your cancellation request."
cancel_order,can uhelp me cancelling purchase {{Order Number}},"I appreciate that you need assistance with canceling your purchase with the order number {{Order Number}}. I'd be happy to help you with that. To proceed with the cancellation, you can follow these steps:

1. Login to Your Account: Please sign in to your {{Online Company Portal Info}} using your credentials.
2. Access Your Orders: Once logged in, navigate to the '{{Online Order Interaction}}' or '{{Online Order Interaction}}' section.
3. Locate Your Purchase: Look for the specific purchase associated with the order number {{Order Number}} and click on it.
4. Initiate the Cancellation: Within the purchase details, there should be an option labeled '{{Online Order Interaction}}'. Please select that to proceed with the cancellation.
5. Complete the Process: You may be prompted with additional steps or a confirmation message. Kindly follow the instructions to complete the cancellation successfully.

If you encounter any issues or require further assistance during the process, our dedicated support team is available to help you. You can contact us during {{Customer Support Hours}} at {{Customer Support Phone Number}} or utilize the Live Chat feature on our {{Website URL}}. We appreciate your understanding and are committed to ensuring your satisfaction."
cancel_order,how could icancel purchase {{Order Number}},"I understand your frustration and the urgency to cancel purchase {{Order Number}}. To initiate the cancellation process, follow these simple steps:

1. Log in to your {{Online Company Portal Info}} using your credentials.
2. Navigate to the '{{Online Order Interaction}}' or '{{Online Order Interaction}}' section, where you can find a summary of your past purchases.
3. Locate the specific purchase with the order number {{Order Number}}.
4. Look for the option labeled '{{Online Order Interaction}}' associated with your purchase. Click on it to proceed.
5. Confirm the cancellation by providing any required information or feedback.

In case you encounter any difficulties at any step, our dedicated support team is available during {{Customer Support Hours}} to assist you. You can reach out to us at {{Customer Support Phone Number}}, or you can chat with us live on our website at {{Website URL}}.

We appreciate your understanding, and we're here to ensure a seamless cancellation process for you."
cancel_order,i need assistance canceling order {{Order Number}},"I'm clearly cognizant your need for assistance in canceling your order with the order number {{Order Number}}. We are here to help you navigate through the cancellation process smoothly.

To cancel your order, follow these steps:

1. Log in to your {{Online Company Portal Info}} using your credentials.
2. Go to the ""{{Online Order Interaction}}"" or ""{{Online Order Interaction}}"" section, where you can find your order details.
3. Locate the specific order with the order number {{Order Number}} and click on it to access more information.
4. Look for the ""{{Online Order Interaction}}"" option associated with your purchase and select it.
5. If prompted, provide any necessary feedback or confirm the cancellation request.

If you encounter any difficulties or have further questions, our dedicated support team is available to assist you. You can reach us during {{Customer Support Hours}} at {{Customer Support Phone Number}} or through the Live Chat feature on our website at {{Website URL}}.

Rest assured, we will handle your cancellation request promptly and ensure your complete satisfaction."
cancel_order,i do not knwo how to cancel order {{Order Number}},"I've realized that you're unsure about how to cancel order {{Order Number}}, and I'm here to guide you through the process. Rest assured, I'll provide you with clear instructions to make it as simple as possible. Here's what you need to do:

1. Access Your Account: Start by logging into your {{Online Company Portal Info}} using your credentials.
2. Locate Your Order: Once you're logged in, find the '{{Online Order Interaction}}' or '{{Online Order Interaction}}' section on your account page.
3. Identify the Order: Look for the specific order with the number {{Order Number}} and click on it for more details.
4. Initiate the Cancellation: Within the order details, you'll find an option labeled '{{Online Order Interaction}}'. Please select that to begin the cancellation process.
5. Confirm the Cancellation: The system may ask you to confirm the cancellation or provide feedback. Follow the prompts to proceed.

If you encounter any difficulties or have further questions, feel free to reach out to our dedicated support team during {{Customer Support Hours}} at {{Customer Support Phone Number}}. You can also connect with us via the Live Chat feature on our {{Website URL}}. We're committed to resolving any concerns you have and ensuring your satisfaction."
cancel_order,"I have ordered some article, cancel purchase {{Order Number}}","I can relate to the understanding that you have ordered an article and now need assistance with canceling the purchase with the order number {{Order Number}}. I apologize for any inconvenience caused, and I'm here to help you with the cancellation process. To proceed with canceling your purchase, please follow these steps:

1. Log into your account: Access our platform by signing in to your {{Online Company Portal Info}}.
2. Navigate to your order history: Once logged in, go to the '{{Online Order Interaction}}' or '{{Online Order Interaction}}' section.
3. Locate the relevant purchase: Look for the purchase associated with the order number {{Order Number}} and click on it to view the details.
4. Initiate the cancellation: Within the order details, you should find an option labeled '{{Online Order Interaction}}' or similar. Select that option to start the cancellation process.
5. Complete any additional steps: Our system may ask you a few questions for confirmation or feedback. Please follow the prompts and provide the necessary information.

If you encounter any difficulties or have further questions, our dedicated customer support team is available during {{Customer Support Hours}}. You can reach us at {{Customer Support Phone Number}} or use the Live Chat feature on our {{Website URL}}. We deeply value your satisfaction and are committed to assisting you throughout the cancellation process."
cancel_order,need to cancel purchase {{Order Number}},"I fathom that you need assistance with canceling your purchase of item {{Order Number}}. Rest assured, I'm here to help you through this process. Here's what you can do:

1. Log In to Your Account: Begin by signing in to your {{Online Company Portal Info}} using your credentials.
2. Access Your Order History: Once logged in, navigate to the '{{Online Order Interaction}}' or '{{Online Order Interaction}}' section of your account.
3. Locate the Purchase: Look for the purchase associated with the item number {{Order Number}}. Click on it to view the order details.
4. Initiate the Cancellation: Within the order details, you should find an option labeled '{{Online Order Interaction}}'. Select this option to proceed with the cancellation.
5. Confirm the Cancellation: The system may ask for your confirmation to cancel the purchase. Please follow the instructions provided.

If you encounter any difficulties or have further questions, our dedicated team is available to assist you. You can reach us during {{Customer Support Hours}} at {{Customer Support Phone Number}}, or you can engage with us through the Live Chat feature on our website at {{Website URL}}. Your satisfaction is our top priority, and we'll make sure to provide the support you need."
cancel_order,have problems with canceling purchase {{Order Number}},"I fathom that you are encountering difficulties with canceling your purchase with the order number {{Order Number}}. I apologize for any inconvenience this may have caused you. Allow me to assist you further in resolving this issue.

To address this problem, please follow these steps:

1. Log into your account: Access our platform by signing in to your {{Online Company Portal Info}}.
2. Navigate to your order history: Once you're logged in, locate the '{{Online Order Interaction}}' or '{{Online Order Interaction}}' tab.
3. Find the specific purchase: Look for the purchase with the order number {{Order Number}} and click on it to view the details.
4. Initiate the cancellation: Within the purchase details, you should find the option to '{{Online Order Interaction}}'. Click on it to start the cancellation process.
5. Troubleshooting and support: If you encounter any issues or error messages during the cancellation process, please reach out to our dedicated support team. They are available during {{Customer Support Hours}} at {{Customer Support Phone Number}} or through the Live Chat feature on our {{Website URL}}.

I apologize again for the inconvenience, and I appreciate your patience. We are committed to resolving this issue and ensuring your satisfaction."
cancel_order,i no longer want purchase  {{Order Number}},"I realized you no longer want to proceed with your purchase associated with the order number {{Order Number}}. I apologize for any inconvenience caused. To cancel your purchase, please follow these steps:

1. Sign into your {{Online Company Portal Info}}.
2. Navigate to the '{{Online Order Interaction}}' or '{{Online Order Interaction}}' section.
3. Locate the purchase with the order number {{Order Number}}.
4. Select the '{{Online Order Interaction}}' option associated with the purchase.
5. Follow any additional steps or prompts to confirm the cancellation.

If you encounter any difficulties or have further questions, our dedicated support team is available to assist you. You can reach us during {{Customer Support Hours}} at {{Customer Support Phone Number}} or via the Live Chat feature on our {{Website URL}}. Your satisfaction is our priority, and we are committed to providing you with the support you need."
cancel_order,want help to cancel purchase {{Order Number}},"I've got that you're seeking assistance with canceling purchase {{Order Number}}, and I'm here to guide you through the process. Rest assured, I'll do my best to make this experience as seamless as possible for you.

To cancel your purchase, please follow these steps:

1. Sign in to your account: Visit our {{Online Company Portal Info}} and log in using your credentials.
2. Access your order history: Once logged in, navigate to the '{{Online Order Interaction}}' or '{{Online Order Interaction}}' section.
3. Locate the purchase: Look for the purchase associated with the order number {{Order Number}} and click on it for more details.
4. Initiate the cancellation: You should see an option labeled '{{Online Order Interaction}}' or similar. Please select this option.
5. Complete any additional steps: The system may prompt you with questions or require additional information to process the cancellation. Please provide the necessary details.

If you encounter any difficulties during the cancellation process or have any further questions, our dedicated support team is available to assist you. You can reach us during {{Customer Support Hours}} at {{Customer Support Phone Number}} or use the Live Chat feature on our website at {{Website URL}}. Your satisfaction is our priority, and we appreciate your patience and understanding throughout this process."
cancel_order,question about canceling order {{Order Number}},I've understood you have a question about canceling order {{Order Number}}. How can I assist you?
cancel_order,is it possible to cancel purchase {{Order Number}} ?,"I understand your uncertainty about canceling purchase {{Order Number}}. Let me assure you that we are here to help you with that. Please follow these steps:

1. Sign in to Your Account: Access our platform by signing in to your {{Online Company Portal Info}}.
2. Locate Your Orders: Once you're signed in, navigate to the '{{Online Order Interaction}}' or '{{Online Order Interaction}}' section.
3. Find Your Purchase: Look for the purchase associated with the order number {{Order Number}} and click on it.
4. Initiate Cancellation: Within the order details, you should see an option labeled '{{Online Order Interaction}}' or something similar. Click on it to start the cancellation process.
5. Complete any Further Steps: The system may require additional information or ask some questions to confirm the cancellation. Please follow the prompts and provide the necessary details.

If you face any challenges or have more questions throughout the process, don't hesitate to reach out to our dedicated support team. They are available {{Customer Support Hours}} at {{Customer Support Phone Number}} or through the Live Chat on our website at {{Website URL}}. Your satisfaction is our top priority, and we are here to facilitate a smooth cancellation experience for you."
cancel_order,I need assistance to cancel purchase {{Order Number}},"I can sense that you require assistance with canceling your purchase associated with the order number {{Order Number}}. Cancelling an order can sometimes be a daunting task, but I'm here to make it as simple as possible for you.

To cancel your purchase, follow these steps:

1. Log into your {{Online Company Portal Info}} using your credentials.
2. Navigate to the ""{{Online Order Interaction}}"" or ""{{Online Order Interaction}}"" section. You should find a list of your recent purchases.
3. Look for the purchase with the order number {{Order Number}}. Click on it to view the order details.
4. Within the order details, you should see an option labeled ""{{Online Order Interaction}}"". Click on it to initiate the cancellation process.
5. If prompted, provide any necessary information or feedback regarding the cancellation.
6. Once the cancellation is confirmed, you will receive a notification or confirmation email.

If you encounter any difficulties or have further questions, please do not hesitate to reach out to our dedicated support team. They are available during {{Customer Support Hours}} at {{Customer Support Phone Number}}, or you can connect with them through the Live Chat feature on our website at {{Website URL}}.

Remember, your satisfaction is our top priority, and we're here to assist you every step of the way."
cancel_order,I need assistance cancelling purchase {{Order Number}},"I'm on your side that you require guidance in canceling your purchase with the order number {{Order Number}}. Rest assured, I'm here to help you through the process. Here are the steps you can follow:

1. Access Your Account: Begin by signing in to your {{Online Company Portal Info}}.
2. Locate Your Orders: Once logged in, navigate to the '{{Online Order Interaction}}' or '{{Online Order Interaction}}' section.
3. Identify the Relevant Purchase: Look for the purchase associated with the order number {{Order Number}} and click on it.
4. Initiate the Cancellation: You will find an option labeled '{{Online Order Interaction}}' linked to your purchase. Kindly select this option.
5. Confirm Cancellation: The system may ask for confirmation or additional information to complete the cancellation process. Please provide any necessary details.

If you encounter any difficulties or have further questions, please don't hesitate to reach out to our dedicated support team. Our team is available during {{Customer Support Hours}} at {{Customer Support Phone Number}}, or you can connect with us through the Live Chat feature on our website at {{Website URL}}. We are committed to ensuring your satisfaction and providing the assistance you need."
cancel_order,help with canceling purchase {{Order Number}},"I catch on to the fact that you need assistance with canceling your purchase with the order number {{Order Number}}. Rest assured, I'm here to guide you through the process. Here's what you need to do:

1. Sign in to Your Account: Access our platform by logging in to your {{Online Company Portal Info}}.
2. Go to Your Orders: Once you're logged in, navigate to the '{{Online Order Interaction}}' or '{{Online Order Interaction}}' section.
3. Locate Your Purchase: Look for the order with the purchase number {{Order Number}} and click on it to view the details.
4. Initiate the Cancellation: You will find an option labeled '{{Online Order Interaction}}' associated with the purchase. Please select it.
5. Confirm the Cancellation: The system may ask you to confirm your cancellation decision. Follow the prompts to do so.

If you encounter any difficulties or have further questions, our dedicated team is available to assist you. Reach out to us during {{Customer Support Hours}} at {{Customer Support Phone Number}} or use the Live Chat feature on our {{Website URL}}. Your satisfaction is our utmost priority, and we're committed to ensuring a seamless experience for you."
cancel_order,I need help with canceling purchase {{Order Number}},"I can relate to the understanding that you require assistance with canceling purchase {{Order Number}}. We apologize for any inconvenience caused. To ensure a seamless cancellation process, please follow these steps:

1. Sign in to your {{Online Company Portal Info}} using your credentials.
2. Navigate to the '{{Online Order Interaction}}' or '{{Online Order Interaction}}' section, where you can find all your past purchases.
3. Look for the purchase with the order number {{Order Number}}.
4. Click on the purchase to access the details page.
5. Locate the '{{Online Order Interaction}}' option associated with that specific purchase and select it.
6. You may be asked to confirm your cancellation and provide any necessary feedback.
7. Once the cancellation is successfully processed, you will receive a confirmation notification.

If you encounter any difficulties or have further questions, please don't hesitate to reach out to our dedicated support team. They are available during {{Customer Support Hours}} by phone at {{Customer Support Phone Number}} or via our Live Chat feature on our website at {{Website URL}}. We appreciate your understanding and value your satisfaction."
cancel_order,iwant assistance canceling order {{Order Number}},"I understood, you're seeking assistance in canceling order {{Order Number}}. Rest assured, I'm here to guide you through the process. Here's what you need to do:

1. Access Your Account: Log in to your {{Online Company Portal Info}} using your credentials.
2. Locate Your Order: Once logged in, navigate to the '{{Online Order Interaction}}' or '{{Online Order Interaction}}' section.
3. Find the Specific Order: Look for the order associated with the number {{Order Number}} and select it.
4. Initiate the Cancellation: Within the order details, you'll find an option labeled '{{Online Order Interaction}}'. Please click on it.
5. Follow Any Additional Steps: The system may require additional information or confirmation to proceed with the cancellation. Please provide the necessary details as requested.

Should you encounter any difficulties or have further questions, our dedicated support team is available to assist you. You can reach us during {{Customer Support Hours}} at {{Customer Support Phone Number}} or via the Live Chat feature on our website at {{Website URL}}. Your satisfaction is our priority, and we will ensure a smooth cancellation process for you."
cancel_order,have problems with canceling order  {{Order Number}},"I appreciate that you're experiencing difficulties with canceling your order associated with the purchase number {{Order Number}}. Rest assured, I'm here to assist you in resolving this matter.

To address the cancellation issue, please follow these steps:

1. Sign In to Your Account: Visit our {{Online Company Portal Info}} and log in using your credentials.
2. Access Your Order History: Once logged in, navigate to the '{{Online Order Interaction}}' or '{{Online Order Interaction}}' section.
3. Locate the Relevant Order: Look for the order with the specific purchase number {{Order Number}} and click on it.
4. Initiate the Cancellation Process: Within the order details, you should find a button or link labeled '{{Online Order Interaction}}'. Please select this option.
5. Confirm and Complete the Cancellation: The system may prompt you to provide a reason for cancellation or confirm your decision. Follow the on-screen instructions to finalize the cancellation process.

If you encounter any further issues or have additional questions, please don't hesitate to reach out to our dedicated customer support team. They are available during {{Customer Support Hours}} at {{Customer Support Phone Number}} or through the Live Chat feature on our website at {{Website URL}}.

Your satisfaction is our top priority, and we're committed to ensuring that your cancellation request is successfully processed."
cancel_order,i wan help to cancel purchase {{Order Number}},"I fathom that you would like assistance in canceling purchase {{Order Number}}, and I'm here to guide you through the process. To cancel this purchase, please follow these steps:

1. Access Your Account: Log in to your {{Online Company Portal Info}} using your credentials.
2. Locate Your Order: Navigate to the '{{Online Order Interaction}}' or '{{Online Order Interaction}}' section within your account.
3. Find the Specific Purchase: Look for the purchase associated with the order number {{Order Number}}. Click on it to view the details.
4. Initiate the Cancellation: You will find a '{{Online Order Interaction}}' option associated with your purchase. Please select it.
5. Confirm and Complete: Follow any additional prompts or questions to confirm the cancellation and complete the process.

If you encounter any issues or have further questions, our dedicated team is available to assist you during {{Customer Support Hours}}. You can reach us at {{Customer Support Phone Number}} or engage with our live chat feature on our {{Website URL}}. We appreciate your understanding and assure you that we will do our best to provide you with a seamless cancellation experience."
cancel_order,I can no longer afford order {{Order Number}},"I've understood you can no longer afford the order with the number {{Order Number}}. We apologize for any inconvenience this may have caused. To cancel the order, please follow these steps:

1. Sign in to your {{Online Company Portal Info}}.
2. Navigate to the '{{Online Order Interaction}}' or '{{Online Order Interaction}}' section.
3. Locate the order with the number {{Order Number}} and click on it.
4. Look for the option to cancel the order and select it.
5. If there are any additional steps or questions, please complete them as instructed.

If you have any further questions or need assistance, our dedicated team is available during {{Customer Support Hours}} at {{Customer Support Phone Number}} or through the Live Chat on our website at {{Website URL}}. We understand the importance of canceling the order and we're here to help you through the process."
cancel_order,"I have got to cancel purchase {{Order Number}}, how do I do it?","I hear you loud and clear that you need to cancel purchase {{Order Number}} and I'm here to assist you. To cancel your purchase, please follow these steps:

1. Sign in to Your Account: Go to our {{Online Company Portal Info}} and log in to your account.
2. Access Your Order History: Once you're signed in, navigate to your '{{Online Order Interaction}}' or '{{Online Order Interaction}}' section.
3. Locate the Purchase: Look for the purchase associated with the order number {{Order Number}} and click on it.
4. Initiate the Cancellation: Within the purchase details, you will find the option to '{{Online Order Interaction}}'. Please select this option.
5. Follow Any Additional Steps: The system may prompt you for further details or feedback to complete the cancellation process. Please provide the necessary information as instructed.

If you encounter any difficulties or have additional questions, our dedicated support team is available to assist you during {{Customer Support Hours}}. You can reach us at {{Customer Support Phone Number}} or through the Live Chat feature on our {{Website URL}}. We are committed to ensuring your satisfaction and will do everything possible to make the cancellation process smooth for you."
cancel_order,i need help with canceling order {{Order Number}},"I've become conscious that you need assistance with canceling your order with the order number {{Order Number}}. Rest assured, I'm here to guide you through the process and ensure a seamless cancellation experience. Here are the steps you can follow:

1. Sign into Your Account: Access our platform by logging in to your {{Online Company Portal Info}}.
2. Navigate to Your Order History: Once logged in, locate the '{{Online Order Interaction}}' or '{{Online Order Interaction}}' section.
3. Locate Your Order: Look for the order with the order number {{Order Number}} and click on it to open the order details.
4. Initiate Order Cancellation: Within the order details, you should see an option to '{{Online Order Interaction}}'. Please select this option.
5. Confirm Cancellation: Our system may ask for confirmation or additional details related to the cancellation. Please provide the required information to complete the cancellation process.

If you encounter any difficulties or have any questions along the way, our dedicated support team is available during {{Customer Support Hours}} at {{Customer Support Phone Number}} or through the Live Chat feature on our website at {{Website URL}}. Your satisfaction is our top priority, and we're here to assist you at every step of the way."
cancel_order,cancel purchase {{Order Number}},"I'm not mistaken your need to cancel your purchase of item {{Order Number}}. To initiate the cancellation process, please follow these steps:

1. Log into your {{Online Company Portal Info}} using your credentials.
2. Navigate to the '{{Online Order Interaction}}' or '{{Online Order Interaction}}' section, where you can view your past orders.
3. Identify the specific purchase with the order number {{Order Number}} and click on it to access the order details.
4. Look for the option labeled '{{Online Order Interaction}}' associated with the purchase. Please click on it to proceed.
5. You may encounter some questions or prompts asking for confirmation or feedback. Your responses will help us serve you better.

If you encounter any difficulties or have further questions, our dedicated team is available during {{Customer Support Hours}} at {{Customer Support Phone Number}} or through the Live Chat feature on our website at {{Website URL}}. Your satisfaction is our top priority, and we're here to assist you every step of the way."
cancel_order,assistance with canceling oreder {{Order Number}},"I've got that you're seeking assistance with canceling order {{Order Number}}. I apologize for any inconvenience this may have caused you. To cancel your order, please follow these steps:

1. Log into your {{Online Company Portal Info}} using your credentials.
2. Navigate to the ""{{Online Order Interaction}}"" or ""{{Online Order Interaction}}"" section, where you can view your past orders.
3. Look for the order with the order number {{Order Number}}.
4. Once you've located the order, click on it to access the order details.
5. Within the order details, you should find an option labeled ""{{Online Order Interaction}}."" Click on it to proceed with the cancellation process.
6. Follow any additional prompts or instructions provided by the system to complete the cancellation.

If you encounter any issues or have further questions, our dedicated customer support team is available to assist you. You can reach out to us during {{Customer Support Hours}} by calling {{Customer Support Phone Number}} or by using the Live Chat feature on our {{Website URL}}. We appreciate your understanding and look forward to resolving this matter for you."
cancel_order,problems with cancelling purchase {{Order Number}},"I'm aware that you're experiencing difficulties with canceling your purchase of item {{Order Number}}. Rest assured, I'm here to assist you in resolving this issue promptly.

To initiate the cancellation process, please follow these steps:

1. Sign into Your Account: Access our platform by signing in to your {{Online Company Portal Info}}.
2. Find Your Order History: Once logged in, navigate to the '{{Online Order Interaction}}' or '{{Online Order Interaction}}' section.
3. Locate the Purchase: Look for the purchase associated with the order number {{Order Number}} and click on it.
4. Begin the Cancellation: You'll find a '{{Online Order Interaction}}' option linked to your purchase. Please select this.
5. Complete any Additional Steps: The system may require you to confirm or provide feedback. Please follow the instructions as prompted.

If you encounter any challenges along the way or have any further questions, do not hesitate to reach out to our dedicated support team. They are available during {{Customer Support Hours}} at {{Customer Support Phone Number}} or through the Live Chat feature on our website at {{Website URL}}. Your satisfaction is our utmost priority, and we are committed to ensuring that this matter is resolved to your fullest satisfaction."
cancel_order,is it possible to cancel purchase {{Order Number}},"I'm happy to help! I completely understand your desire to cancel your purchase with the order number {{Order Number}}. Rest assured, we have provisions in place to assist you in this process. Let's get started on canceling your purchase swiftly and efficiently.

To proceed with the cancellation, please follow these steps:

1. Log in to your account: Begin by signing in to your {{Online Company Portal Info}} using your registered email address and password.
2. Access your order history: Once logged in, navigate to the ""{{Online Order Interaction}}"" or ""{{Online Order Interaction}}"" section.
3. Locate the specific purchase: Look for the purchase associated with the order number {{Order Number}} and click on it to view the order details.
4. Initiate the cancellation process: On the order details page, locate and select the ""{{Online Order Interaction}}"" option associated with your purchase.
5. Confirm the cancellation: The system may prompt you to confirm the cancellation and provide a reason for canceling. Please follow the instructions and provide the necessary information.
6. Verify the cancellation status: After confirming your cancellation request, you should receive a confirmation message indicating that your purchase has been successfully canceled.

If you encounter any difficulties during the cancellation process or have any further questions, our dedicated support team is available to assist you. You can reach us during {{Customer Support Hours}} at {{Customer Support Phone Number}} or through the Live Chat feature on our website at {{Website URL}}.

We genuinely appreciate your understanding and cooperation. Should you have any additional concerns, please do not hesitate to let us know. Your satisfaction is our top priority, and we are here to make your experience as smooth as possible."
cancel_order,I no longer want purchase {{Order Number}},"I'm with you that you no longer want to proceed with the purchase associated with the order number {{Order Number}}. Our team is here to support you in canceling this order and ensuring your satisfaction. To initiate the cancellation process, please follow these steps:

1. Log into your {{Online Company Portal Info}}.
2. Navigate to the '{{Online Order Interaction}}' or '{{Online Order Interaction}}' section.
3. Locate your order with the order number {{Order Number}}.
4. Click on the order to view the details.
5. Look for the option labeled '{{Online Order Interaction}}' and select it.
6. Follow any additional prompts or instructions to complete the cancellation.

If you encounter any difficulties or have any questions, our dedicated support team is available during {{Customer Support Hours}}. You can reach us at {{Customer Support Phone Number}} or through the Live Chat feature on our {{Website URL}}. We value your satisfaction and appreciate your understanding and cooperation throughout this process."
cancel_order,can you help me cancelling purchase {{Order Number}}?,"I understand the urgency and importance of canceling your purchase with the order number {{Order Number}}. I apologize for any inconvenience this may have caused you. To cancel your purchase, please follow these steps:

1. Log in to your {{Online Company Portal Info}} using your credentials.
2. Navigate to the '{{Online Order Interaction}}' or '{{Online Order Interaction}}' section.
3. Locate the purchase with the order number {{Order Number}} and click on it.
4. Look for the option labeled '{{Online Order Interaction}}' associated with your purchase and select it.
5. Complete any additional steps or questions that may be required to finalize the cancellation process.

If you encounter any difficulties or have further questions, our dedicated support team is available to assist you. You can reach us during {{Customer Support Hours}} at {{Customer Support Phone Number}} or through the Live Chat feature on our {{Website URL}}.

We appreciate your understanding and cooperation. Your satisfaction is our top priority."
cancel_order,I need help cancelling purchase {{Order Number}},"I understood, you require assistance with canceling purchase {{Order Number}}. I apologize for any inconvenience this may have caused you. To cancel your purchase, please follow these steps:

1. Sign in to your {{Online Company Portal Info}} using your credentials.
2. Go to the '{{Online Order Interaction}}' or '{{Online Order Interaction}}' section.
3. Locate the purchase with the order number {{Order Number}}.
4. Click on the purchase to view the details.
5. Look for the option labeled '{{Online Order Interaction}}' and select it.
6. Follow any additional prompts or instructions that may appear to complete the cancellation process.

If you encounter any difficulties or have further questions, our dedicated support team is available during {{Customer Support Hours}}. You can reach us at {{Customer Support Phone Number}} or through the Live Chat feature on our {{Website URL}}. We appreciate your understanding and are committed to providing the best possible assistance."
cancel_order,I don't want purchase {{Order Number}},"I've got that you no longer want to proceed with the purchase with the order number {{Order Number}}. I apologize for any inconvenience this may have caused you. To cancel the purchase, please follow these steps:

1. Sign into Your Account: Log in to your {{Online Company Portal Info}} using your credentials.
2. Access Your Orders: Once logged in, navigate to either the '{{Online Order Interaction}}' or '{{Online Order Interaction}}' section.
3. Locate the Purchase: Look for the order with the order number {{Order Number}} and click on it to view the details.
4. Cancel the Purchase: Within the purchase details page, you should find an option to '{{Online Order Interaction}}'. Please select this option.
5. Confirm the Cancellation: The system may ask for confirmation before canceling the purchase. Please review the information and confirm the cancellation if prompted.

If you encounter any difficulties during the cancellation process or if you have any further questions, our dedicated support team is available to assist you. You can reach us during {{Customer Support Hours}} at {{Customer Support Phone Number}} or by using the Live Chat feature on our {{Website URL}}. We apologize again for any inconvenience caused and appreciate your understanding."
cancel_order,"I bought some items, I need help to cancel purchase {{Order Number}}","I'm cognizant of the fact that you need assistance with canceling your purchase with the order number {{Order Number}}. We apologize for any inconvenience caused and are here to guide you through the cancellation process.

To cancel your purchase, please follow these steps:

1. Log into your account: Access our {{Online Company Portal Info}} and sign in using your credentials.
2. Navigate to your orders: Once you have successfully logged in, locate the '{{Online Order Interaction}}' or '{{Online Order Interaction}}' section.
3. Find the specific purchase: Look for the purchase associated with the order number {{Order Number}} and click on it to view the details.
4. Initiate the cancellation: Within the purchase details, you should find an option labeled '{{Online Order Interaction}}'. Please select this option to begin the cancellation process.
5. Follow any additional instructions: Depending on your specific case, there may be additional steps or questions to complete the cancellation process. Please follow the instructions provided by the system.

If you encounter any challenges along the way or have any further questions, our dedicated support team is available to assist you. You can reach us during {{Customer Support Hours}} at {{Customer Support Phone Number}} or through the Live Chat feature on our {{Website URL}}. We value your satisfaction and will do our best to ensure a smooth resolution."
cancel_order,problem with cancelling purchase {{Order Number}},"I'm sorry to hear that you're experiencing issues with canceling purchase {{Order Number}}. Rest assured, I'm here to help you find a solution and make the process as smooth as possible.

To cancel purchase {{Order Number}}, please follow these steps:

1. Sign in to your {{Online Company Portal Info}} using your username and password.
2. Navigate to the '{{Online Order Interaction}}' or '{{Online Order Interaction}}' section.
3. Locate the purchase with order number {{Order Number}}.
4. Click on the order to view the details.
5. Look for the option labeled '{{Online Order Interaction}}' associated with your purchase and select it.
6. Follow any additional instructions or provide feedback if prompted.

If you encounter any difficulties or have any questions along the way, our dedicated team is available to assist you. You can reach out to us during {{Customer Support Hours}} at {{Customer Support Phone Number}} or use the Live Chat feature on our {{Website URL}}. Your satisfaction is our top priority, and we are committed to resolving this issue for you."
cancel_order,where do i cancel purchase {{Order Number}},"I'm cognizant of the fact that you're looking for the location where you can cancel your purchase with the purchase number {{Order Number}}. Let me guide you:

1. Access the {{Online Company Portal Info}}: Begin by logging into your account on our platform.

2. Locate the Order Section: Once logged in, navigate to the '{{Online Order Interaction}}' or '{{Online Order Interaction}}' tab. It should be a section where you can find all your previous purchases.

3. Find the Specific Purchase: Look for the purchase with the purchase number {{Order Number}}. Select or click on it to access the purchase details.

4. Initiate Cancellation: Within the purchase details page, you should see an option labeled '{{Cancel Purchase}}' or something similar. Please click on that to start the cancellation process.

5. Confirm the Cancellation: The system may ask for confirmation or additional details to complete the cancellation. Kindly follow the instructions and provide the necessary information if prompted.

If you encounter any difficulties or have any further questions, don't hesitate to reach out to our dedicated customer support team. You can contact us during {{Customer Support Hours}} at {{Customer Support Phone Number}} or utilize the Live Chat feature on our {{Website URL}}. We're here to ensure your satisfaction every step of the way."
cancel_order,need help with cancelliing order {{Order Number}},"I've got that you're seeking assistance with canceling your purchase with the order number {{Order Number}}, and I'm here to guide you through the process. To cancel your order, please follow these steps:

1. Log into your {{Online Company Portal Info}} using your credentials.
2. Navigate to the '{{Online Order Interaction}}' or '{{Online Order Interaction}}' section.
3. Locate the specific purchase associated with the order number {{Order Number}} and click on it.
4. Look for the option labeled '{{Online Order Interaction}}' and select it.
5. Follow any additional prompts or instructions provided by the system to complete the cancellation process.

If you encounter any difficulties or have further questions, please don't hesitate to reach out to our dedicated support team. They are available {{Customer Support Hours}} at {{Customer Support Phone Number}} or through the Live Chat on our website at {{Website URL}}. Your satisfaction is our top priority, and we're committed to assisting you in any way we can."
cancel_order,I have problems with canceling purchase {{Order Number}},"I get it the difficulties you're facing with canceling your purchase with the order number {{Order Number}}. Let me assist you in resolving this issue and ensuring a smooth cancellation process. 

To cancel this purchase, please follow these steps:

1. Log in to your {{Online Company Portal Info}}.
2. Navigate to the '{{Online Order Interaction}}' or '{{Online Order Interaction}}' section.
3. Locate the purchase with the order number {{Order Number}} and click on it.
4. Look for the option to '{{Online Order Interaction}}' associated with this purchase and select it.
5. If prompted, provide any additional information or feedback required to complete the cancellation process.

If you encounter any further difficulties or have any questions along the way, our dedicated team is available to assist you. You can contact us during {{Customer Support Hours}} at {{Customer Support Phone Number}} or through the Live Chat feature on our website at {{Website URL}}. We are committed to resolving this issue promptly and ensuring your satisfaction."
cancel_order,is it possible to cancel order {{Order Number}}?,"I've grasped that you're wondering if it's possible to cancel your order with the order number {{Order Number}}. We value your flexibility and will do our best to assist you.

To determine if your order can be canceled, I kindly request you to contact our customer support team. They have access to real-time information about the status of your order and can guide you through the cancellation process. You can reach our dedicated customer support team during {{Customer Support Hours}} at {{Customer Support Phone Number}} or through the Live Chat feature on our website at {{Website URL}}.

Rest assured that we are committed to providing you with exceptional service and will explore all available options to address your request."
cancel_order,i havegot to cancel purchase {{Order Number}},"I recognize that you need to cancel purchase {{Order Number}}. We apologize for any inconvenience caused and we're here to assist you. To cancel your purchase, please follow these steps:

1. Sign in to Your Account: Log in to your {{Online Company Portal Info}} using your registered credentials.
2. Navigate to Your Orders: Once you're logged in, go to the '{{Online Order Interaction}}' or '{{Online Order Interaction}}' section.
3. Locate Your Purchase: Look for the purchase associated with the order number {{Order Number}} and click on it.
4. Initiate the Cancellation: Within the purchase details, you will find an option to '{{Online Order Interaction}}'. Please select that option.
5. Confirm the Cancellation: The system might prompt you to confirm your cancellation or provide feedback. Please follow the instructions provided.

If you encounter any difficulties or have further questions, our dedicated support team is available during {{Customer Support Hours}} at {{Customer Support Phone Number}} or via Live Chat on our {{Website URL}}. We understand the importance of your request and we'll do our best to resolve it promptly."
cancel_order,"I cannot pay for this product, cancel order {{Order Number}}","I've grasped that you're facing difficulties in paying for the product and would like to cancel order {{Order Number}}. I apologize for any inconvenience this may have caused. To assist you with canceling the order, please follow these steps:

1. Sign into Your Account: Access our platform by signing in to your {{Online Company Portal Info}}.
2. Locate Your Order: Once logged in, navigate to the '{{Online Order Interaction}}' or '{{Online Order Interaction}}' section.
3. Find the Relevant Order: Look for the order associated with the number {{Order Number}} and select it for further details.
4. Initiate Cancellation: Within the order page, you'll find the option to '{{Online Order Interaction}}'. Please click on this to initiate the cancellation process.
5. Confirm Cancellation: The system may prompt you for confirmation or additional information. Please follow the instructions provided to complete the cancellation.

If you encounter any difficulties or have further questions, our dedicated team is available to assist you. You can reach out to us during {{Customer Support Hours}} at {{Customer Support Phone Number}} or utilize the Live Chat feature on our website at {{Website URL}}. We value your satisfaction and are here to help."
cancel_order,I don't know how I can cancel purchase {{Order Number}},"I've picked up that you're uncertain about the cancellation process for purchase {{Order Number}}, and I'm here to assist you. Let's go through the steps together:

1. Access Your Account: Begin by logging in to your {{Online Company Portal Info}}.
2. Navigate to Orders: Once you're logged in, locate the '{{Online Order Interaction}}' or '{{Online Order Interaction}}' section.
3. Find the Purchase: Look for the purchase associated with order number {{Order Number}} and click on it.
4. Initiate Cancellation: Within the purchase details, you should find a '{{Online Order Interaction}}' option. Select that to initiate the cancellation request.
5. Follow Any Additional Steps: The system may prompt you to confirm the cancellation or provide feedback. Please follow the instructions provided.

If you encounter any difficulties or have more questions along the way, please don't hesitate to reach out to our dedicated team during {{Customer Support Hours}} at {{Customer Support Phone Number}} or through the Live Chat on our website at {{Website URL}}. We're here to ensure your satisfaction and resolve any concerns you may have."
cancel_order,help cancelling purchase {{Order Number}},"I understand your need for assistance with canceling purchase {{Order Number}}. Let me provide you with the necessary guidance.

To initiate the cancellation process, please follow these steps:

1. Sign in to your {{Online Company Portal Info}} using your credentials.
2. Navigate to the '{{Online Order Interaction}}' or '{{Online Order Interaction}}' section, where you can view your purchase history.
3. Locate the specific purchase associated with the order number {{Order Number}}.
4. Look for the option labeled '{{Online Order Interaction}}' or a similar phrase related to cancellation, and click on it.
5. A confirmation message or additional steps may appear, depending on the system requirements. Please review and complete any necessary information.

If you encounter any difficulties or have further questions, our dedicated support team is available during {{Customer Support Hours}} to provide real-time assistance. You can reach us at {{Customer Support Phone Number}} or via the Live Chat feature on our {{Website URL}}.

We appreciate your understanding and value your satisfaction. Feel free to contact us anytime; we're here to help ensure a smooth experience for you."
cancel_order,would you give me information about cancelling orders?,"Of course! I'd be happy to provide you with information about canceling orders. Canceling an order can usually be done through your account on our website or by contacting our customer support team. The exact process may vary depending on the platform or service you used to place the order. To cancel an order, follow these general steps:

1. Sign in to Your Account: Access your account on our platform by entering your login credentials.
2. Locate Your Order: Find the order you wish to cancel either in your order history or in the specific section for managing orders.
3. Initiate the Cancellation: Look for the ""Cancel"" or ""Request Cancellation"" option associated with the order and click on it.
4. Follow any Prompts or Instructions: Depending on the system, you may need to provide a reason for canceling or confirm your cancellation request.
5. Verify the Cancellation: After completing the cancellation steps, you should receive a confirmation message or email indicating that your order has been canceled.

Keep in mind that cancellation policies may vary depending on the specific product, service, or vendor. It's important to review the terms and conditions, refund policies, or any applicable fees before canceling an order. If you need further assistance or have specific questions about canceling your order, feel free to reach out to our customer support team. They are available during {{Customer Support Hours}} at {{Customer Support Phone Number}} or through the Live Chat feature on our website at {{Website URL}}."
cancel_order,I need assistance with canceling purchase {{Order Number}},"I perceive that you're seeking assistance with canceling purchase {{Order Number}}, and I'm here to provide the support you need. Cancelling a purchase can be a simple process when the right steps are followed. Here's a step-by-step guide to help you cancel your purchase successfully:

1. Access Your Account: Log in to your {{Online Company Portal Info}} using your credentials.
2. Navigate to Your Orders: Once you're logged in, locate and click on the '{{Online Order Interaction}}' or '{{Online Order Interaction}}' section.
3. Find the Relevant Purchase: Look for the purchase associated with the order number {{Order Number}} and select it to view the details.
4. Initiate the Cancellation: Within the purchase details, there should be an option labeled '{{Online Order Interaction}}'. Click on it to start the cancellation process.
5. Follow any Prompts or Confirmations: The system may ask you a few questions or require confirmation before processing the cancellation. Please provide the necessary information as requested.

If you encounter any difficulties or have additional questions, feel free to reach out to our dedicated support team during {{Customer Support Hours}} at {{Customer Support Phone Number}} or through the Live Chat on our website at {{Website URL}}. We're here to assist you every step of the way. Your satisfaction is our top priority."
cancel_order,canceling purchase {{Order Number}},"I grasp that you are having trouble canceling your purchase with the order number {{Order Number}}. I apologize for any inconvenience this has caused you. To assist you with canceling your purchase, please follow these steps:

1. Sign into Your Account: Log in to your {{Online Company Portal Info}} using your registered email address and password.
2. Access Your Order History: Once logged in, locate the '{{Online Order Interaction}}' or '{{Online Order Interaction}}' section on your account dashboard.
3. Locate the Purchase: In the order history, find the purchase with the order number {{Order Number}} and click on it to view the details.
4. Initiate the Cancellation: Look for the '{{Online Order Interaction}}' option associated with your purchase and select it.
5. Confirm the Cancellation: Follow any prompts or instructions provided to confirm the cancellation of your purchase.
6. Verify the Cancellation: After completing the cancellation process, you should receive a confirmation notification or email.

If you encounter any difficulties during the cancellation process or have any further questions, please don't hesitate to reach out to our dedicated customer support team. You can contact us during our {{Customer Support Hours}} at {{Customer Support Phone Number}} or utilize the Live Chat feature on our {{Website URL}}. We are here to help you with any concerns you may have."
cancel_order,"I can't afford my last item, cancel purchase {{Order Number}}","I appreciate that you're facing financial constraints and need to cancel your purchase with the order number {{Order Number}}. Your financial well-being is important to us, and we're here to assist you. Let's proceed with the cancellation process:

1. **Access Your Account**: To begin, log in to your {{Online Company Portal Info}} using your credentials.
2. **Locate Your Recent Purchase**: Once logged in, navigate to your '{{Online Order Interaction}}' or '{{Online Order Interaction}}' section.
3. **Identify Your Purchase**: Within the order history, search for the specific purchase associated with order number {{Order Number}} and click on it.
4. **Initiate Cancellation**: You should find a '{{Online Order Interaction}}' option linked with the purchase. Please select this to initiate the cancellation process.
5. **Follow Any Additional Steps**: The system may prompt you for further information or feedback to complete the cancellation process. Please follow the instructions provided.

If you encounter any difficulties or have additional questions, our dedicated support team is available during {{Customer Support Hours}}. Feel free to reach out to us at {{Customer Support Phone Number}} or via Live Chat on our {{Website URL}}. Your satisfaction is important to us, and we remain committed to assisting you during this time."""
cancel_order,I cannot afford order {{Order Number}},"I'm following you that you're facing financial constraints and are unable to afford order {{Order Number}}. Rest assured, I'm here to help you with canceling the order and finding a suitable solution. Let's proceed as follows:

1. Access Your Account: Log in to your {{Online Company Portal Info}} using your credentials.
2. Locate Order History: Once logged in, navigate to either the '{{Online Order Interaction}}' or '{{Online Order Interaction}}' section.
3. Find the Specific Order: Look for the order with the number {{Order Number}}, and click on it to view more details.
4. Initiate Cancellation: Within the order details, you should find an option labeled '{{Online Order Interaction}}'. Please select this to start the cancellation process.
5. Confirm Cancellation: The system may prompt you to confirm and provide feedback for the cancellation. Kindly complete the necessary steps.

If you encounter any difficulties or have further questions along the way, our dedicated support team is available to assist you. You can reach out to us during {{Customer Support Hours}} at {{Customer Support Phone Number}} or use the Live Chat feature on our {{Website URL}}. Your satisfaction is our priority, and we're committed to resolving this situation for you."""
cancel_order,I have a problem with canceling purchase {{Order Number}},"I get that you're facing challenges while trying to cancel your purchase with the purchase number {{Order Number}}. I apologize for any inconvenience this may have caused. Rest assured, I'm here to assist you in resolving this issue swiftly and efficiently. To properly address your concern, I kindly request that you provide me with more details about the problem you're experiencing. Are you encountering any error messages? Have you followed the cancellation process outlined in our previous communications? Please let me know so that I can offer you the best guidance and ensure a successful cancellation process. If you require immediate assistance, you can reach our dedicated support team during {{Customer Support Hours}} at {{Customer Support Phone Number}} or through the Live Chat on our website at {{Website URL}}. We appreciate your patience and look forward to resolving this matter for you."
cancel_order,question about canceling purchase {{Order Number}},"I understand you have a question regarding canceling purchase {{Order Number}}. 

Please feel free to ask your question, and I'll be more than happy to assist you with any concerns or queries you have about canceling this purchase."
cancel_order,"I can't afford order {{Order Number}}, could I cancel it?","I've deduced from your message that you're currently unable to afford order {{Order Number}}, and you're seeking assistance with canceling it. I'm here to help you navigate through the cancellation process."
cancel_order,i dont know how to cancel purchase {{Order Number}},"I completely understand that you're facing some difficulties when it comes to canceling your purchase with the order number {{Order Number}}. Don't worry, I'm here to guide you through the process step by step, ensuring a seamless experience:

1. Sign Into Your Account: Start by logging into your {{Online Company Portal Info}}.
2. Access Order History: Once logged in, navigate to the '{{Online Order Interaction}}' or '{{Online Order Interaction}}' section.
3. Locate the Purchase: Look for the purchase associated with order number {{Order Number}} and click on it for further details.
4. Initiate Cancellation: You should see an option labeled '{{Online Order Interaction}}' linked to your purchase. Please select it.
5. Confirmation and Feedback: The system may ask you a few questions to confirm your cancellation or provide feedback. Please follow the prompts accordingly.

If you encounter any obstacles along the way or have additional questions, our dedicated team is available to assist you. You can reach out to us during {{Customer Support Hours}} at {{Customer Support Phone Number}} or use the Live Chat feature on our {{Website URL}}. Your satisfaction is our utmost priority, and we're committed to resolving this for you."
cancel_order,"I don't want this item, help me cancel purchase {{Order Number}}","I pick up what you're putting down that you no longer want this item and would like to cancel purchase {{Order Number}}. I'm here to assist you with that. To cancel your purchase, please follow these steps:

1. Sign into Your Account: Log in to your {{Online Company Portal Info}} using your credentials.
2. Locate Your Orders: Once logged in, navigate to the '{{Online Order Interaction}}' or '{{Online Order Interaction}}' section.
3. Identify the Purchase: Look for the purchase associated with the order number {{Order Number}}.
4. Initiate the Cancellation: Within the purchase details, you should find an option to '{{Online Order Interaction}}'. Please select that.
5. Confirm the Cancellation: The system might request additional confirmation or ask for feedback to improve our services.

If you encounter any difficulties or have any questions during this process, don't hesitate to get in touch with our dedicated support team. You can reach us during {{Customer Support Hours}} at {{Customer Support Phone Number}} or use the Live Chat feature on our {{Website URL}}. We are committed to making this cancellation as smooth as possible for you."
cancel_order,i need assistance with canceling order {{Order Number}},"I comprehend that you require assistance with canceling order {{Order Number}}. I apologize for any inconvenience caused, and I'll be glad to help you navigate through the cancellation process.

To cancel order {{Order Number}}, please follow these steps:

1. Log in to your {{Online Company Portal Info}} using your credentials.
2. Navigate to the '{{Online Order Interaction}}' or '{{Online Order Interaction}}' section, where you can view all your past purchases.
3. Locate the order with the order number {{Order Number}} and click on it to access the order details.
4. Look for the option labeled '{{Online Order Interaction}}' associated with the order and click on it to initiate the cancellation process.
5. You might be asked to confirm the cancellation or provide feedback. Please complete any necessary steps to finalize the cancellation.

If you encounter any difficulties or have additional questions throughout the process, our dedicated support team is available during {{Customer Support Hours}}. Feel free to reach out to us at {{Customer Support Phone Number}} or through the Live Chat feature on our {{Website URL}}.

We appreciate your understanding, and we are committed to providing you with a seamless experience, ensuring your satisfaction."
cancel_order,have a problem with cancelling purchase {{Order Number}},"I'm sorry to hear that you're encountering difficulties with canceling purchase {{Order Number}}. I apologize for any inconvenience this may have caused you. 

To assist you further, could you please provide more details about the issue you're facing? It would be helpful to understand the specific problem you're encountering so that we can provide you with the most accurate and relevant solution. 

Please don't hesitate to reach out to our dedicated customer support team during {{Customer Support Hours}} at {{Customer Support Phone Number}} or through the Live Chat feature on our {{Website URL}}. We appreciate your patience, and we'll do our best to resolve this issue for you as quickly as possible."
cancel_order,"I can't afford this product, cancel order {{Order Number}}","I'm following you that you're facing financial constraints and need to cancel your order with the number {{Order Number}}. We're here to assist you with that. To proceed with the cancellation, please follow these steps:

1. Log into your account: Access the {{Online Company Portal Info}} and sign in using your credentials.
2. Navigate to your orders: Once you're logged in, find the section labeled '{{Online Order Interaction}}' or '{{Online Order Interaction}}'.
3. Locate your order: Look for the order with the number {{Order Number}} and click on it to view the details.
4. Initiate the cancellation: You should see an option labeled '{{Online Order Interaction}}'. Please select that to start the cancellation process.
5. Confirm the cancellation: The system may prompt you for additional information or confirmation. Please provide the requested details accurately.
6. Cancellation status: Once the cancellation is processed, you will receive a confirmation email.

If you encounter any difficulties during the process or have any further questions, our dedicated support team is available to provide assistance. You can reach us during {{Customer Support Hours}} at {{Customer Support Phone Number}} or via the Live Chat feature on our {{Website URL}}. We understand that this is an important matter for you, and we're committed to making this process as smooth as possible."
cancel_order,cancel purchase  {{Order Number}},"I'm attuned to the idea that you're looking to cancel your purchase with the order number {{Order Number}}. We apologize for any inconvenience this may have caused. To cancel your purchase, please follow these steps:

1. Log into your {{Online Company Portal Info}} using your credentials.
2. Navigate to the '{{Online Order Interaction}}' or '{{Online Order Interaction}}' section.
3. Locate your purchase with the order number {{Order Number}}.
4. Look for the '{{Online Order Interaction}}' option associated with the purchase and select it.
5. Follow any additional instructions or confirmations to complete the cancellation process.

If you encounter any difficulties or have further questions, our dedicated customer support team is available to assist you. You can reach us during {{Customer Support Hours}} at {{Customer Support Phone Number}} or through the Live Chat feature on our website at {{Website URL}}. We appreciate your understanding and value your satisfaction."
cancel_order,i try to cancel order {{Order Number}},"I grasp your desire to cancel your purchase with order number {{Order Number}}, and I'm here to assist you with this process. To cancel your order, please follow these steps:

1. Sign in to Your Account: Access our platform by logging into your {{Online Company Portal Info}}.
2. Locate Your Order: Navigate to the '{{Online Order Interaction}}' or '{{Online Order Interaction}}' section.
3. Find the Purchase: Look for the order number {{Order Number}} and click on it.
4. Initiate the Cancellation: You should see an option labeled '{{Online Order Interaction}}' associated with your purchase. Please select this option.
5. Confirm the Cancellation: The system may prompt you to confirm the cancellation. Please follow the instructions provided to complete the process successfully.

Should you encounter any issues or have further questions, our dedicated support team is available during {{Customer Support Hours}} at {{Customer Support Phone Number}} or through the Live Chat feature on our {{Website URL}}. We truly value your satisfaction and are committed to making this cancellation process as smooth as possible."
cancel_order,can you help me cancelling order {{Order Number}}?,"Certainly, I'm here to assist you with canceling your order with the order number {{Order Number}}. I understand the importance of resolving this for you. To cancel the order, please follow these steps:

1. Log in to your {{Online Company Portal Info}}.
2. Navigate to the '{{Online Order Interaction}}' or '{{Online Order Interaction}}' section.
3. Locate the order with the order number {{Order Number}} and click on it.
4. Look for the option labeled '{{Online Order Interaction}}' and select it.
5. If prompted, provide any necessary feedback or reason for cancellation.
6. Confirm the cancellation and wait for the process to complete.

If you encounter any difficulties or have further questions, our dedicated customer support team is available during {{Customer Support Hours}} at {{Customer Support Phone Number}} or through the Live Chat on our website at {{Website URL}}. Your satisfaction is our top priority, and we're here to ensure a smooth cancellation experience for you."
cancel_order,what do I ned to do to cancel order {{Order Number}}?,"I've understood that you're seeking guidance on canceling order {{Order Number}}. We're here to help! To proceed with the cancellation, please follow these steps:

1. Sign in to Your Account: Begin by logging into our platform using your credentials.
2. Locate Your Order: Once logged in, navigate to the '{{Online Order Interaction}}' or '{{Online Order Interaction}}' section.
3. Identify the Order: Look for the specific order number {{Order Number}} and click on it.
4. Initiate the Cancellation: Within the order details, you should find the option to '{{Online Order Interaction}}'. Please select it.
5. Confirm the Cancellation: The system may ask you to confirm your cancellation. Follow the provided instructions to complete the process.

If you encounter any issues or have further questions, our dedicated team is ready to assist you. You can reach out to them during {{Customer Support Hours}} at {{Customer Support Phone Number}} or through the Live Chat on our website at {{Website URL}}. We appreciate your understanding and value your satisfaction."
cancel_order,"I have bought some items, help canceling purchase {{Order Number}}","I get that you have made some purchases and now require assistance with canceling your purchase associated with the order number {{Order Number}}. I apologize for any inconvenience caused and I will do my best to help you.

To proceed with canceling your purchase, please follow these steps:

1. Log in to your {{Online Company Portal Info}} using your credentials.
2. Navigate to the ""{{Online Order Interaction}}"" or ""{{Online Order Interaction}}"" section of your account.
3. Look for the specific order number {{Order Number}} and click on it to view the order details.
4. Within the order details page, you should find an option labeled ""{{Online Order Interaction}}"" or something similar. Click on that.
5. Follow any additional prompts or questions to complete the cancellation process.

If you encounter any difficulties or have further questions along the way, our dedicated support team is available to assist you. Reach out to them during {{Customer Support Hours}} at {{Customer Support Phone Number}} or through the Live Chat feature on our website at {{Website URL}}.

We appreciate your understanding and cooperation. Your satisfaction is our top priority, and we aim to ensure a seamless cancellation experience for you."
cancel_order,I need assistance canceling order {{Order Number}},"I understand your need for assistance in canceling your order with the order number {{Order Number}}. Our team is here to support you through the process and ensure a smooth cancellation experience. To get started, please follow these steps:

1. Sign in to your {{Online Company Portal Info}} using your username and password.
2. Navigate to the '{{Online Order Interaction}}' or '{{Online Order Interaction}}' section, where you'll find a list of your recent orders.
3. Locate the specific order with the order number {{Order Number}} and open the order details.
4. Look for the cancellation option associated with the order and click on it.
5. Follow any additional prompts or instructions provided by the system to complete the cancellation.

In case you encounter any difficulties or have further questions, our dedicated support team is available during {{Customer Support Hours}}. Feel free to reach out to us at {{Customer Support Phone Number}} or through the Live Chat feature on our {{Website URL}}. We appreciate your patience and understanding throughout this process."
cancel_order,canmcel order {{Order Number}},"I've understood that you're requesting assistance with canceling order {{Order Number}}. I apologize for any confusion caused. To cancel your order, please follow these steps:

1. Sign in to your {{Online Company Portal Info}} using your credentials.
2. Navigate to the '{{Online Order Interaction}}' or '{{Online Order Interaction}}' section. You should be able to locate your order there.
3. Select the order that corresponds to {{Order Number}}.
4. Look for the option to cancel the order, often labeled as '{{Online Order Interaction}}'. Click on it.
5. If you encounter any additional prompts seeking confirmation or feedback, kindly provide the necessary information.

Should you encounter any issues during the cancellation process or have any further questions, our dedicated team is available to assist you. Feel free to reach out to us during {{Customer Support Hours}} at {{Customer Support Phone Number}} or utilize the Live Chat feature on our {{Website URL}}. Your satisfaction is our utmost priority, and we're here to ensure a smooth resolution for you."
cancel_order,I need help to cancel purchase {{Order Number}},"I appreciate that you need assistance with canceling your purchase with the order number {{Order Number}}. We apologize for any inconvenience caused. Our goal is to help you resolve this as quickly and efficiently as possible. Here's what you can do:

1. Sign into Your Account: Access our platform by signing in to your {{Online Company Portal Info}}.
2. Navigate to Your Orders: Once signed in, go to the '{{Online Order Interaction}}' or '{{Online Order Interaction}}' section.
3. Locate Your Purchase: Look for the purchase associated with the order number {{Order Number}} and click on it to view the details.
4. Initiate Cancellation: You will find a '{{Online Order Interaction}}' option linked to your purchase. Please select this option to start the cancellation process.
5. Confirm Cancellation: The system may ask you to confirm the cancellation. Follow the prompts and provide any required feedback or information.

If you encounter any difficulties or have any questions during the process, our dedicated support team is available {{Customer Support Hours}} to assist you. You can reach us by calling {{Customer Support Phone Number}} or using the Live Chat feature on our website at {{Website URL}}. We value your satisfaction and appreciate your patience as we work towards resolving this issue."
cancel_order,i can no longer afford order {{Order Number}},"I pick up what you're putting down, your current situation and the need to reassess your financial commitments. We value your trust and are here to assist you. Although canceling an order due to financial constraints is not a common request, we understand that circumstances can change unexpectedly. To cancel your purchase with the order number {{Order Number}}, please follow these steps:

1. Sign into Your Account: Access our platform by signing in to your {{Online Company Portal Info}}.
2. Locate Your Order: Once signed in, navigate to the '{{Online Order Interaction}}' or '{{Online Order Interaction}}' section.
3. Find Your Purchase: Look for the order associated with the number {{Order Number}}. Click on it to view the details.
4. Cancel the Order: You should find the option labeled '{{Online Order Interaction}}' linked to your purchase. Please select it.
5. Confirm Cancellation: The system may ask for confirmation before finalizing the cancellation. Please proceed as instructed.

Should you face any difficulties or require further assistance, our dedicated team is available during {{Customer Support Hours}}. You can reach us at {{Customer Support Phone Number}} or utilize the Live Chat feature on our {{Website URL}}. We appreciate your understanding and hope to see you return in the future when circumstances allow."
cancel_order,I have problems with cancelling order {{Order Number}},"I've understood you're experiencing difficulties with canceling order {{Order Number}}. I apologize for any inconvenience caused. Rest assured, I'm here to assist you in resolving this issue. To better understand the problem, could you please provide more details about the problems you encountered during the cancellation process? This will help me identify the specific challenges you're facing and provide you with the most appropriate solution. Thank you for your cooperation, and I look forward to helping you resolve this matter swiftly."
cancel_order,"I purchased some item, help canceling one of the orders","I understand your request for assistance with canceling one of the orders for the item you purchased. I apologize for any inconvenience, and I'm here to guide you through the process.

To cancel an order, please follow these steps:

1. Sign in to your {{Online Company Portal Info}} using your credentials.
2. Locate the '{{Online Order Interaction}}' or '{{Online Order Interaction}}' section in your account.
3. Identify the specific order you wish to cancel within the list.
4. Click on the order to access the order details page.
5. Look for the option labeled '{{Online Order Interaction}}' or something similar and select it.
6. Follow any additional prompts or instructions to complete the cancellation process.

If you encounter any difficulties or have any questions along the way, please don't hesitate to reach out to our dedicated support team during {{Customer Support Hours}} at {{Customer Support Phone Number}} or through the Live Chat feature on our {{Website URL}}.

We value your satisfaction as our customer and we'll do our best to make the cancellation process as smooth as possible."
cancel_order,I need helpto cancel order {{Order Number}},"I truly understand your need for assistance in canceling order {{Order Number}}, and I'm here to guide you through the process. We want to make this experience as smooth as possible for you.

To cancel your order, please follow these steps:

1. Access Your Account: Start by logging into your {{Online Company Portal Info}} using your credentials.
2. Go to Your Order History: Once logged in, navigate to the '{{Online Order Interaction}}' or '{{Online Order Interaction}}' section.
3. Find Your Order: Look for the specific order associated with the order number {{Order Number}} and click on it.
4. Initiate Cancellation: You will see an option labeled '{{Online Order Interaction}}' next to your purchase. Please select it.
5. Confirm the Cancellation: The system may ask for your confirmation to proceed with the cancellation. Kindly follow any additional instructions if prompted.

If you encounter any difficulties or have further questions, our dedicated team is available during {{Customer Support Hours}} to provide personal assistance. You can reach us at {{Customer Support Phone Number}} or utilize the Live Chat feature on our {{Website URL}}.

Rest assured, your satisfaction is our priority, and we are committed to resolving this issue for you."
cancel_order,camceling order {{Order Number}},"I realized you're looking for assistance with canceling your order with the order number {{Order Number}}. 

To cancel your order, please follow these steps:

1. Log in to your account on our {{Online Company Portal Info}}.
2. Navigate to the '{{Online Order Interaction}}' or '{{Online Order Interaction}}' section.
3. Locate the order with the order number {{Order Number}} and click on it.
4. Look for the option labeled '{{Online Order Interaction}}' associated with the purchase.
5. Click on the '{{Online Order Interaction}}' option to initiate the cancellation process.

If you encounter any issues or have any questions during the cancellation process, our dedicated support team is available during {{Customer Support Hours}} at {{Customer Support Phone Number}} or through the Live Chat feature on our {{Website URL}}. We are committed to providing you with the assistance you need."
cancel_order,i purchased some fucking item cancel order {{Order Number}},"I'm aware that you're frustrated with your purchase and would like to cancel order {{Order Number}}. I apologize for any inconvenience caused and assure you that I'm here to assist you through this process. To cancel your order, please follow these steps:

1. Access Your Account: Log in to your {{Online Company Portal Info}} using your credentials.
2. Navigate to Your Orders: Once you're logged in, locate the '{{Online Order Interaction}}' or '{{Online Order Interaction}}' section.
3. Find Your Specific Purchase: Look for the order with the number {{Order Number}} and click on it to view the details.
4. Initiate the Cancellation: Within the order details, you should find an option to '{{Online Order Interaction}}' or similar. Please select that to start the cancellation process.
5. Confirm the Cancellation: The system may ask for further confirmation or additional details regarding the cancellation. Kindly provide the necessary information as prompted.
6. Review the Cancellation Status: After completing the cancellation process, you can check the order status to ensure that the cancellation was successful.

If you encounter any difficulties or have further questions, our dedicated customer support team is available to assist you. Please reach out during {{Customer Support Hours}} at {{Customer Support Phone Number}} or use the Live Chat feature on our {{Website URL}}. Your satisfaction is our top priority, and we appreciate your patience throughout the cancellation process."
cancel_order,want assistance to cancel pyrchase {{Order Number}},"I'm with you, your need for assistance in canceling purchase {{Order Number}}. Your satisfaction is our top priority, and I'm here to guide you through the process seamlessly.

To cancel your purchase, please follow these steps:

1. Sign into Your Account: Begin by logging into your {{Online Company Portal Info}} using your credentials.
2. Access Your Order History: Navigate to the '{{Online Order Interaction}}' or the '{{Online Order Interaction}}' section, which can usually be found in your account dropdown menu.
3. Locate the Relevant Purchase: Look for the specific purchase associated with order number {{Order Number}}. Click on it to view the details.
4. Initiate the Cancellation: Within the purchase details page, you should see an option labeled '{{Online Order Interaction}}'. Please select this option to initiate the cancellation process.
5. Complete the Cancellation: Follow any instructions provided by the system to finalize the cancellation process.

If you encounter any difficulties or have further questions during the cancellation process, our dedicated team is available to assist you. Feel free to reach out to us during {{Customer Support Hours}} at {{Customer Support Phone Number}}, or use the Live Chat feature on our {{Website URL}}.

We value your trust in our services and are committed to ensuring your satisfaction."
cancel_order,i need assistance to cancel order {{Order Number}},"I've noticed that you need assistance with canceling order {{Order Number}}, and I'm here to guide you through the process. Rest assured, we will work together to resolve this matter:

1. **Access Your Account**: Begin by logging into your {{Online Company Portal Info}} using your credentials.
2. **Navigate to Orders**: Once logged in, navigate to the '{{Online Order Interaction}}' or '{{Online Order Interaction}}' section of your account.
3. **Find the Order**: Look for the order with the number {{Order Number}}. Click on it to view the details.
4. **Initiate Cancellation**: Within the order details page, you will find the option to '{{Online Order Interaction}}'. Please select this option.
5. **Follow Confirmation Steps**: The system may ask you a few questions to confirm the cancellation. Please follow the instructions and provide any necessary feedback.

If you encounter any difficulties or have additional questions, please don't hesitate to reach out to our dedicated support team. They are available {{Customer Support Hours}} at {{Customer Support Phone Number}} or through the Live Chat on our website at {{Website URL}}. We value your satisfaction and are here to assist you every step of the way."
cancel_order,cancelling order {{Order Number}},"I grasp your request to cancel order {{Order Number}}. Our main priority is to assist you in the cancellation process and provide a seamless experience. To proceed with canceling your order, follow these steps:

1. Access Your Account: Log in to your {{Online Company Portal Info}} using your credentials.
2. Locate the Order: Navigate to the '{{Online Order Interaction}}' or '{{Online Order Interaction}}' section of your account.
3. Identify the Order: Look for the specific order with the order number {{Order Number}} and click on it to view the details.
4. Initiate Cancellation: Within the order details page, you will find an option labeled '{{Online Order Interaction}}'. Please select this option.
5. Confirmation and Feedback: The system may ask for additional confirmation or ask for feedback on your cancellation. Please confirm or provide any necessary feedback as prompted.

If you have any questions or encounter any difficulties along the way, our dedicated team is available during {{Customer Support Hours}} to provide assistance. You can reach us at {{Customer Support Phone Number}} or via the Live Chat feature on our website at {{Website URL}}. Your satisfaction is our priority, and we are committed to resolving any concerns you may have."
cancel_order,"I have ordered some item, cancel purchase {{Order Number}}","I'm conscious of the reality that you need assistance with canceling your purchase with the purchase number {{Order Number}}. I apologize for any inconvenience this has caused. Here's what you can do to cancel your purchase:

1. Visit the {{Online Company Portal Info}}: Log in to your account using your credentials.
2. Navigate to Your Orders: Once you're logged in, find the '{{Online Order Interaction}}' or '{{Online Order Interaction}}' section.
3. Locate Your Purchase: Look for the purchase associated with the purchase number {{Order Number}} and click on it to view the details.
4. Initiate the Cancellation Process: Within the purchase details, you should find an option labeled '{{Cancel Purchase}}'. Please select this option to initiate the cancellation.
5. Confirm the Cancellation: The system may ask you to confirm the cancellation. Follow the prompts and provide any necessary feedback.

If you encounter any issues or have further questions, our dedicated support team is here to help. You can reach us during {{Customer Support Hours}} at {{Customer Support Phone Number}} or through the Live Chat on our website at {{Website URL}}. We value your satisfaction and are committed to assisting you with the cancellation process."
cancel_order,i can no longer pay for purchase {{Order Number}},"I'm sorry to hear that you're unable to proceed with the payment for your purchase of item {{Order Number}}. I understand that unexpected situations can arise, and we're here to assist you. It's important to cancel the order to ensure the item isn't reserved for you unnecessarily. Here's what you can do:

1. Sign in to your {{Online Company Portal Info}}.
2. Navigate to your '{{Online Order Interaction}}' or '{{Online Order Interaction}}' section.
3. Locate the purchase associated with the order number {{Order Number}}.
4. Initiate the cancellation process by selecting the '{{Online Order Interaction}}' option.
5. Complete any further steps or respond to any prompts that may appear.

If you encounter any difficulties or have any questions during this process, our dedicated support team is available to assist you. You can reach out to us during {{Customer Support Hours}} at {{Customer Support Phone Number}} or through the Live Chat on our website at {{Website URL}}. We value your satisfaction and are committed to helping you through this situation."
cancel_order,I need assistance canceling purchase {{Order Number}},"I've picked up that you need assistance with canceling your purchase with the order number {{Order Number}}. Your satisfaction is our utmost priority, and I'm here to help you through the process. To cancel your purchase, please follow these steps:

1. Sign in to Your Account: Start by logging in to your {{Online Company Portal Info}} using your credentials.
2. Access Your Orders: Navigate to the '{{Online Order Interaction}}' or '{{Online Order Interaction}}' section, where you can view your recent purchases.
3. Locate Your Purchase: Look for the specific purchase with the order number {{Order Number}} and click on it for more details.
4. Initiate Cancellation: You should find the option labeled '{{Online Order Interaction}}' associated with your purchase. Please select this to proceed with the cancellation.
5. Confirm the Cancellation: The system may require you to provide additional information or confirm your decision. Kindly follow the prompts to complete the cancellation process.

If you encounter any difficulties or have further questions during the cancellation process, our dedicated team is available to provide assistance. You can reach us during {{Customer Support Hours}} at {{Customer Support Phone Number}} or via the Live Chat feature on our {{Website URL}}. We appreciate your understanding, and we'll do our best to ensure a seamless experience for you."
cancel_order,"I do not want this item, cancel order {{Order Number}}","I've observed that you no longer want the item associated with the order number {{Order Number}}. I apologize for any inconvenience this may have caused. Let's proceed with canceling your order to ensure your satisfaction. Here's what you need to do:

1. Sign into Your Account: Log in to your {{Online Company Portal Info}}.
2. Access Your Orders: Go to the '{{Online Order Interaction}}' or '{{Online Order Interaction}}' section.
3. Locate the Order: Look for the order with the number {{Order Number}} and click on it.
4. Initiate Cancelation: You will find a '{{Online Order Interaction}}' option associated with your purchase. Please select it.
5. Confirm the Cancellation: Follow any additional prompts or provide feedback as required to complete the cancellation process.

If you have any further questions or encounter any hiccups along the way, our dedicated support team is available to assist you. You can reach out to us during {{Customer Support Hours}} at {{Customer Support Phone Number}} or use the Live Chat feature on our {{Website URL}}. Your satisfaction is our top priority, and we are here to ensure a seamless experience for you."
cancel_order,i need assistance cancelling purchase {{Order Number}},"I've deduced from your message that you're seeking assistance with canceling your purchase with the purchase number {{Order Number}}. We apologize for any inconvenience this may have caused, and we are here to help you through the process. To cancel your purchase, please follow these steps:

1. Sign in to your account on our {{Online Company Portal Info}}.
2. Navigate to your ""{{Online Order Interaction}}"" or ""{{Online Order Interaction}}"" section.
3. Locate the purchase with the order number {{Order Number}} and click on it.
4. Look for the option ""{{Online Order Interaction}}"" associated with the purchase and click on it.
5. Follow any additional prompts or instructions provided by the system to complete the cancellation process.

If you encounter any difficulties or have further questions, do not hesitate to reach out to our dedicated support team. You can contact them during {{Customer Support Hours}} at {{Customer Support Phone Number}}, or use the Live Chat feature on our {{Website URL}}. We are committed to ensuring your satisfaction and are ready to assist you every step of the way."
cancel_order,ened help with cancelling purchase {{Order Number}},"I recognize that you need help with canceling purchase {{Order Number}}. I apologize for any inconvenience this may have caused you. Let me guide you through the cancellation process.

First, please log into your {{Online Company Portal Info}} using your credentials. Once you're signed in, navigate to the '{{Online Order Interaction}}' or '{{Online Order Interaction}}' section.

Look for the purchase with the order number {{Order Number}} and click on it to access the details. You should see an option labeled '{{Online Order Interaction}}'. Please select this option to initiate the cancellation process.

In some cases, the system may ask you a few questions to confirm the cancellation or gather feedback. Please provide the necessary information or feedback to proceed.

If you encounter any difficulties or if you have any additional questions, please don't hesitate to reach out to our dedicated customer support team. You can contact us during {{Customer Support Hours}} at {{Customer Support Phone Number}} or through the Live Chat feature on our {{Website URL}}. We are here to support you every step of the way to ensure your satisfaction."
cancel_order,I need assistance cancelling order {{Order Number}},"I'm cognizant of the fact that you need assistance with canceling order {{Order Number}}. Our team is here to help you through the process and ensure your satisfaction. Here's what you can do:

1. Access Your Account: Log in to your {{Online Company Portal Info}} using your credentials.
2. Locate Your Orders: Once you're signed in, navigate to the '{{Online Order Interaction}}' or '{{Online Order Interaction}}' section.
3. Find the Specific Order: Look for the order associated with the number {{Order Number}} and click on it to access the details.
4. Initiate the Cancellation: Within the order details, you should find an option labeled '{{Online Order Interaction}}'. Please proceed with selecting it.
5. Confirm the Cancellation: Our system may present a confirmation prompt or ask for additional information. Please follow the instructions and provide any required details to complete the cancellation process.

If you encounter any challenges or have additional questions, please don't hesitate to reach out. Our dedicated support team is available during {{Customer Support Hours}} at {{Customer Support Phone Number}} or through Live Chat on our {{Website URL}}. We're committed to ensuring your needs are met and your experience with us is seamless."
cancel_order,can ya help me cancel purchase {{Order Number}},"Certainly, I'm here to assist you with canceling purchase {{Order Number}}. Let's work through this together:

1. **Access Your Account**: Start by logging in to your {{Online Company Portal Info}} using your credentials.
2. **Find Your Orders**: Once logged in, navigate to the '{{Online Order Interaction}}' or '{{Online Order Interaction}}' section.
3. **Locate the Purchase**: Look for the purchase connected to the order number {{Order Number}} and select it to view the details.
4. **Initiate the Cancellation**: You'll find the option labeled '{{Online Order Interaction}}' associated with the specific purchase. Click on it to begin the cancellation process.
5. **Complete Any Additional Steps**: The system may present some questions or prompts for confirmation or feedback. Please follow the instructions provided to successfully cancel the order.

If you encounter any challenges or have further questions, our dedicated team is available to assist you during {{Customer Support Hours}}. You can reach us at {{Customer Support Phone Number}} or use the Live Chat feature on our {{Website URL}}. Rest assured, we're committed to ensuring your satisfaction every step of the way."
cancel_order,want assistance cancelling purchase {{Order Number}},"I appreciate that you would like assistance in canceling your purchase with the order number {{Order Number}}. Your satisfaction is our top priority, and we are here to help you through this process.

To proceed with the cancellation, please follow these steps:

1. Access Your Account: Log in to your {{Online Company Portal Info}} using your credentials.
2. Locate Your Orders: Once logged in, navigate to the '{{Online Order Interaction}}' or '{{Online Order Interaction}}' section.
3. Find the Relevant Purchase: Look for the purchase associated with the order number {{Order Number}} and click on it for more details.
4. Initiate the Cancellation: On the purchase page, you should see an option labeled '{{Online Order Interaction}}'. Please select this option to initiate the cancellation process.
5. Confirm the Cancellation: The system may prompt you to confirm the cancellation or provide feedback. Please follow the instructions provided.

If you encounter any difficulties or have further questions, our dedicated support team is ready to assist you. Feel free to reach out to us during {{Customer Support Hours}} at {{Customer Support Phone Number}} or via the Live Chat feature on our {{Website URL}}. Rest assured, we are committed to ensuring your satisfaction and resolving any concerns you may have."
cancel_order,I can no longer pay for purchase {{Order Number}},"I'm attuned to the idea that you're unable to make the payment for your purchase with the order number {{Order Number}}. I'm here to help you with the cancellation process, which will also remove the payment requirement. Please follow these steps:

1. Access Your Account: Log in to your {{Online Company Portal Info}} using your credentials.
2. Locate Your Order: Navigate to the '{{Online Order Interaction}}' or '{{Online Order Interaction}}' section to find the order linked to purchase {{Order Number}}.
3. Initiate Cancellation: Look for the option labeled '{{Online Order Interaction}}' associated with your purchase. Click on it to begin the cancellation process.
4. Confirm Cancellation: The system may prompt you to confirm your cancellation request. Please provide any necessary details or feedback to complete the process.
5. Payment Adjustments: Since you mentioned difficulties in making the payment, canceling the order will automatically cancel the payment requirement. You won't have to worry about any pending charges or payment obligations.

If you need any further assistance or encounter any issues along the way, our dedicated support team is available during {{Customer Support Hours}}. You can reach us by calling {{Customer Support Phone Number}} or via Live Chat on our {{Website URL}}. We are committed to your satisfaction and will ensure a smooth resolution for you."
cancel_order,want assistance canceling order {{Order Number}},"I've been informed that you want assistance with canceling your order with the order number {{Order Number}}. We're here to help you with that process. Here's what you need to do:

1. Log In to Your Account: Start by logging in to your {{Online Company Portal Info}}.
2. Go to Order History: Once logged in, navigate to the '{{Online Order Interaction}}' or '{{Online Order Interaction}}' section.
3. Locate Your Order: Look for the order number {{Order Number}} and click on it for more details.
4. Initiate Cancellation: You will find a '{{Online Order Interaction}}' option associated with your purchase. Please select it.
5. Follow Any Additional Steps: The system might prompt you to confirm your cancellation or provide feedback. Please follow the instructions provided.

If you encounter any difficulties or have further questions during the process, our dedicated support team is available to assist you. You can reach us during {{Customer Support Hours}} at {{Customer Support Phone Number}} or through the Live Chat on our website at {{Website URL}}. Your satisfaction is our priority, and we appreciate your trust in us."
cancel_order,is it possible to cancel purchase {{Order Number}}?,"I've ascertained that you are wondering if it's possible to cancel purchase {{Order Number}}. Rest assured, we are committed to addressing your request promptly and efficiently. To initiate the cancellation process, please follow these steps:

1. Log into your {{Online Company Portal Info}}.
2. Navigate to the '{{Online Order Interaction}}' or '{{Online Order Interaction}}' section of your account.
3. Locate the purchase with the order number {{Order Number}}.
4. Click on the purchase to access the details.
5. Look for the '{{Online Order Interaction}}' option associated with the purchase and select it.
6. Follow any additional prompts or instructions to complete the cancellation.

If there are any challenges along the way or if you have any further questions, our dedicated team is here to assist you. Get in touch with us during {{Customer Support Hours}} through our {{Customer Support Phone Number}} or via Live Chat on our {{Website URL}}. We appreciate your patience and understanding as we work towards resolving this for you."
cancel_order,what do I need to do to cancel purchase {{Order Number}}?,"I gather that you're seeking guidance on canceling purchase {{Order Number}}. To cancel your purchase, please follow these steps:

1. Sign in to Your Account: Visit our {{Online Company Portal Info}} and log in using your credentials.
2. Access Your Orders: Navigate to '{{Online Order Interaction}}' or '{{Online Order Interaction}}' section.
3. Locate the Purchase: Find the order with the purchase number {{Order Number}} and click on it for details.
4. Initiate Cancellation: Look for the option '{{Online Order Interaction}}' associated with your purchase and select it.
5. Confirm Cancellation: Follow any additional steps or prompts to complete the cancellation process.

If you encounter any difficulties during the cancellation process or have any further questions, our dedicated customer support team is available to assist you. You can reach us during {{Customer Support Hours}} at {{Customer Support Phone Number}} or via the Live Chat feature on our website at {{Website URL}}. We appreciate your understanding and apologize for any inconvenience caused."
cancel_order,I want help cancelling purchase {{Order Number}},"I'm on the same page, your desire for assistance in canceling your purchase with the order number {{Order Number}}. It's essential to ensure a smooth process for you. Let me guide you through it step-by-step:

1. **Access Your Account**: Please log in to your {{Online Company Portal Info}} using your credentials.
2. **Check Your Order History**: Once logged in, navigate to either the '{{Online Order Interaction}}' or '{{Online Order Interaction}}' section.
3. **Locate the Relevant Purchase**: Look for the purchase associated with the order number {{Order Number}} and click on it to view the details.
4. **Initiate the Cancellation**: You should find a '{{Online Order Interaction}}' option linked to the purchase. Kindly proceed with canceling it.
5. **Complete the Process**: It's possible that the system may prompt you for further confirmation or feedback. Please follow any additional instructions provided to finalize the cancellation.

If you encounter any difficulties along the way or have any questions, our dedicated support team is ready to assist you. You can reach us during {{Customer Support Hours}} at {{Customer Support Phone Number}}, or utilize the Live Chat feature available on our {{Website URL}}. Your satisfaction is our priority, and we're here to ensure a seamless cancellation experience for you."
cancel_order,i have a problem with cancelling order {{Order Number}},"I'm cognizant of the fact that you're facing difficulties with canceling your order with the number {{Order Number}}, and I'm here to assist you in resolving this issue. To ensure a smooth cancellation process, please follow these steps:

1. Log into your {{Online Company Portal Info}} using your credentials.
2. Navigate to the '{{Online Order Interaction}}' or '{{Online Order Interaction}}' section. This is where you can find a comprehensive list of your past orders.
3. Locate the specific order with the number {{Order Number}} and click on it for more details.
4. Look for the '{{Online Order Interaction}}' option associated with the order and select it.
5. If prompted, confirm your cancellation request and provide any necessary feedback.

If you encounter any further obstacles or have additional concerns, please do not hesitate to reach out to our dedicated customer support team. Our team is available during {{Customer Support Hours}} at {{Customer Support Phone Number}} or through the Live Chat feature on our website at {{Website URL}}. Your satisfaction is our top priority, and we're committed to helping you resolve this issue promptly."
cancel_order,i cant pay for order {{Order Number}},"I've grasped that you're experiencing difficulties in the payment process for your order with the order number {{Order Number}}. I apologize for any inconvenience this may have caused. To resolve this issue, I recommend the following steps:

1. Verify Payment Details: Double-check the payment information provided, including the payment method, card details, or billing address.
2. Ensure Sufficient Funds: Confirm that there are sufficient funds or credit available for the payment.
3. Try Again: If the payment failed, attempt the payment process again. Sometimes, the transaction may not go through due to a temporary issue.
4. Payment Alternatives: If the issue persists, consider using an alternate payment method, such as another credit card or a different payment service, if available.
5. Contact Support: If the problem continues, please reach out to our customer support team. They have the expertise to assist you further in resolving the payment issue or exploring alternative options.

Rest assured, our team is committed to finding a solution that works best for you. Feel free to contact us during {{Customer Support Hours}} at {{Customer Support Phone Number}} or via the Live Chat feature on our {{Website URL}}. Your satisfaction is our top priority, and we will do our utmost to assist you in completing your order successfully."
cancel_order,canceling purechase {{Order Number}},"I comprehend that you're looking to cancel purchase {{Order Number}}. We apologize for any inconvenience caused. To cancel your purchase, please follow these steps:

1. Sign into your account: Access our platform by logging into your {{Online Company Portal Info}}.
2. Navigate to your orders: Once logged in, go to the '{{Online Order Interaction}}' or '{{Online Order Interaction}}' section.
3. Locate the purchase: Look for the purchase associated with the order number {{Order Number}} and click on it to view the details.
4. Initiate cancellation: On the purchase details page, you should find an option labeled '{{Online Order Interaction}}'. Please select this option to proceed with the cancellation.
5. Confirm cancellation: The system may prompt you to confirm the cancellation. Please follow the instructions provided.
6. Receive confirmation: Once the cancellation is successfully processed, you will receive a confirmation email or notification.

If you encounter any difficulties or have further questions, our dedicated support team is available during {{Customer Support Hours}} via {{Customer Support Phone Number}} or through the Live Chat feature on our {{Website URL}}. We highly value your satisfaction and are here to assist you every step of the way."
cancel_order,I dp not know how to cancel order {{Order Number}},"I've picked up that you're unsure of how to cancel order {{Order Number}}. Don't worry, I'm here to guide you through the process. To cancel your order, please follow these steps:

1. Log into your account: Visit our {{Online Company Portal Info}} and sign in using your credentials.
2. Go to your order history: Once logged in, navigate to the '{{Online Order Interaction}}' or '{{Online Order Interaction}}' section.
3. Locate the specific order: Look for the purchase associated with order number {{Order Number}}.
4. Initiate the cancellation: There should be an option labeled '{{Online Order Interaction}}' next to your purchase. Click on it.
5. Follow any additional instructions: Our system may require you to confirm the cancellation or provide feedback.

If you encounter any difficulties or have further questions, our dedicated support team is ready to assist you. You can reach out to us during our {{Customer Support Hours}} at {{Customer Support Phone Number}} or use the Live Chat feature on our {{Website URL}}. Your satisfaction is our top priority, and we're here to ensure a seamless experience for you."
cancel_order,what do I need to do to cancel order {{Order Number}}?,"I've realized that you're seeking guidance on canceling your order with the order number {{Order Number}}. 

To initiate the cancellation process, please follow these steps:

1. Access Your Account: Begin by logging into your {{Online Company Portal Info}} using your registered credentials.
2. Locate Your Order: Once logged in, navigate to the '{{Online Order Interaction}}' or '{{Online Order Interaction}}' section, where you can view your past purchases.
3. Select the Order: Identify the specific purchase linked to the order number {{Order Number}} and click on it to access the order details.
4. Initiate Cancellation: Within the order details, you will find an option labeled '{{Online Order Interaction}}'. Please select this option to proceed with the cancellation.
5. Confirm the Cancellation: The system may prompt you for confirmation or additional information to process the cancellation. Please provide the necessary details as required.

If you encounter any challenges during the cancellation process or have any further questions, our dedicated team is available to assist you. Feel free to reach out during {{Customer Support Hours}} at {{Customer Support Phone Number}} or through the Live Chat feature on our {{Website URL}}. We are here to ensure your satisfaction every step of the way."
cancel_order,cancel order {{Order Number}},"I comprehend that you're looking to cancel order {{Order Number}}, and I'm here to assist you with that. To cancel your order, please follow these steps:

1. Login to Your Account: Access our platform and log in to your {{Company Account}}.
2. Navigate to Your Orders: Once logged in, go to the ""{{Online Order Interaction}}"" or ""{{Online Order Interaction}}"" section.
3. Find Your Order: Look for the order number {{Order Number}} and click on it to view the details.
4. Initiate Cancellation: Within the order details page, you should see an option to ""{{Online Order Interaction}}"". Please select this option.
5. Confirm Cancellation: The system might ask for confirmation to cancel your order. Please confirm the cancellation request.
6. Await Further Instructions: Once canceled, you will receive a confirmation email with any additional instructions or next steps.

If you encounter any difficulties during the cancellation process or have any further questions, our dedicated team of customer service representatives is available to assist you. You can reach us during {{Customer Support Hours}} at {{Customer Support Phone Number}} or through the Live Chat on our website at {{Website URL}}. We appreciate your understanding and apologize for any inconvenience caused."
cancel_order,I am trying to cancel order {{Order Number}},"I've been informed that you're currently attempting to cancel order {{Order Number}}, and I'm here to assist you with the process. Here are the steps to cancel your order:

1. Sign in to your {{Online Company Portal Info}} using your credentials.
2. Locate the '{{Online Order Interaction}}' or '{{Online Order Interaction}}' section.
3. Find the specific order with the number {{Order Number}} and click on it.
4. Look for the option labeled '{{Online Order Interaction}}' associated with your purchase.
5. Follow any additional prompts or provide necessary information to complete the cancellation request.

If you encounter any difficulties or have further questions, our dedicated support team is available during {{Customer Support Hours}} to assist you. You can reach us at {{Customer Support Phone Number}} or use the Live Chat feature on our {{Website URL}}.

I appreciate your patience, and we'll make sure to process your cancellation request as quickly as possible."
cancel_order,I need help with cancellng order {{Order Number}},"I'm aware that you're seeking assistance with canceling your order, specifically with the order number {{Order Number}}. Rest assured that I'm here to guide you through the process and address your concerns effectively.

To cancel your order, please follow these steps:

1. Sign in to Your Account: Access your account by logging in to our {{Online Company Portal Info}} using your username and password.

2. Locate Your Order: Once you're logged in, navigate to the '{{Online Order Interaction}}' or '{{Online Order Interaction}}' section, where you'll find a list of your previous orders.

3. Find the Specific Order: Look for the order with the number {{Order Number}}. Click on it to access the order details.

4. Initiate Cancellation: In the order details page, you should see an option labeled '{{Online Order Interaction}}' or something similar. Click on it to proceed with the cancellation process.

5. Confirm Cancellation: Our system may ask you to confirm your cancellation or provide feedback on your decision. Please provide any required information or select the appropriate options to complete the cancellation process.

If you encounter any difficulties or have further questions along the way, please don't hesitate to reach out to our dedicated customer support team. You can contact them during {{Customer Support Hours}} at {{Customer Support Phone Number}} or use the Live Chat feature on our {{Website URL}}.

We understand that circumstances may change, and we're here to assist you with any modifications you need to make to your order. Your satisfaction is our top priority, and we appreciate your patience throughout this process."
cancel_order,help canceling purchase {{Order Number}},"I realized, you're seeking assistance with canceling your purchase with the purchase number {{Order Number}}. Rest assured, I'm here to help guide you through the process.

To cancel your purchase, follow these steps:

1. Sign in to your {{Online Company Portal Info}} using your credentials.
2. Navigate to the '{{Online Order Interaction}}' or '{{Online Order Interaction}}' section.
3. Look for the specific purchase with the order number {{Order Number}}.
4. Click on the purchase to view the order details.
5. You should see an option labeled '{{Online Order Interaction}}' associated with your purchase. Please select this option.
6. A confirmation message will appear. Review the details and follow any additional prompts, if necessary, to complete the cancellation.

If you encounter any difficulties or have any further questions, our dedicated support team is available to assist you during {{Customer Support Hours}}. Feel free to reach out to us at {{Customer Support Phone Number}} or through the Live Chat feature on our {{Website URL}}. We are committed to providing you with the support you need to ensure your satisfaction."
cancel_order,I need assistance to cancel order {{Order Number}},"I grasp that you're seeking assistance with canceling order {{Order Number}}. Your satisfaction is our priority, and I'm here to guide you through the process. Please follow these steps:

1. Log In: Access our {{Online Company Portal Info}} and sign in to your account.
2. Go to Order History: Once logged in, navigate to the '{{Online Order Interaction}}' or '{{Online Order Interaction}}' section.
3. Locate the Order: Look for the order with the number {{Order Number}} and click on it to view the details.
4. Cancel the Order: You should find an option labeled '{{Online Order Interaction}}' associated with your purchase. Select this option to commence the cancellation process.
5. Confirm Cancellation: The system might request additional confirmation or ask for feedback. Please provide any necessary information to complete the cancellation.

If you encounter any difficulties or have further questions, please don't hesitate to reach out to our dedicated support team. We're available during {{Customer Support Hours}} at {{Customer Support Phone Number}} or through the Live Chat feature on our {{Website URL}}. Your satisfaction is our utmost priority, and we'll do everything we can to assist you."
cancel_order,I have a problem with cancelling order {{Order Number}},"I've got that you're experiencing difficulties with canceling order {{Order Number}}, and I'm here to assist you in resolving this issue. Can you please provide me with more details about the specific problem you're encountering? This will help me better understand the situation and provide you with the most appropriate guidance to cancel your order."
cancel_order,assistance canceling the last order,"I've taken note that you need assistance with canceling your last order. I apologize for any inconvenience this may have caused. To cancel your last order, please follow these steps:

1. Sign in to your {{Online Company Portal Info}} using your registered credentials.
2. Go to the '{{Online Order Interaction}}' or '{{Online Order Interaction}}' section of your account.
3. Locate your most recent order in the list. It should be marked as the last order you made.
4. Click on the order to access the order details.
5. Look for the option labeled '{{Online Order Interaction}}' or something similar.
6. Click on the cancellation option and follow any additional prompts to complete the cancellation process.

If you encounter any issues or need further assistance, please don't hesitate to contact our support team. We are available {{Customer Support Hours}} at {{Customer Support Phone Number}} or through the Live Chat on our website at {{Website URL}}. We are here to help you and ensure your satisfaction."
cancel_order,assistance to cancel order {{Order Number}},"I'll do my best! I'm here to provide you with the necessary assistance to cancel order {{Order Number}}. I understand that you are looking to cancel this specific order, and I want to ensure a smooth and satisfactory experience for you. To proceed with the cancellation, please follow these steps:

1. Sign in to your {{Online Company Portal Info}} using your credentials.
2. Navigate to your '{{Online Order Interaction}}' or '{{Online Order Interaction}}'
3. Locate the order with the order number {{Order Number}} and click on it.
4. Look for the option to '{{Online Order Interaction}}' and select it.
5. If prompted, provide any required information or reason for cancellation.
6. Finally, confirm the cancellation to complete the process.

If you encounter any difficulties or have further questions, our dedicated support team is available during {{Customer Support Hours}}. You can reach us at {{Customer Support Phone Number}} or use the Live Chat feature on our {{Website URL}} for immediate assistance. We appreciate your trust and cooperation throughout this process, and we are committed to ensuring your satisfaction."
cancel_order,"I don't want this product, cancel purchase {{Order Number}}","I can tell that you no longer want to proceed with the purchase of the product associated with the order number {{Order Number}}. I apologize for any inconvenience caused, and I will assist you in canceling the purchase. To initiate the cancellation process, please follow these steps:

1. Sign into Your Account: Access our platform by signing in to your {{Online Company Portal Info}}.
2. Navigate to Your Orders: Once signed in, go to the '{{Online Order Interaction}}' or '{{Online Order Interaction}}' section.
3. Find Your Order: Look for the order with the number {{Order Number}} and click on it to view the details.
4. Initiate Cancellation: You should see an option labeled '{{Online Order Interaction}}' associated with your purchase. Please select this option to proceed with canceling the purchase.
5. Confirm Cancellation: The system may ask you to confirm the cancellation or provide feedback. Please follow the prompts to complete the cancellation process.

If you encounter any difficulties or have any further questions, our dedicated customer support team is available to assist you. Reach out to us during {{Customer Support Hours}} at {{Customer Support Phone Number}} or use the Live Chat feature on our {{Website URL}}. We value your trust and are committed to ensuring your satisfaction."
cancel_order,need help canceling purchase {{Order Number}},"Certainly, I understand that you require assistance with canceling purchase {{Order Number}}. Your request has been acknowledged, and our team is here to guide you through the process. 

To proceed with the cancellation, please follow these steps:

1. Sign in to your {{Online Company Portal Info}} using your login credentials.
2. Locate the '{{Online Order Interaction}}' or '{{Online Order Interaction}}' section within your account.
3. Identify the purchase associated with the order number {{Order Number}} and click on it for more details.
4. You should find a '{{Online Order Interaction}}' option linked with your purchase. Kindly initiate the cancellation by selecting this option.
5. The system may ask you a few questions for feedback or confirmation. Please complete the prompts as necessary.

Should you encounter any difficulties or have additional questions, our dedicated team is available to assist you. Reach out to us during {{Customer Support Hours}} at {{Customer Support Phone Number}} or utilize the Live Chat feature on our {{Website URL}}. Ensuring your satisfaction is our top priority, and we appreciate your patience throughout this process."
cancel_order,i can no longer afford purchase {{Order Number}},"I truly understand your situation and apologize for any inconvenience this may cause. We are here to assist you with canceling your purchase with the order number {{Order Number}}. Our main priority is to ensure your satisfaction, so we are more than willing to help find a suitable solution for you. Please follow the cancellation process provided earlier, and if you have any further concerns or questions, feel free to reach out to our dedicated team. We are available during {{Customer Support Hours}} at {{Customer Support Phone Number}} or through the Live Chat on our website at {{Website URL}}. Your happiness is important to us, and we want to ensure that you have the best possible experience with us."
cancel_order,how could I cancel purchase {{Order Number}}?,"I'm on the same page that you're seeking guidance on canceling your purchase with the order number {{Order Number}}. Rest assured, I'm here to assist you throughout the process. Let's proceed step-by-step:

1. Access Your Account: Start by logging into our {{Online Company Portal Info}} using your credentials.
2. Visit Order History: Once logged in, navigate to the '{{Online Order Interaction}}' or '{{Online Order Interaction}}' section.
3. Locate Your Purchase: Look for the purchase associated with the order number {{Order Number}} and click on it.
4. Initiate Cancellation: You should find an option labeled '{{Online Order Interaction}}' linked to your purchase. Please select it to begin the cancellation process.
5. Follow Any Additional Steps: Our system might require some additional information or confirmation. Please provide the necessary details as requested.

Should you encounter any difficulties or have further inquiries, don't hesitate to reach out to our dedicated support team. You can contact us during {{Customer Support Hours}} at {{Customer Support Phone Number}} or use the Live Chat feature on our website at {{Website URL}}. We appreciate your trust in our services and are committed to ensuring your satisfaction."
cancel_order,i want help canceling purchase {{Order Number}},"I realized, you're seeking assistance with canceling purchase {{Order Number}}. Your request is important to us, and we're here to guide you through the process. Here's what you need to do:

1. Access Your Account: Begin by signing in to your {{Online Company Portal Info}}.
2. Locate Your Orders: Once logged in, navigate to the '{{Online Order Interaction}}' or '{{Online Order Interaction}}' section.
3. Find the Relevant Purchase: Look for the purchase associated with the order number {{Order Number}} and click on it.
4. Initiate the Cancellation: You should see a '{{Online Order Interaction}}' button or a similar option. Please select this to begin the cancellation process.
5. Follow Any Additional Steps: The system may prompt you with a few questions for confirmation or feedback. Please provide the necessary information accordingly.

Should you encounter any difficulties or have further inquiries, our dedicated team is available to assist you. Feel free to reach out during {{Customer Support Hours}} at {{Customer Support Phone Number}} or via the Live Chat feature on our {{Website URL}}. We value your satisfaction and are committed to ensuring a seamless experience."
cancel_order,asistance cancelling purchase {{Order Number}},"Assuredly! I'm here to assist you with canceling your purchase with the purchase number {{Order Number}}. Cancelling a purchase can sometimes be a complicated process, but I'll make sure to guide you through it smoothly. With your cooperation, we'll have this resolved in no time. Please follow these steps:

1. Login to Your Account: Access our platform by signing into your {{Online Company Portal Info}}.
2. Find Your Purchase: Once logged in, go to the '{{Online Order Interaction}}' or '{{Online Order Interaction}}' section.
3. Locate the Relevant Purchase: Look for the purchase associated with the purchase number {{Order Number}} and click on it.
4. Initiate the Cancellation: You should be able to find a '{{Cancel Purchase}}' option linked to your purchase. Please select this.
5. Follow the Prompts: The system might prompt you to provide feedback or additional information to complete the cancellation.

If you encounter any difficulties or have more questions, please feel free to reach out to our dedicated support team. They are available during {{Customer Support Hours}} at {{Customer Support Phone Number}} or through the Live Chat on our website at {{Website URL}}. We appreciate your understanding and patience throughout this process."
cancel_order,i need help cancelling purchase {{Order Number}},"I realized you need assistance with canceling your purchase with the order number {{Order Number}}. Our team is here to help you through this process.

To cancel your purchase, please follow these steps:

1. Log into your {{Online Company Portal Info}} using your credentials.
2. Navigate to the '{{Online Order Interaction}}' or '{{Online Order Interaction}}' section of your account.
3. Locate the purchase with the order number {{Order Number}}.
4. Look for the option labeled '{{Online Order Interaction}}' and select it.
5. You may be asked to provide additional information or confirm the cancellation. Please follow the prompts to complete the process.

If you encounter any difficulties or have further questions, our dedicated support team is available to assist you. You can reach us during {{Customer Support Hours}} at {{Customer Support Phone Number}} or via the Live Chat feature on our {{Website URL}}.

We value your satisfaction and will do our best to ensure a smooth and hassle-free cancellation process."
cancel_order,I do not know what to do tro cancel order {{Order Number}},"I acknowledge that you're unsure about the steps to take in order to cancel your purchase with the order number {{Order Number}}. Don't worry, I'm here to help you. To proceed with the cancellation process, please follow these directions:

1. Log in to your account: Access our platform by signing in with your credentials on our {{Online Company Portal Info}}.
2. Locate your order history: Once you're logged in, navigate to the ""{{Online Order Interaction}}"" or ""{{Online Order Interaction}}"" section.
3. Identify the specific order: Look for the purchase associated with the order number {{Order Number}} and click on it for more details.
4. Initiate the cancellation: On the order details page, you will find the option labeled ""{{Online Order Interaction}}"". Please select this option to proceed with the cancellation.
5. Follow any additional instructions: Our system may ask you to confirm your cancellation or provide feedback. Please follow the prompts and complete any required steps.

If you encounter any difficulties or have any further questions during this process, please don't hesitate to reach out to our dedicated support team. They are available during {{Customer Support Hours}} at {{Customer Support Phone Number}} or through the Live Chat on our website at {{Website URL}}. We are committed to assisting you and ensuring your satisfaction."
cancel_order,cancelling purchase {{Order Number}},"I've understood you're in the process of canceling your purchase with the order number {{Order Number}}. We apologize for any inconvenience this may have caused. To cancel your purchase, please follow these steps:

1. Sign into Your Account: Begin by logging in to your {{Online Company Portal Info}}.
2. Locate Your Orders: Once you're logged in, navigate to the '{{Online Order Interaction}}' or '{{Online Order Interaction}}' section.
3. Find the Relevant Purchase: Look for the purchase associated with the order number {{Order Number}} and click on it.
4. Initiate Cancellation: You should see a '{{Online Order Interaction}}' option related to your purchase. Please select it.
5. Complete the Cancellation Process: Follow any additional prompts or instructions provided by the system to complete the cancellation.

If you encounter any issues or have further questions during the process, our dedicated team is ready to assist you. You can reach out to us during {{Customer Support Hours}} at {{Customer Support Phone Number}}, or use the Live Chat feature on our {{Website URL}}. We appreciate your understanding and cooperation as we work to resolve this for you."
cancel_order,want help cancelling purchase {{Order Number}},"I see what you mean your need for help with canceling purchase {{Order Number}}. I'm here to provide guidance and support.

To cancel your purchase, please follow these steps:

1. Sign in to your account: Go to our {{Online Company Portal Info}} and log in using your credentials.
2. Access your orders: Once logged in, navigate to the '{{Online Order Interaction}}' or '{{Online Order Interaction}}' section.
3. Locate the specific purchase: Look for the purchase associated with the order number {{Order Number}} and click on it.
4. Initiate the cancellation process: Find the option labeled '{{Online Order Interaction}}' and select it.
5. Confirm the cancellation: The system may ask for your confirmation or additional feedback. Please provide the required information to proceed.

If you encounter any difficulties or have further questions, don't hesitate to reach out to our dedicated customer support team. They are available during {{Customer Support Hours}} at {{Customer Support Phone Number}} or through the Live Chat feature on our website at {{Website URL}}.

Your satisfaction is our priority, and we're committed to providing the assistance you need for a smooth cancellation process."
cancel_order,I don't know how I colud cancel order {{Order Number}},"I've picked up that you're unsure about how to cancel your order with the number {{Order Number}}. Allow me to guide you through the process:

1. Access Your Account: Begin by logging into your {{Company Account}} using your credentials.
2. Navigate to Order History: Once logged in, look for the section labeled ""{{Online Order Interaction}}"" or ""{{Online Order Interaction}}"".
3. Locate Your Order: Within the order history, search for the specific order number {{Order Number}} and click on it for more details.
4. Initiate Cancellation: Look for an option labeled ""{{Online Order Interaction}}"" associated with your order. Click on it to initiate the cancellation process.
5. Follow Any Additional Steps: The system may ask for confirmation or additional information to complete the cancellation. Please provide the necessary details as instructed.

If you encounter any difficulties or have further questions, our dedicated customer support team is available during {{Customer Support Hours}} at {{Customer Support Phone Number}}. You can also reach out through the Live Chat feature on our {{Website URL}}. We strive to ensure your satisfaction and will assist you every step of the way."
cancel_order,where can i cancel purchase {{Order Number}},"I acknowledge that you need assistance with canceling purchase {{Order Number}}. To initiate the cancellation process, please follow these steps:

1. Access Your Account: Log in to your {{Online Company Portal Info}} using your credentials.
2. Visit the Order Page: Navigate to the '{{Online Order Interaction}}' or '{{Online Order Interaction}}' section within your account.
3. Locate the Relevant Purchase: Look for purchase {{Order Number}} in the list and click on it for more details.
4. Initiate Cancellation: Look for the '{{Online Order Interaction}}' option associated with the purchase and select it.
5. Complete the Process: Follow any further instructions or prompts to finalize the cancellation.

If you encounter any difficulties or have additional questions, our dedicated customer support team is available during {{Customer Support Hours}} at {{Customer Support Phone Number}} or through the Live Chat feature on our {{Website URL}}. We are committed to ensuring your satisfaction and will assist you every step of the way."
cancel_order,help me cancel purchase {{Order Number}},"I perceive that you're in need of assistance to cancel your purchase with the order number {{Order Number}}, and I'm here to guide you through the process. 

To cancel your purchase, please follow these steps:

1. Sign in to your {{Online Company Portal Info}} using your credentials.
2. Navigate to the '{{Online Order Interaction}}' or '{{Online Order Interaction}}' section of your account.
3. Locate the purchase with the order number {{Order Number}} and click on it to view the details.
4. Look for the option labeled '{{Online Order Interaction}}' associated with this purchase and select it.
5. If prompted, provide any required feedback or follow additional instructions to complete the cancellation process.

If you encounter any issues or have further questions during the process, our dedicated team is available to assist you during {{Customer Support Hours}}. You can reach us at {{Customer Support Phone Number}} or through the Live Chat on our website at {{Website URL}}.

Your satisfaction is our utmost priority, and we're here to ensure a smooth cancellation experience for you."
cancel_order,can you help me cancelong purchase {{Order Number}}?,"I've noticed that you're seeking assistance in canceling purchase {{Order Number}}. I apologize for any inconvenience this may have caused you. To cancel your purchase, please follow these steps:

1. Log in to your {{Online Company Portal Info}} using your credentials.
2. Navigate to the ""{{Online Order Interaction}}"" or ""{{Online Order Interaction}}"" section, where you can find an overview of your past purchases.
3. Look for the purchase with the order number {{Order Number}} and click on it to access the order details.
4. Once you're on the order details page, locate and select the ""{{Online Order Interaction}}"" option associated with your purchase.
5. Follow any additional prompts or confirmations that may appear to complete the cancellation process.

If you encounter any difficulties or have further questions, don't hesitate to reach out to our dedicated support team. They are available during {{Customer Support Hours}} at {{Customer Support Phone Number}} or through the Live Chat feature on our website at {{Website URL}}. We value your satisfaction and are here to assist you every step of the way."
cancel_order,i dont know what to do to cancel purchase {{Order Number}},"I'm cognizant of the fact that you're unsure about the steps to take in order to cancel your purchase with order number {{Order Number}}. Allow me to guide you through the process:

1. Access Your Account: Start by signing into your {{Online Company Portal Info}} using your credentials.
2. Locate Your Order History: Once logged in, navigate to the '{{Online Order Interaction}}' or '{{Online Order Interaction}}' section.
3. Identify Your Purchase: Look for the purchase associated with order number {{Order Number}} and click on it.
4. Initiate Cancellation: Within the order details, you should find an option labeled '{{Online Order Interaction}}'. Please select this option.
5. Follow Any Additional Instructions: The system may require you to confirm the cancellation or provide feedback. Follow the prompts accordingly.

Should you encounter any difficulties or have further questions, our dedicated support team is available to assist you. Please reach out during {{Customer Support Hours}} at {{Customer Support Phone Number}}, or you can also utilize the Live Chat feature on our {{Website URL}}. Rest assured, we are committed to ensuring your satisfaction throughout this process."
cancel_order,I want to cancel order {{Order Number}},"I've understood, you would like to cancel your order associated with the purchase number {{Order Number}}. We apologize for any inconvenience this may have caused. To assist you with the cancellation process, please follow the steps below:

1. Log in to your {{Online Company Portal Info}} using your credentials.
2. Navigate to the '{{Online Order Interaction}}' or '{{Online Order Interaction}}' section.
3. Locate the order with the order number {{Order Number}} and click on it for more details.
4. Look for the '{{Online Order Interaction}}' option associated with the purchase and select it.
5. Follow any additional instructions or prompts provided by the system to confirm the cancellation.

For any further assistance or if you have any questions, please feel free to reach out to our customer support team. They are available during {{Customer Support Hours}} at {{Customer Support Phone Number}} or through the Live Chat feature on our {{Website URL}}. We appreciate your understanding and apologize for any inconvenience caused by the cancellation process."
cancel_order,"I can't afford order {{Order Number}}, could you cancel it?","I realized you're unable to afford order {{Order Number}} and would like to cancel it. I apologize for any inconvenience this may have caused. Rest assured, I'm here to assist you. To cancel the order, please follow these steps:

1. Access your account: Log in to your {{Online Company Portal Info}} using your credentials.
2. Find your order: Navigate to the '{{Online Order Interaction}}' or '{{Online Order Interaction}}' section to locate the purchase with the order number {{Order Number}}.
3. Initiate cancellation: Click on the '{{Online Order Interaction}}' option associated with the purchase.
4. Confirm cancellation: Follow the instructions provided by the system to confirm the cancellation.
5. Request assistance: If you encounter any issues during the cancellation process or have further questions, don't hesitate to reach out to our dedicated support team. You can connect with them during {{Customer Support Hours}} at {{Customer Support Phone Number}} or through the Live Chat on our website at {{Website URL}}.

We appreciate your understanding, and we're committed to ensuring your satisfaction. If there's anything else we can assist you with, please let us know."
cancel_order,i want help to cancel order {{Order Number}},"I'm sensitive to the fact that you need help canceling your order with the order number {{Order Number}}. Your satisfaction is our top priority, and I'm here to assist you through the process.

To cancel your order, please follow these steps:
1. Sign in to your account: Access our platform by logging in to your {{Online Company Portal Info}}.
2. Locate your order: Navigate to the '{{Online Order Interaction}}' or '{{Online Order Interaction}}' section.
3. Find your specific order: Look for the order with the number {{Order Number}} and select it to view its details.
4. Initiate the cancellation: Within the order details, click on the '{{Online Order Interaction}}' option associated with your purchase.
5. Confirm the cancellation: The system may prompt you for confirmation to proceed with the cancellation. Please provide the necessary information as requested.

If you encounter any issues or have further questions, our dedicated team is available to assist you. You can reach us during {{Customer Support Hours}} at {{Customer Support Phone Number}} or through the Live Chat feature on our {{Website URL}}.

We appreciate your understanding and apologize for any inconvenience this may cause. Rest assured, we are committed to providing the best possible support to you throughout the cancellation process."
cancel_order,i want help cancelling order {{Order Number}},"I've grasped that you need assistance with canceling your order with the order number {{Order Number}}. Canceling an order is an important process, and I'm here to guide you step by step. To initiate the cancellation, please follow these instructions:

1. Log into your {{Online Company Portal Info}} using your login credentials.
2. Navigate to the ""{{Online Order Interaction}}"" or ""{{Online Order Interaction}}"" section, where you can find a list of your previous orders.
3. Identify the order with the order number {{Order Number}} and click on it to access the order details.
4. Look for the ""{{Online Order Interaction}}"" option associated with this particular order. Click on it to initiate the cancellation process.
5. Follow any additional prompts or provide feedback, if required, to complete the cancellation successfully.

If you encounter any difficulties or have further questions during the process, don't hesitate to reach out to our dedicated support team. You can contact us during {{Customer Support Hours}} at {{Customer Support Phone Number}} or use the Live Chat feature on our {{Website URL}}. We are committed to providing you with the best possible assistance to ensure your satisfaction."
cancel_order,I do not know how to cancel purchase {{Order Number}},"I'm fully aware that you're unsure about how to cancel purchase {{Order Number}}. I'm here to help guide you through the process:

1. Log into Your Account: Begin by signing into your {{Online Company Portal Info}}.
2. Access Your Order History: Once logged in, navigate to the '{{Online Order Interaction}}' or '{{Online Order Interaction}}' section.
3. Locate the Specific Purchase: Look for the purchase associated with the order number {{Order Number}}, and click on it for more details.
4. Initiating the Cancellation: You'll find an option labeled '{{Online Order Interaction}}' or similar. Please select that to begin your cancellation.
5. Follow Any Additional Steps: Depending on the platform, you may need to provide additional information or confirm the cancellation.

If you encounter any difficulties or have any more questions, our dedicated support team is available to assist you. Reach out to us during {{Customer Support Hours}} at {{Customer Support Phone Number}} or through the Live Chat feature on our {{Website URL}}. We appreciate your patience and will do everything we can to ensure a seamless cancellation process."
cancel_order,"I cannot afford my last item, how can I cancel the order?","I understood, affordability is a concern for you regarding your last purchased item. Our priority is to assist you in resolving this issue. To cancel your order and mitigate any financial burden, please follow these steps:

1. Sign into Your Account: Log in to your {{Online Company Portal Info}} using your credentials.
2. Access Your Order History: Navigate to the '{{Online Order Interaction}}' or '{{Online Order Interaction}}' section, where you can find the purchase details.
3. Locate Your Order: Identify your last item purchase and select it for further information.
4. Initiate Cancellation: Look for the '{{Online Order Interaction}}' option associated with your order. Click on it to proceed.
5. Provide Feedback (Optional): If prompted, feel free to provide any feedback or reason behind your cancellation. It helps us improve our service.

If you encounter any hurdles or require further assistance, our dedicated team is available during {{Customer Support Hours}}. Reach us at {{Customer Support Phone Number}} or through the Live Chat on our website at {{Website URL}}. We genuinely value your satisfaction and will do our utmost to address your concerns effectively."
cancel_order,"I don't want this item, cancel order {{Order Number}}","I'm sympathetic to your situation that you no longer want the item associated with order number {{Order Number}}. We apologize for any inconvenience caused. To cancel the order, please follow these steps:

1. Sign in to your {{Online Company Portal Info}} using your credentials.
2. Go to your '{{Online Order Interaction}}' or '{{Online Order Interaction}}' section.
3. Look for the order with the number {{Order Number}} and select it.
4. Within the order details, locate the option labeled '{{Online Order Interaction}}' and click on it.
5. Complete any necessary confirmation steps if prompted by the system.

If you have any questions or encounter any difficulties during the cancellation process, our dedicated support team is available during {{Customer Support Hours}}. Feel free to reach out to us at {{Customer Support Phone Number}} or through the Live Chat feature on our website at {{Website URL}}. We appreciate your understanding and are here to assist you with any further inquiries."
cancel_order,I no longer want order {{Order Number}},"I've grasped that you no longer want to proceed with order {{Order Number}}. I apologize for any inconvenience this may have caused. Let's address this promptly:

1. **Reach Out to Us**: To cancel the order, it's best to contact our dedicated customer support team directly.
2. **Provide Order Details**: Kindly provide the order number, {{Order Number}}, to the customer support representative for efficient assistance.
3. **Cancellation Process**: Our team will guide you through the cancellation process and ensure that your request is properly handled.

We genuinely appreciate your understanding and cooperation. For further assistance, please contact {{Customer Support Hours}} at {{Customer Support Phone Number}} or reach out through the Live Chat feature on our {{Website URL}}. Your satisfaction is our top priority, and we're here to support you every step of the way."
cancel_order,can you help me to cancel order {{Order Number}}?,"I certainly recognize the urgency and importance of canceling your order with the order number {{Order Number}}. Rest assured, I'm here to assist you every step of the way in canceling your purchase.

To cancel your order, please follow these simple steps:

1. Log in to your {{Online Company Portal Info}} using your credentials.
2. Navigate to the '{{Online Order Interaction}}' or '{{Online Order Interaction}}' section in your account.
3. Locate the specific purchase with the order number {{Order Number}}.
4. Click on the order to view the details.
5. Look for the option labeled '{{Online Order Interaction}}' or something similar and click on it.
6. Follow any additional prompts or instructions to complete the cancellation process.

If you encounter any difficulties or have further questions during the cancellation process, please don't hesitate to reach out to our dedicated customer support team. You can contact us during {{Customer Support Hours}} at {{Customer Support Phone Number}} or use the Live Chat feature on our {{Website URL}}.

Your satisfaction is our top priority, and we're here to ensure a smooth cancellation experience for you."
cancel_order,"I do not want this item, I try to cancel order {{Order Number}}","I pick up what you're putting down, your decision to cancel the order with order number {{Order Number}} because you no longer want the item. We value your satisfaction and want to assist you in resolving this matter. To cancel your order, please follow these steps:

1. Access Your Account: Log in to your {{Online Company Portal Info}} using your credentials.
2. Locate Your Orders: Once logged in, navigate to the '{{Online Order Interaction}}' or '{{Online Order Interaction}}' section.
3. Find the Relevant Purchase: Locate the order with the order number {{Order Number}}, which corresponds to the item you wish to cancel.
4. Initiate the Cancellation: Click on the '{{Online Order Interaction}}' option linked to the specific order.
5. Confirm and Complete: Follow any additional prompts to confirm the cancellation and finalize the process.

If you come across any difficulties along the way or have any further questions, please don't hesitate to reach out to our dedicated support team. They are available {{Customer Support Hours}} at {{Customer Support Phone Number}} or through the Live Chat feature on our website at {{Website URL}}. We are committed to ensuring your satisfaction and will do everything we can to assist you throughout the cancellation process."
cancel_order,I need help canceling order {{Order Number}},"I'm clearly cognizant your need for assistance in canceling order {{Order Number}}, and I'm here to guide you through the process. Please follow these steps:

1. Sign In: Log in to your account on our {{Online Company Portal Info}}.
2. Access Your Orders: Once logged in, navigate to the '{{Online Order Interaction}}' or '{{Online Order Interaction}}' section.
3. Locate the Order: Look for the order number {{Order Number}} and click on it for more details.
4. Initiate the Cancellation: Within the order details page, you should find an option labeled '{{Online Order Interaction}}'. Please select that.
5. Confirm the Cancellation: The system might prompt you to confirm your cancellation request. Kindly provide the necessary confirmation.
6. Seek Assistance: Should you encounter any issues or have further questions, our dedicated team is available during {{Customer Support Hours}} at {{Customer Support Phone Number}} or through Live Chat on our {{Website URL}}.

Rest assured that we value your satisfaction and are committed to providing you with the assistance you need."
cancel_order,i want help canceling order {{Order Number}},"I've deduced from your message that you need assistance with canceling your order associated with the purchase number {{Order Number}}. Rest assured, I'll guide you through the process to make it as seamless as possible. Here's what you need to do:

1. Sign into Your Account: Begin by logging in to your {{Online Company Portal Info}}.
2. Locate Your Orders: Once you're logged in, navigate to the '{{Online Order Interaction}}' or '{{Online Order Interaction}}' section.
3. Find the Relevant Order: Look for the purchase with the order number {{Order Number}} and click on it to view the details.
4. Initiate the Cancellation: You should see an option labeled '{{Online Order Interaction}}'. Please select this to start the cancellation process.
5. Follow Any Additional Instructions: The system may prompt you for further information or ask for confirmation. Kindly follow the instructions and complete any required steps.

If you encounter any difficulties or have any questions along the way, our dedicated support team is available to assist you. You can reach out to us during {{Customer Support Hours}} at {{Customer Support Phone Number}} or utilize the Live Chat feature on our {{Website URL}}. Your satisfaction is our top priority, and we're here to ensure a smooth cancellation process for you."
cancel_order,I don't know how to cancel purchase {{Order Number}},"I acknowledge that you're uncertain about the process of canceling purchase {{Order Number}}. Rest assured, I'm here to guide you through it. Please follow these steps:

1. Sign In to Your Account: Access the {{Online Company Portal Info}} by entering your credentials.
2. Locate Your Orders: Once logged in, navigate to the '{{Online Order Interaction}}' or '{{Online Order Interaction}}' section.
3. Find the Purchase: Look for the purchase associated with the order number {{Order Number}} and select it.
4. Initiate Cancellation: You should see an option labeled '{{Online Order Interaction}}' for this purchase. Please click on it.
5. Complete the Process: Follow any further instructions or questions to finalize the cancellation.

Should you encounter any difficulties along the way or have additional questions, our dedicated team is here to assist you. Get in touch with us during our {{Customer Support Hours}} at {{Customer Support Phone Number}} or use the Live Chat feature on our {{Website URL}}. We value your satisfaction and are committed to providing the support you need."
cancel_order,"I do not want my last bloody item, cancel order {{Order Number}}","I'm picking up what you're putting down, your request to cancel your order with the order number {{Order Number}}. I apologize for any inconvenience caused. To assist you with the cancellation process, please follow these steps:

1. Log in to your account: Access our platform and log in using your credentials.
2. Go to ""Order History"": Once logged in, navigate to the ""Order History"" or ""My Orders"" section.
3. Locate your order: Look for the order labeled with the order number {{Order Number}} and click on it.
4. Initiate cancellation: Within the order details page, you should find an option to ""Cancel Order."" Please select this option.
5. Confirm cancellation: The system may prompt you to confirm the cancellation. Make sure to review the details and confirm your request.

If you encounter any difficulties or have further questions, our dedicated customer support team is available to assist you during {{Customer Support Hours}}. You can reach us at {{Customer Support Phone Number}} or through the Live Chat feature on our {{Website URL}}. Your satisfaction is our top priority, and we're here to help!"
cancel_order,can ya help me to cancel order {{Order Number}},"I'm sensitive to the fact that you're seeking assistance with canceling your order with the order number {{Order Number}}. I'm here to help you with that. To cancel your order, please follow these steps:

1. Sign in to Your Account: Access our platform by signing in to your {{Online Company Portal Info}}.
2. Navigate to Your Orders: Once you're signed in, go to the '{{Online Order Interaction}}' or '{{Online Order Interaction}}' section.
3. Locate Your Order: Look for the order with the order number {{Order Number}} and click on it.
4. Initiate Cancellation: You should find an option labeled '{{Online Order Interaction}}' associated with your purchase. Please select that option.
5. Follow Any Additional Steps: You may be asked a few questions to confirm the cancellation. Kindly provide the necessary information as prompted.

If you encounter any difficulties or have any further questions, our dedicated team is available during {{Customer Support Hours}} at {{Customer Support Phone Number}}. You can also reach out through the Live Chat feature on our {{Website URL}}. We appreciate your trust and are committed to ensuring your satisfaction."
cancel_order,i dont want order {{Order Number}},"I'm fully aware that you no longer want to proceed with your order with the order number {{Order Number}}. We're here to help you with the cancellation process. Here's what you need to do:

1. Access Your Account: Log in to your {{Online Company Portal Info}} using your credentials.
2. Navigate to Your Orders: Once you're logged in, go to the '{{Online Order Interaction}}' or '{{Online Order Interaction}}' section.
3. Locate the Order: Look for the purchase associated with the order number {{Order Number}} and click on it to view the details.
4. Initiate the Cancellation: You should find an option labeled '{{Online Order Interaction}}' linked to your purchase. Please select it.
5. Follow Any Additional Steps: The system may ask for further confirmation or feedback. Kindly provide the necessary information.

If you encounter any difficulties or have any questions along the way, please don't hesitate to reach out to us. Our dedicated team is available during {{Customer Support Hours}} at {{Customer Support Phone Number}} or through the Live Chat feature on our website at {{Website URL}}. We value your satisfaction and are committed to assisting you throughout this process."
cancel_order,could you help me to cancel purchase {{Order Number}}?,"I get that you're seeking assistance in canceling your purchase of the item with the order number {{Order Number}}. I apologize for any inconvenience this may have caused. Allow me to guide you through the cancellation process:

1. Sign In: Log into your {{Online Company Portal Info}} using your credentials.
2. Locate Your Orders: Look for the '{{Online Order Interaction}}' or '{{Online Order Interaction}}' section on the website.
3. Find the Purchase: Identify the order associated with the purchase number {{Order Number}} and select it.
4. Initiate Cancellation: Look for the option labeled '{{Online Order Interaction}}' and click on it to begin the cancellation process.
5. Follow Additional Steps: In some cases, you may be prompted for confirmation or feedback. Please provide any requested information.

If you encounter any difficulties or have further questions, our dedicated customer support team is available to help you. You can reach us during {{Customer Support Hours}} at {{Customer Support Phone Number}} or through the Live Chat feature on our {{Website URL}}. Rest assured, we are committed to ensuring your satisfaction, and we appreciate your trust in us."
cancel_order,have problems wth cancelling order {{Order Number}},"I've noticed that you're encountering difficulties with canceling your order with the order number {{Order Number}}. I apologize for any inconvenience this may have caused. To assist you further, I would need more information about the specific issues you are facing. Could you please provide more details about the problems you're experiencing? This will allow me to provide you with the most accurate guidance and support to help resolve the cancellation issue promptly. Thank you for your patience."
cancel_order,I need help with cancelling purchase {{Order Number}},"I'm cognizant of the fact that you need assistance with canceling purchase {{Order Number}}, and I'm here to guide you through the process. Rest assured, we'll make sure to address this promptly and efficiently.

To cancel your purchase, please follow these steps:

1. Log in to your account: Access our platform by signing in to your {{Online Company Portal Info}}.
2. Go to the order details: Navigate to the '{{Online Order Interaction}}' or '{{Online Order Interaction}}' section within your account.
3. Locate the specific purchase: Look for the order with the number {{Order Number}} and click on it to view its details.
4. Initiate the cancellation: You will find an option labeled '{{Online Order Interaction}}' associated with your purchase. Please select it.
5. Confirm and complete the cancellation: Follow any further instructions presented by the system to finalize the cancellation process.

If you encounter any issues or have further questions along the way, our dedicated team is available to assist you. You can reach us during {{Customer Support Hours}} at {{Customer Support Phone Number}} or use the Live Chat feature on our {{Website URL}}. We greatly appreciate your patience and trust in us to resolve this matter for you."
cancel_order,i dont want this artilce cancel order {{Order Number}},"I've come to understand that you no longer want to proceed with the purchase of this article and would like to cancel order {{Order Number}}. I apologize for any inconvenience caused. To assist you with the cancellation process, please follow these steps:

1. Access Your Account: Log in to your {{Online Company Portal Info}} using your credentials.
2. Locate Your Orders: Once logged in, navigate to the '{{Online Order Interaction}}' or '{{Online Order Interaction}}' section.
3. Find the Relevant Order: Look for the order associated with the order number {{Order Number}} and click on it.
4. Initiate the Cancellation: You will see an option labeled '{{Online Order Interaction}}' linked to your purchase. Please select this option.
5. Provide Feedback (Optional): The system may prompt you to provide a reason for cancellation. Feel free to share any feedback if desired.
6. Confirmation and Refund: After canceling the order, you will receive a confirmation email, and a refund will be processed according to our refund policy.

If you encounter any difficulties or have further questions, our dedicated customer support team is available to assist you during {{Customer Support Hours}}. You can reach us at {{Customer Support Phone Number}} or through the Live Chat feature on our {{Website URL}}. Your satisfaction is our top priority, and we appreciate your understanding and patience throughout this process."
cancel_order,"I bought some article, help canceling order {{Order Number}}","I acknowledge that you purchased an article and need assistance with canceling order {{Order Number}}. Your satisfaction is our priority, and we are here to help you navigate this process smoothly. To cancel your order, please follow these steps:

1. Sign in to your {{Online Company Portal Info}}.
2. Go to your '{{Online Order Interaction}}' or '{{Online Order Interaction}}' section.
3. Locate the order number {{Order Number}} and click on it to access the details.
4. Look for the '{{Online Order Interaction}}' option associated with your purchase and select it.
5. Complete any additional steps or requests prompted by the system.

If you encounter any difficulties or have any questions along the way, our dedicated support team is available during {{Customer Support Hours}} at {{Customer Support Phone Number}}. You can also reach us through the Live Chat feature on our {{Website URL}}. Your satisfaction means a lot to us, and we are committed to providing you with the assistance you need."
cancel_order,can you help me cancelling oredr {{Order Number}}?,"Of course, I'm here to assist you with canceling your order with the order number {{Order Number}}. I understand that canceling your purchase might be challenging for you at the moment. Allow me to guide you through the process and explore any possible options. Let's work together to find a solution that suits your needs and ensures your satisfaction. Your trust is essential, and I'm committed to providing you with the assistance you require."
cancel_order,help  with cancelling order {{Order Number}},"I appreciate that you're in need of assistance with canceling your order. Allow me to guide you through the process:

1. Access Your Account: Start by logging into your {{Online Company Portal Info}} using your credentials.
2. Locate Your Order: Once you're logged in, navigate to the ""{{Online Order Interaction}}"" or ""{{Online Order Interaction}}"" section.
3. Find the Specific Order: Within the order list, identify the order with the number {{Order Number}} and click on it.
4. Initiate Cancellation: Look for the ""{{Online Order Interaction}}"" option associated with your order and select it.
5. Confirm the Cancellation: The system may prompt you to confirm the cancellation. Follow the instructions provided.
6. Seek Additional Assistance: If you encounter any difficulties or have further questions, our dedicated support team is available during {{Customer Support Hours}}. You can reach us by calling {{Customer Support Phone Number}} or using the Live Chat feature on our website at {{Website URL}}.

We appreciate your patience and understanding throughout this process as we aim to ensure your satisfaction."
cancel_order,assistance to cancel purchase {{Order Number}},"I'm sensitive to the fact that you're seeking assistance in canceling your purchase with the order number {{Order Number}}. I apologize for any inconvenience caused by this process. Cancelling an order is an important step, and I appreciate your trust in our support.

To cancel your purchase, please follow these steps:

1. Log into your {{Online Company Portal Info}} using your credentials.
2. Navigate to your '{{Online Order Interaction}}' or '{{Online Order Interaction}}' section, typically found in your account dashboard.
3. Look for the purchase with the order number {{Order Number}}. Click on it to access the order details.
4. Within the order details, you should find a '{{Online Order Interaction}}' option associated with your purchase. Please select it.
5. The cancellation process may require you to answer a few questions or provide feedback. Kindly complete this step.

Should you encounter any issues during the cancellation process or have further questions, our dedicated team is available to assist you. Reach out to us during {{Customer Support Hours}} at {{Customer Support Phone Number}} or utilize the Live Chat feature on our {{Website URL}}. Your satisfaction is our priority, and we are here to ensure a smooth experience for you."
cancel_order,help to cancel purchase {{Order Number}},"I'm here to assist you with canceling purchase {{Order Number}}. I understand that you need urgent help with canceling this specific purchase. To proceed with the cancellation, please follow these steps:

1. Log in to your {{Online Company Portal Info}} using your credentials.
2. Go to your '{{Online Order Interaction}}' or '{{Online Order Interaction}}' section, where you can find a record of all your purchases.
3. Look for the purchase with the order number {{Order Number}} and click on it to access the details.
4. Within the purchase details, you should find the option to '{{Online Order Interaction}}'. Please select this option.
5. If there are any additional steps or questions during the cancellation process, please cooperate and provide the necessary information.

If you encounter any difficulties or have further questions, please don't hesitate to contact our dedicated support team. They are available {{Customer Support Hours}} at {{Customer Support Phone Number}} or through the Live Chat on our website at {{Website URL}}. Your satisfaction is our top priority, and we're here to ensure a seamless cancellation experience for you."
cancel_order,i dont want purchase {{Order Number}},"I'm on your side your desire to cancel purchase {{Order Number}}. We're here to help you with that. To proceed with canceling your purchase, you can follow these steps:

1. Sign into your account: Access our platform by signing in to your {{Online Company Portal Info}}.
2. Go to your order history: Once you're signed in, navigate to the '{{Online Order Interaction}}' or '{{Online Order Interaction}}' section.
3. Locate the specific purchase: Look for the purchase associated with the order number {{Order Number}} and click on it for more details.
4. Initiate the cancellation: Within the purchase details, you'll find the option to '{{Online Order Interaction}}'. Please select it to begin the cancellation process.
5. Complete any additional steps: Depending on the platform, you might be asked to provide feedback or confirm the cancellation. Please follow the prompts to complete the cancellation successfully.

If you encounter any difficulties or have further questions, our dedicated support team is available during {{Customer Support Hours}} at {{Customer Support Phone Number}} or through the Live Chat on our website at {{Website URL}}. We're committed to ensuring your satisfaction and will assist you every step of the way."
cancel_order,help cancelling my bloody purchase,"I'm on the same wavelength, your frustration and urgency to cancel your purchase. I'm here to assist you every step of the way. To cancel your purchase, please follow these instructions:

1. Access Your Account: Log in to your {{Online Company Portal Info}} using your credentials.
2. Locate Your Purchase: Navigate to the '{{Online Order Interaction}}' or '{{Online Order Interaction}}' section to find the specific purchase you want to cancel.
3. Initiate the Cancellation: Look for the option labeled '{{Online Order Interaction}}' associated with your purchase and select it.
4. Confirm the Cancellation: The system may prompt you to confirm your cancellation. Please follow the provided instructions to complete the process.

If you encounter any difficulties or have further questions, please don't hesitate to reach out to our dedicated support team. They are available {{Customer Support Hours}} at {{Customer Support Phone Number}} or through the Live Chat feature on our website at {{Website URL}}. We are committed to resolving this issue and ensuring your satisfaction."
cancel_order,can you help me to cancel order {{Order Number}} ?,"Of course, I'm here to help you with canceling your order associated with the purchase number {{Order Number}}. I understand that circumstances may have changed, and you no longer wish to proceed with this purchase. Let's resolve this for you as quickly as possible. 

To cancel your order, please follow these steps:
1. Sign in to your {{Online Company Portal Info}}.
2. Locate the '{{Online Order Interaction}}' or '{{Online Order Interaction}}' section.
3. Find the order with the purchase number {{Order Number}} and click on it.
4. Look for the option labeled '{{Online Order Interaction}}' and click on it to initiate the cancellation process.
5. Follow any additional prompts or questions to complete the cancellation.

If you encounter any difficulties along the way or have any questions, our dedicated team is available during {{Customer Support Hours}}. You can reach us at {{Customer Support Phone Number}} or through the Live Chat feature on our {{Website URL}}. We value your satisfaction and are committed to assisting you throughout the cancellation process."
cancel_order,canceling order,"I pick up what you're putting down, your need to cancel your order. Let's make this process as smooth as possible. Here's what you need to do:

1. Log in to your {{Online Company Portal Info}}.
2. Navigate to the '{{Online Order Interaction}}' or '{{Online Order Interaction}}' section.
3. Locate the order you want to cancel.
4. Look for the option labeled '{{Online Order Interaction}}' and click on it.
5. Follow any additional prompts or steps to confirm the cancellation.

If you encounter any difficulties or have further questions, our dedicated team is available during {{Customer Support Hours}} at {{Customer Support Phone Number}} or through the Live Chat feature on our {{Website URL}}. We're here to assist you every step of the way. Your satisfaction is our top priority."
cancel_order,I want assistance to cancle purchase {{Order Number}},"I realized you're seeking assistance with canceling your purchase of item {{Order Number}}. I apologize for any difficulties you may have encountered during the cancellation process. Rest assured, I'm here to guide you through it. Here's what you need to do:

1. Sign in to Your Account: Access our platform by logging in to your {{Online Company Portal Info}}.
2. Navigate to Your Orders: Once logged in, go to the '{{Online Order Interaction}}' or '{{Online Order Interaction}}' section.
3. Locate Your Purchase: Look for the purchase associated with the order number {{Order Number}} and click on it for more details.
4. Initiate Cancellation: Within the purchase information, there should be an option labeled '{{Online Order Interaction}}' that you can select.
5. Follow Any Additional Steps: The system might prompt you to provide feedback or confirm the cancellation. Please complete any required steps.

If you encounter any further issues or have any questions along the way, our dedicated support team is ready to assist you. You can reach us during {{Customer Support Hours}} at {{Customer Support Phone Number}} or through the Live Chat feature on our website at {{Website URL}}. Your satisfaction is our priority, and we'll do everything we can to ensure a smooth cancellation process for you."
cancel_order,i do not know how to cancel purchasw {{Order Number}},"I truly understand that you're seeking guidance on canceling your purchase with the order number {{Order Number}}. To cancel your purchase, you can follow these steps:

1. Sign into Your Account: Log in to your {{Online Company Portal Info}} using your credentials.
2. Access Order History: Once signed in, navigate to the '{{Online Order Interaction}}' or '{{Online Order Interaction}}' section.
3. Locate Your Purchase: Look for the purchase associated with the order number {{Order Number}} and click on it.
4. Initiate Cancellation: Within the order details, you should find an option labeled '{{Online Order Interaction}}'. Please select this option to start the cancellation process.
5. Complete Any Additional Steps: The system might ask you to confirm the cancellation or provide feedback. Please follow the instructions provided.

If you encounter any difficulties or have further questions, our dedicated support team is available during {{Customer Support Hours}} at {{Customer Support Phone Number}}. You can also reach us through the Live Chat feature on our {{Website URL}}. We are committed to assisting you and ensuring your satisfaction."
cancel_order,question about cancelling purchase {{Order Number}},"I've understood, you have a question regarding the cancellation of your purchase with order number {{Order Number}}. I'm here to assist you and provide the information you need. Please go ahead and let me know what specific question you have, and I'll do my best to address your concerns and guide you through the cancellation process."
cancel_order,i dont want purchase {{Order Number}} could i cancel it,"I grasp your desire to cancel your purchase with the order number {{Order Number}}. We're here to help you with that. To initiate the cancellation, please follow these steps:

1. Sign in to your {{Online Company Portal Info}} using your credentials.
2. Go to the '{{Online Order Interaction}}' or '{{Online Order Interaction}}' section.
3. Look for the purchase associated with the order number {{Order Number}}. Click on it to access the details.
4. Within the purchase details, locate the option labeled '{{Online Order Interaction}}' and select it.
5. You may be prompted with a few questions to confirm the cancellation. Please provide the necessary information.

If you encounter any difficulties or have further questions throughout the process, we have dedicated support available during {{Customer Support Hours}}. You can reach us at {{Customer Support Phone Number}} or engage with us through the Live Chat feature on our {{Website URL}}. Your satisfaction is important to us, and we're here to assist you every step of the way."
cancel_order,i obught some item help me canceling order {{Order Number}},"I've got that you purchased an item and now need assistance canceling the order with the number {{Order Number}}. Rest assured, I am here to help you navigate through the cancellation process smoothly.

To cancel your order, please follow these steps:

1. Sign into Your Account: Access the {{Online Company Portal Info}} and log in to your account.

2. Locate Your Order: Once logged in, find the section labeled ""{{Online Order Interaction}}"" or ""{{Online Order Interaction}}"". In this section, look for the purchase associated with the order number {{Order Number}} and click on it to view the details.

3. Initiate Cancellation: Within the order details page, you should find the option to ""{{Online Order Interaction}}"". Please click on it to initiate the cancellation process.

4. Follow Any Further Instructions: The system may ask you a few follow-up questions or provide additional guidance to complete the cancellation. Please provide any necessary information and follow the instructions accordingly.

If you encounter any difficulties during this process or have any further questions, don't hesitate to reach out to our dedicated support team. They are available during {{Customer Support Hours}} at {{Customer Support Phone Number}} or through the Live Chat feature on our website at {{Website URL}}.

We appreciate your understanding and apologize for any inconvenience caused. Your satisfaction is our top priority, and we'll do our best to assist you."
cancel_order,I'm trying to cancel purchase {{Order Number}},"I've taken note that you're trying to cancel purchase {{Order Number}}. Our team is here to assist you with this process. Here's what you need to do:

1. Access Your Account: Please log in to your {{Online Company Portal Info}} using your credentials.
2. Locate Your Purchase: Proceed to the '{{Online Order Interaction}}' or '{{Online Order Interaction}}' section to find the purchase with the order number {{Order Number}}.
3. Initiate the Cancellation: Once you've identified the purchase, look for the '{{Online Order Interaction}}' option associated with it. Click on it to begin the cancellation.
4. Complete the Cancellation Steps: Follow any additional instructions prompted by the system to complete the cancellation process.

Please remember that some cancellations may be subject to certain conditions or time limitations. If you encounter any difficulties or have further questions, don't hesitate to reach out. You can contact our dedicated support team during {{Customer Support Hours}} at {{Customer Support Phone Number}} or chat with us through the Live Chat on our website at {{Website URL}}. Your satisfaction is our top priority, and we're committed to providing you with the assistance you need."
cancel_order,i dont khow how to cancel order {{Order Number}},"I acknowledge that you're unsure about how to cancel order {{Order Number}}, and I'm here to guide you through the process. Rest assured, I'll provide you with the necessary steps to cancel your order smoothly.

1. Access Your Account: Begin by logging into your {{Online Company Portal Info}} using your credentials.
2. Locate Your Order: Once you're logged in, navigate to the '{{Online Order Interaction}}' or '{{Online Order Interaction}}' section to find the order in question.
3. Choose the Order: Identify order {{Order Number}} from the list and select it to view its details.
4. Initiate Cancellation: Look for the option labeled '{{Online Order Interaction}}' associated with the purchase and click on it to begin the cancellation process.
5. Follow Instructions: Depending on the platform, you might be prompted to confirm the cancellation or provide feedback. Please follow the on-screen instructions accordingly.

If you encounter any difficulties or have further questions, our dedicated customer support team is available to assist you. You can reach us during {{Customer Support Hours}} at {{Customer Support Phone Number}} or through the Live Chat on our website at {{Website URL}}. Your satisfaction is our top priority, and we're committed to ensuring a hassle-free experience for you."
cancel_order,how can I cancel purchase {{Order Number}}?,"I can see that you're seeking guidance on canceling purchase {{Order Number}}, and I'm here to assist you. To initiate the cancellation process, please follow these steps:

1. Sign in to your {{Online Company Portal Info}} using your credentials.
2. Navigate to the '{{Online Order Interaction}}' or '{{Online Order Interaction}}' section, where you can find a detailed list of your purchases.
3. Locate the purchase with the order number {{Order Number}} and click on it to access the order details.
4. Look for the '{{Online Order Interaction}}' option associated with the purchase and select it.
5. You may be prompted to provide feedback or additional information regarding the cancellation. Kindly complete any necessary steps as guided.

Should you encounter any challenges or have further questions, our dedicated support team is available during {{Customer Support Hours}} at {{Customer Support Phone Number}} or through the Live Chat feature on our {{Website URL}}. We are fully committed to ensuring your satisfaction throughout this process."
cancel_order,I want help to cancle purchase {{Order Number}},"I've realized you're seeking assistance with canceling your purchase with the purchase number {{Order Number}}. Rest assured, I'm here to help you through this process.

To cancel your purchase, please follow these steps:

1. Access Your Account: Log in to our {{Online Company Portal Info}} using your registered credentials.
2. Navigate to Your Orders: Once logged in, find the section named '{{Online Order Interaction}}' or '{{Online Order Interaction}}'.
3. Locate the Relevant Purchase: Look for the purchase associated with the purchase number {{Order Number}} and click on it.
4. Initiate the Cancellation: On the purchase details page, you should find an option labeled '{{Cancel Purchase}}' or something similar. Please click on it.
5. Confirm the Cancellation: The system may ask you to confirm the cancellation. Proceed with the confirmation.

If you encounter any difficulties or have additional questions, our dedicated customer support team is available during {{Customer Support Hours}} at {{Customer Support Phone Number}}. You can also reach out to us through the Live Chat feature on our website at {{Website URL}}. We are committed to ensuring your satisfaction and are here to assist you every step of the way."
cancel_order,I can't afford order {{Order Number}},"I'm fully aware that the cost of order {{Order Number}} is causing financial strain. We aim to support our customers in difficult situations. Let's explore some options together:

1. Contact Customer Support: Reach out to our dedicated customer support team during {{Customer Support Hours}} at {{Customer Support Phone Number}} or through the Live Chat on our website at {{Website URL}}. Explain your financial situation, and they will assist you in finding a suitable solution.

2. Explore Payment Plans: In some cases, we offer flexible payment plans or installment options for customers facing financial constraints. Customer support will provide you with details on the available payment arrangements.

3. Consider Order Modifications: If canceling the entire order is not possible due to our policies, explore the possibility of modifying the order. You can discuss with customer support whether downgrading the order, removing certain items, or adjusting quantities is an option.

4. Seek Third-Party Assistance: If our internal options are not feasible, consider seeking assistance from nonprofit organizations, financial support programs, or local community resources that may be able to provide assistance for your situation.

Remember, we genuinely care about our customers, and we are here to help find a solution that suits your circumstances. Reach out to us at {{Customer Support Phone Number}} or through Live Chat, and we'll strive to assist you in the best way possible."
cancel_order,help me canceling purchase {{Order Number}},"I appreciate that you're seeking assistance with canceling purchase {{Order Number}}. We appreciate your decision and are here to guide you through the process. To cancel your purchase, follow these steps:

1. Log in to your {{Online Company Portal Info}} using your credentials.
2. Navigate to the '{{Online Order Interaction}}' or '{{Online Order Interaction}}' section, where you can find your purchase history.
3. Locate the specific purchase with the order number {{Order Number}} and click on it.
4. Look for the '{{Online Order Interaction}}' option associated with your purchase and select it.
5. Confirm the cancellation when prompted and complete any additional steps, if necessary.

If you encounter any difficulties during the cancellation process or have any questions, please don't hesitate to reach out to our dedicated support team. You can contact us during {{Customer Support Hours}} at {{Customer Support Phone Number}} or engage in a live chat session on our {{Website URL}}. We're here to help ensure a smooth cancellation experience and address any concerns you may have."
cancel_order,I have got to cancel purcahse {{Order Number}},"I'm following your need to cancel purchase number {{Order Number}}. Canceling an order is an important step, and I'm here to guide you through the process. 

To cancel your purchase, please follow these steps:

1. Sign in to your account: Visit our {{Online Company Portal Info}} and log in using your credentials.
2. Access your order history: Once logged in, navigate to the '{{Online Order Interaction}}' or '{{Online Order Interaction}}' section.
3. Locate the specific purchase: Look for the purchase associated with the order number {{Order Number}} and click on it to view the details.
4. Initiate the cancellation: Within the purchase details, you should find an option labeled '{{Online Order Interaction}}'. Please select this option to initiate the cancellation process.
5. Confirm the cancellation: The system may ask for your confirmation or additional information. Please follow the prompts and provide any necessary details to complete the cancellation.

If you face any difficulties or have further questions while canceling your purchase, our dedicated customer support team is available to help you. You can reach out to us during our {{Customer Support Hours}} at {{Customer Support Phone Number}} or through the Live Chat feature on our {{Website URL}}. We value your satisfaction and will do everything we can to assist you in canceling your purchase successfully."
cancel_order,help me to cancel purchase {{Order Number}},"I perceive that you're seeking assistance with canceling your purchase with the order number {{Order Number}}. I apologize for any inconvenience this may have caused you and I'm here to help. To cancel your purchase, please follow these steps:

1. Sign in to your {{Online Company Portal Info}}.
2. Navigate to your '{{Online Order Interaction}}' or '{{Online Order Interaction}}' section.
3. Locate the purchase with the order number {{Order Number}} and click on it.
4. Look for the option to '{{Online Order Interaction}}' associated with your purchase and select it.
5. Follow any additional steps or instructions provided by the system to complete the cancellation process.

If you encounter any difficulties or have further questions, our dedicated support team is available to assist you. You can reach us during {{Customer Support Hours}} at {{Customer Support Phone Number}} or through the Live Chat feature on our website at {{Website URL}}. We are committed to ensuring your satisfaction and appreciate your understanding."
cancel_order,I need help cancelling oredr {{Order Number}},"I can tell that you require assistance with canceling order {{Order Number}}. I apologize for any inconvenience this may have caused. To cancel your order, please follow these steps:

1. Sign in to your {{Online Company Portal Info}} using your credentials.
2. Navigate to the '{{Online Order Interaction}}' or the '{{Online Order Interaction}}' section.
3. Look for the specific order with the order number {{Order Number}} and click on it to view the details.
4. On the order details page, you should see an option to '{{Online Order Interaction}}'. Please select this to initiate the cancellation process.
5. If there are any additional steps or confirmations required, please follow the prompts provided by the system.

If you encounter any difficulties or have any questions during the cancellation process, our dedicated support team is available to assist you. You can reach us during {{Customer Support Hours}} at {{Customer Support Phone Number}} or through the Live Chat feature on our website at {{Website URL}}. We appreciate your understanding and we'll do our best to resolve this for you as quickly as possible."
cancel_order,I need help to cancel order {{Order Number}},"I pick up what you're putting down that you require assistance with canceling your order having the order number {{Order Number}}. Rest assured, I'm here to guide you through the process. Here's what you need to do:

1. Sign in to Your Account: Begin by logging in to our {{Online Company Portal Info}} using your credentials.
2. Visit Your Orders: Once you're logged in, navigate to the '{{Online Order Interaction}}' or '{{Online Order Interaction}}' section.
3. Identify the Specific Order: Look for the order with the number {{Order Number}} in the list and click on it.
4. Initiate the Cancellation: On the order details page, you should find an option labeled '{{Online Order Interaction}}'. Please select this option to start the cancellation process.
5. Follow Any Additional Instructions: Depending on our system, you may need to provide further details or answer some questions. Kindly follow the instructions and provide the necessary information as prompted.

If you encounter any difficulties during the cancellation process or have any questions, please don't hesitate to reach out to our dedicated support team. They are available during {{Customer Support Hours}} at {{Customer Support Phone Number}} or through the Live Chat on our website at {{Website URL}}. Your satisfaction is our utmost priority, and we're committed to serving you in the best possible way."
cancel_order,I no longerr want purchase {{Order Number}},"I see your decision to no longer want to purchase {{Order Number}}. We value your satisfaction and want to assist you in the cancellation process. To cancel your purchase, please follow these steps:

1. Sign into Your Account: Access our platform by logging into your {{Online Company Portal Info}}.
2. Go to Your Orders: Once logged in, navigate to the '{{Online Order Interaction}}' or '{{Online Order Interaction}}' section.
3. Locate Your Purchase: Look for the purchase associated with the order number {{Order Number}} and click on it.
4. Initiate Cancellation: You should see an option labeled '{{Online Order Interaction}}' linked to your purchase. Please select it.
5. Provide Feedback: The system may request some feedback regarding your decision. Kindly provide the necessary information.

If you encounter any difficulties or have further questions during the cancellation process, our dedicated team is always available to assist you. You can contact us during {{Customer Support Hours}} at {{Customer Support Phone Number}} or utilize the Live Chat feature on our {{Website URL}}. Your satisfaction is our priority, and we appreciate your trust in our service."
cancel_order,i have to cancel purchase {{Order Number}},"I'm on your side that you need to cancel your purchase associated with the order number {{Order Number}}. We apologize for any inconvenience this may have caused you. To assist you with the cancellation process, please follow these steps:

1. Sign in to Your Account: Access our platform by logging into your {{Online Company Portal Info}}.
2. Navigate to Your Orders: Once logged in, go to the '{{Online Order Interaction}}' or '{{Online Order Interaction}}' section.
3. Locate Your Order: Look for the purchase linked to the order number {{Order Number}}. Click on it to view the details.
4. Initiate the Cancellation: You will find an option labeled '{{Online Order Interaction}}' associated with your purchase. Please select it.
5. Complete any Further Steps: The system might require some additional information or ask for confirmation. Follow the instructions provided.

If you encounter any difficulties or have further questions, our dedicated support team is available to assist you. You can reach us during {{Customer Support Hours}} at {{Customer Support Phone Number}} or use the Live Chat feature on our {{Website URL}}. We value your satisfaction and will do our best to resolve the cancellation promptly."
cancel_order,i do not know how i can cancel order {{Order Number}},"I'm conscious of the reality that you're unsure about how to cancel your order with the order number {{Order Number}}. I'm here to assist you with this process. To cancel your order, please follow these steps:

1. Access Your Account: Log in to your {{Online Company Portal Info}} using your credentials.
2. Navigate to Your Orders: Once logged in, locate the '{{Online Order Interaction}}' or '{{Online Order Interaction}}' section.
3. Identify Your Order: Look for the purchase with the order number {{Order Number}} and click on it.
4. Initiate Cancellation: Within the order details, you should find an option labeled '{{Online Order Interaction}}'. Please select that option.
5. Confirm and Complete: Follow any additional prompts to confirm the cancellation and finalize the process.

If you encounter any difficulties or have further questions, our dedicated support team is available during {{Customer Support Hours}}. Feel free to reach out to us at {{Customer Support Phone Number}} or through the Live Chat on our website at {{Website URL}}. We're here to ensure your satisfaction and provide the assistance you need."
cancel_order,assistance with cancelling purchase {{Order Number}},"I can tell that you need help canceling your purchase with the order number {{Order Number}}. I apologize for any inconvenience you may have faced and assure you that I'm here to guide you through this process. To initiate your cancellation, please follow these steps:

1. Log into your {{Online Company Portal Info}} using your credentials.
2. Navigate to the '{{Online Order Interaction}}' or '{{Online Order Interaction}}' section.
3. Locate the purchase with the order number {{Order Number}} and click on it to view the details.
4. Look for the option that says '{{Online Order Interaction}}' associated with your purchase and select it.
5. If prompted, provide any necessary feedback or confirmation to complete the cancellation.

Should you encounter any difficulties or have further questions, our dedicated support team is available to assist you during {{Customer Support Hours}}. You can reach us at {{Customer Support Phone Number}} or use the Live Chat feature on our {{Website URL}}. We appreciate your understanding and value your satisfaction."
cancel_order,problem witth cancelling order {{Order Number}},"I fathom that you're experiencing a problem with canceling your order tied to the order number {{Order Number}}, and I apologize for any inconvenience caused. In order to assist you further, could you please provide some more details about the issue you're facing? This will help me identify the problem and provide you with the appropriate solution. Thank you for your cooperation, and I'm here to ensure a resolution that meets your satisfaction."
cancel_order,"I bought some items, help canceling order {{Order Number}}",I can tell that you've made a purchase and now you need assistance with canceling order number {{Order Number}}. Allow me to guide you through the process and provide the necessary support to resolve this for you.
cancel_order,I need assistance with cancelling order {{Order Number}},"I see what you mean that you require assistance in canceling your order with the order number {{Order Number}}. I apologize for any inconvenience this may have caused.

To cancel your order, please follow the steps provided:

1. Sign in to your {{Online Company Portal Info}} using your credentials.
2. Navigate to your '{{Online Order Interaction}}' or '{{Online Order Interaction}}' section.
3. Locate the order with the order number {{Order Number}} and click on it to view the details.
4. Look for the '{{Online Order Interaction}}' option associated with this specific order and select it.
5. Follow any on-screen instructions or prompts to complete the cancellation process.

If you encounter any difficulties or have any further questions, please reach out to our dedicated support team during {{Customer Support Hours}} at {{Customer Support Phone Number}} or through the Live Chat feature on our {{Website URL}}. We are here to assist you and ensure a smooth cancellation experience.

Thank you for your understanding and cooperation."
cancel_order,I need assistance cancelling purcjase {{Order Number}},"I'm conscious of the reality that you need assistance canceling purchase {{Order Number}}. I apologize for any inconvenience this may have caused. To proceed with the cancellation, please follow these steps:

1. Log in to your account: Access our platform by signing in to your {{Online Company Portal Info}}.
2. Go to your order history: Once logged in, navigate to the '{{Online Order Interaction}}' or '{{Online Order Interaction}}' section.
3. Locate the specific purchase: Look for the purchase associated with order number {{Order Number}} and click on it for more details.
4. Initiate the cancellation: You should find a '{{Online Order Interaction}}' option linked to the purchase. Please select this to start the cancellation process.
5. Complete any additional steps: Our system may prompt you with a few questions to confirm the cancellation or provide feedback. Kindly complete these steps as required.

If you encounter any issues or have further questions, our dedicated team is available during {{Customer Support Hours}} at {{Customer Support Phone Number}} or through the Live Chat feature on our website at {{Website URL}}. We are committed to assisting you and ensuring your satisfaction."
cancel_order,what do i need to do to cancel order {{Order Number}},"I've grasped that you're looking for guidance on canceling your order with the order number {{Order Number}}. Here are the steps you need to follow:

1. Access Your Account: Log in to your {{Online Company Portal Info}} using your credentials.
2. Locate Your Orders: Once logged in, navigate to the ""{{Online Order Interaction}}"" or ""{{Online Order Interaction}}"" section.
3. Find the Specific Order: Look for the order with the order number {{Order Number}} and click on it.
4. Initiate the Cancellation: Within the order details, you should see an option to ""{{Online Order Interaction}}"". Please click on that.
5. Confirm the Cancellation: The system may prompt you to confirm the cancellation. Please follow the provided instructions and provide any necessary feedback.

If you encounter any difficulties or have additional questions, our dedicated support team is here to assist you. You can reach out to us during {{Customer Support Hours}} at {{Customer Support Phone Number}} or use the Live Chat feature on our website at {{Website URL}}. We prioritize your satisfaction and will do our best to ensure a smooth cancellation process for you."
cancel_order,I can't pay for purchase {{Order Number}},"I'm conscious of the reality that you're having trouble with payment for purchase {{Order Number}}. I apologize for the inconvenience caused. Our team is here to assist you in resolving this issue promptly. To address this, please follow these steps:

1. Check Payment Information: Ensure that the payment method you're using is valid, has sufficient funds, and is not expired.
2. Try an Alternative Method: If the current payment method is not working, consider trying an alternative method you have available.
3. Contact Customer Support: If the issue persists, please reach out to our dedicated customer support team who will be happy to assist you further.

You can reach our customer support team during {{Customer Support Hours}} at {{Customer Support Phone Number}}. Alternatively, you can also get in touch with us using the Live Chat feature on our website at {{Website URL}}. We understand the importance of resolving this matter for you and appreciate your patience while we work towards a solution."
cancel_order,I do not want purchase {{Order Number}},"I've deduced from your message that you no longer wish to proceed with your purchase of item {{Order Number}}. We value your decision and are here to assist you in canceling your order. To ensure a smooth cancellation process, please follow these steps:

1. Sign into your {{Online Company Portal Info}} using your credentials.
2. Locate the '{{Online Order Interaction}}' or '{{Online Order Interaction}}' section within your account.
3. Find the purchase associated with the order number {{Order Number}} and click on it for details.
4. Look for the option labeled '{{Online Order Interaction}}' and select it to initiate the cancellation process.
5. Complete any additional steps or provide any required feedback prompted by the system.

Should you encounter any difficulties or have any further questions, our dedicated support team is available during {{Customer Support Hours}}. You can reach us at {{Customer Support Phone Number}} or through the Live Chat feature on our {{Website URL}}. Your satisfaction is our priority, and we're here to ensure a hassle-free experience for you."
cancel_order,cancel purchase732201349959,"I'm on your side your need for assistance with canceling your purchase with the order number {{Order Number}}. Rest assured, I'm here to guide you through the process. To cancel your purchase, please follow these steps:

1. Sign in to your account: Visit our {{Online Company Portal Info}} and log in using your credentials.
2. Access your order history: Once you're logged in, navigate to the '{{Online Order Interaction}}' or '{{Online Order Interaction}}' section.
3. Locate the specific purchase: Look for the order marked with the number {{Order Number}} and click on it for more details.
4. Initiate the cancellation: Within the purchase details, you will find an option labeled '{{Online Order Interaction}}'. Please select this to proceed.
5. Confirm the cancellation: The system may require you to confirm your cancellation. Please follow the prompts to complete the process.

If you encounter any issues or have further questions, our dedicated support team is available to assist you. You can reach out to them during {{Customer Support Hours}} at {{Customer Support Phone Number}} or utilize the Live Chat on our {{Website URL}}. Your satisfaction is our top priority, and we appreciate your understanding and patience throughout the cancellation process."
cancel_order,I need help to cancel purchase370795561790,"I've become conscious that you require assistance with canceling your purchase associated with the order number {{Order Number}}. Rest assured, I'm here to guide you through the process to ensure a seamless cancellation experience. Here are the steps you need to follow:

1. Sign into Your Account: Begin by logging into your {{Online Company Portal Info}} using your credentials.
2. Access Your Order History: Once logged in, locate the section labeled '{{Online Order Interaction}}' or '{{Online Order Interaction}}' and click on it.
3. Find the Relevant Purchase: Look for the purchase associated with the order number {{Order Number}}. Click on it to view the order details.
4. Initiate Cancellation: Within the order details page, you should find an option labeled '{{Online Order Interaction}}'. Please click on it to start the cancellation process.
5. Follow Any Additional Steps: The system might prompt you to confirm the cancellation or provide feedback. Kindly follow the instructions provided.

If you encounter any difficulties during the process or have any further questions, our dedicated team is available during {{Customer Support Hours}} to lend you a helping hand. You can reach us at {{Customer Support Phone Number}} or chat with us live on our website at {{Website URL}}. We value your satisfaction and are here to provide the support you need."
cancel_order,want assistance cancelling order {{Order Number}},"I've observed that you're seeking assistance with canceling order {{Order Number}}. Our team is here to help you with this process. To cancel your order, please follow these steps:

1. Log into your {{Online Company Portal Info}} using your credentials.
2. Navigate to the ""{{Online Order Interaction}}"" or ""{{Online Order Interaction}}"" section.
3. Look for the specific purchase associated with the order number {{Order Number}}.
4. Click on the order to access the order details page.
5. On the order details page, you should see an option or link to cancel the order. Please click on it.
6. Follow any additional prompts or instructions to complete the cancellation process.

If you encounter any difficulties or have further questions, please don't hesitate to reach out to our customer support team. They are available during {{Customer Support Hours}} at {{Customer Support Phone Number}} or through the Live Chat on our website at {{Website URL}}. We appreciate your understanding and apologize for any inconvenience caused."
cancel_order,"I can't pay for purchase {{Order Number}}, how can I cancel it?","I understood that you're experiencing difficulties with paying for purchase {{Order Number}}, and I apologize for any inconvenience caused. While canceling the purchase may not directly resolve the payment issue, I'm here to guide you through the cancellation process. By canceling the purchase, you can avoid any additional charges or complications. Here's what you need to do:

1. Sign into Your Account: Access our platform by signing in to your {{Online Company Portal Info}}.
2. Navigate to Your Orders: Once in, head over to the '{{Online Order Interaction}}' or '{{Online Order Interaction}}' tab.
3. Find Your Order: Within this section, you should see the purchase with the order number {{Order Number}}. Please click on it.
4. Initiate Cancellation: There will be an option labeled '{{Online Order Interaction}}' associated with your purchase. Please select this.
5. Complete Any Further Steps: The system might ask you a couple of questions to confirm or provide feedback. Please complete as instructed.

While canceling the purchase can help alleviate any immediate concerns, we strongly recommend reaching out to our payment support team to address the payment issue directly. They will assist you in resolving the payment problem and ensure a seamless experience for you. You can contact them during {{Customer Support Hours}} at {{Customer Support Phone Number}} or use the Live Chat feature on our {{Website URL}}. We appreciate your understanding, and we're committed to assisting you every step of the way."
cancel_order,want assistance canceling purchase {{Order Number}},"I've become conscious that you're seeking assistance in canceling your purchase with the order number {{Order Number}}. We apologize for any inconvenience caused by this situation. To cancel your purchase, please follow these steps:

1. Log into your {{Online Company Portal Info}}.
2. Navigate to your ""{{Online Order Interaction}}"" or ""{{Online Order Interaction}}"" section.
3. Locate the purchase associated with the order number {{Order Number}} and click on it for more details.
4. Look for the ""{{Online Order Interaction}}"" option linked to your purchase and click on it.
5. Follow any additional prompts or confirmations to complete the cancellation process.

If you encounter any difficulties or have further questions, please feel free to reach out to our dedicated customer support team during {{Customer Support Hours}} at {{Customer Support Phone Number}}. We're also available to assist you through the Live Chat feature on our website at {{Website URL}}.

We appreciate your understanding, and we're here to help ensure a smooth resolution for you."
cancel_order,i dont want ordr {{Order Number}} could uhelp me cancel it,"I completely understand that you're seeking assistance with canceling your order with the order number {{Order Number}}. Rest assured, I'm here to help you with that. To proceed with the cancellation, please follow these steps:

1. Sign in to Your Account: Access our platform by logging into your {{Online Company Portal Info}}.
2. Locate Your Order: Once you're logged in, navigate to the '{{Online Order Interaction}}' or '{{Online Order Interaction}}' section.
3. Find the Specific Order: Look for the order with the order number {{Order Number}} and click on it to view the details.
4. Initiate Cancellation: Within the order details, you should see a '{{Online Order Interaction}}' option. Please select that to initiate the cancellation process.
5. Follow Any Additional Steps: The system might prompt you with a few questions or require some additional information for cancellation. Kindly follow the instructions provided to complete the process successfully.

If you encounter any difficulties or have further questions, our dedicated customer support team is available during {{Customer Support Hours}} at {{Customer Support Phone Number}} or through Live Chat on our website at {{Website URL}}. We appreciate your understanding and are committed to ensuring your satisfaction throughout this process."
cancel_order,"I cannot afford order {{Order Number}}, I need help canceling it","I'm clearly cognizant that affordability is a concern for you regarding order {{Order Number}}. Rest assured, we are here to assist you in canceling it. To begin the cancellation process, please follow these steps:

1. Log into your {{Online Company Portal Info}} using your credentials.
2. Navigate to the '{{Online Order Interaction}}' or '{{Online Order Interaction}}' section.
3. Locate the order with the number {{Order Number}} and click on it.
4. Look for the option labeled '{{Online Order Interaction}}' and select it.
5. Follow any additional instructions or prompts to complete the cancellation.

If you have any further questions or need additional assistance, our dedicated team is available {{Customer Support Hours}}. You can reach us at {{Customer Support Phone Number}} or through the Live Chat feature on our website at {{Website URL}}. We want to ensure that your experience with us is as satisfactory as possible."
cancel_order,where can I cancel purchase {{Order Number}}?,"I'm not mistaken the urgency of canceling purchase {{Order Number}}. To cancel your purchase, please follow these steps:

1. Login to Your Account: Start by logging into your {{Online Company Portal Info}} using your credentials.

2. Go to Order History: Once you're logged in, navigate to the '{{Online Order Interaction}}' or '{{Online Order Interaction}}' section. This is where you will find a list of your past orders.

3. Locate Your Purchase: Look for the purchase with the order number {{Order Number}}. Click on it to access the details.

4. Initiate Cancellation: In the order details page, you should see an option labeled '{{Online Order Interaction}}'. Please click on it to start the cancellation process.

5. Confirm Cancellation: The system might prompt you for confirmation. Make sure to follow the prompts and complete the cancellation process.

If you encounter any issues or have additional questions, our dedicated customer support team is available during {{Customer Support Hours}} at {{Customer Support Phone Number}}. You can also reach out to us through the Live Chat on our website at {{Website URL}}. We are here to assist you every step of the way."
cancel_order,i can no longer pay fororder {{Order Number}} cancel it,"I realized that you are facing financial difficulties and are unable to proceed with the payment for order {{Order Number}}. Don't worry, I'm here to help you cancel it. To initiate the cancellation process, please follow these steps:

1. Sign into Your Account: Access our platform by logging into your {{Online Company Portal Info}}.
2. Navigate to Your Orders: Once logged in, go to the '{{Online Order Interaction}}' or '{{Online Order Interaction}}' section.
3. Locate the Order: Look for the order associated with the purchase {{Order Number}} and click on it for more details.
4. Initiate Cancellation: You should find an option labeled '{{Online Order Interaction}}' associated with your purchase. Please select this to proceed with the cancellation.
5. Confirm Cancellation: The system might ask you to confirm your cancellation request. Please go ahead and provide the necessary confirmation.

If you face any difficulties or have additional questions, our dedicated team is available to assist you. You can contact us during {{Customer Support Hours}} at {{Customer Support Phone Number}} or through the Live Chat feature on our website at {{Website URL}}. We understand the challenging situation and are here to support you every step of the way."
cancel_order,I don't knowhow to cancel purchase {{Order Number}},"I've grasped that you're unsure about the process of canceling your purchase with the order number {{Order Number}}. Allow me to guide you through it:

1. Sign-in to Your Account: Begin by logging into your {{Online Company Portal Info}} using your credentials.
2. Locate Your Order History: Once logged in, navigate to the '{{Online Order Interaction}}' or '{{Online Order Interaction}}' section.
3. Identify Your Purchase: Look for the purchase associated with the order number {{Order Number}} and access its details.
4. Initiate the Cancellation: Within the purchase details, you should find an option labeled '{{Online Order Interaction}}'. Click on it to start the cancellation process.
5. Follow the Necessary Steps: The system may prompt you for additional information or ask for confirmation before finalizing the cancellation. Please follow the instructions provided.

Remember that our dedicated support team is available to assist you at any step of the way. Reach out to us during {{Customer Support Hours}} at {{Customer Support Phone Number}} or use the Live Chat feature on our {{Website URL}}. We want to ensure your satisfaction with our services and are here to address any questions or concerns you may have."
cancel_order,I do not know how I could cancel purchase {{Order Number}},"I've taken note that you're unsure about how to cancel your purchase with order number {{Order Number}}. I'm here to help you with that. To cancel your purchase, please follow these steps:

1. Sign into Your Account: Log in to your {{Online Company Portal Info}} using your credentials.
2. Locate Your Orders: Once you're logged in, navigate to the '{{Online Order Interaction}}' or '{{Online Order Interaction}}' section of your account.
3. Find the Specific Purchase: Look for the purchase associated with the order number {{Order Number}} and click on it to view the details.
4. Initiate the Cancellation Process: Within the order details, you should find an option labeled '{{Online Order Interaction}}'. Please select that option to start the cancellation process.
5. Follow Any Additional Instructions: Depending on the system, you may be prompted with any further steps or required to provide feedback to complete the cancellation.

If you encounter any difficulties or have any further questions during the process, our dedicated team is available to assist you. Feel free to reach out to us during {{Customer Support Hours}} at {{Customer Support Phone Number}} or use the Live Chat feature on our {{Website URL}}. We appreciate your trust and aim to ensure your satisfaction throughout the cancellation process."
cancel_order,I don't know what to do to cancel purchase {{Order Number}},"I hear you loud and clear your uncertainty about canceling your purchase with the order number {{Order Number}}. Let me guide you through the process step by step:

1. Sign into Your Account: Begin by logging in to your {{Online Company Portal Info}} using your credentials.
2. Locate Your Order: Once logged in, navigate to the '{{Online Order Interaction}}' or '{{Online Order Interaction}}' section in your account.
3. Identify the Purchase: Look for the order number {{Order Number}} in the list of orders and click on it.
4. Initiate the Cancellation: Within the order details, you should find the option to '{{Online Order Interaction}}' associated with your purchase. Please select it.
5. Follow Any Further Steps: The system may prompt you with additional instructions to complete the cancellation process. Please follow them carefully.

Should you encounter any difficulties or have more questions along the way, our dedicated team is available to assist you. Feel free to reach out during {{Customer Support Hours}} by calling {{Customer Support Phone Number}} or using the Live Chat feature on our {{Website URL}}. Your satisfaction is our priority, and we're here to ensure a seamless experience."
cancel_order,i want assistance to cancel order {{Order Number}},"I'm on your side that you need assistance in canceling your order with the order number {{Order Number}}. Our team is here to help you through the process and ensure a seamless experience. To cancel your order, please follow these steps:

1. Sign in to your {{Online Company Portal Info}} using your credentials.
2. Navigate to the '{{Online Order Interaction}}' or '{{Online Order Interaction}}' section.
3. Locate the order with the order number {{Order Number}} and click on it.
4. Look for the option labeled '{{Online Order Interaction}}' and select it.
5. Follow any additional prompts or instructions to complete the cancellation process.

If you encounter any difficulties or have any further questions, please don't hesitate to reach out to our dedicated customer support team. We are available during {{Customer Support Hours}} at {{Customer Support Phone Number}} and through the Live Chat feature on our {{Website URL}}.

We understand the importance of canceling your order and we are committed to providing you with the assistance you need."
cancel_order,I want assistance cancelling order {{Order Number}},"I'm not mistaken the urgency and importance of canceling your purchase with the order number {{Order Number}}. Rest assured, I'm here to provide you with the necessary assistance. Here's what you need to do: 

1. Sign in to your {{Online Company Portal Info}} using your credentials.
2. Locate the section titled ""{{Online Order Interaction}}"" or ""{{Online Order Interaction}}"".
3. Find the order with the associated order number {{Order Number}} and click on it.
4. Look for the option labeled ""{{Online Order Interaction}}"" and select it to initiate the cancellation process.
5. Follow any additional prompts or instructions provided by the system to complete the cancellation successfully.

If at any point you encounter any difficulties or have further questions, please don't hesitate to reach out to our dedicated support team. You can contact us during {{Customer Support Hours}} at {{Customer Support Phone Number}} or through the Live Chat on our website at {{Website URL}}. Your satisfaction is our priority, and we're committed to resolving this matter as quickly as possible."
cancel_order,"I can't pay for this item, cancel order {{Order Number}}","I understand the urgency and frustration of not being able to pay for this item and the need to cancel order {{Order Number}}. We're here to assist you in resolving this issue swiftly. To cancel your order, please follow these steps:

1. Log into your {{Online Company Portal Info}} using your credentials.
2. Navigate to the '{{Online Order Interaction}}' or '{{Online Order Interaction}}' section.
3. Locate the order with the number {{Order Number}} and click on it.
4. Look for the option labeled '{{Online Order Interaction}}' associated with your purchase and select it.
5. Follow any additional prompts or instructions to complete the cancellation process.

If you have any further questions or encounter any difficulties, please don't hesitate to reach out to our dedicated customer support team. You can contact us during {{Customer Support Hours}} at {{Customer Support Phone Number}} or engage in a live chat on our website at {{Website URL}}. We appreciate your patience and understanding as we work to resolve this for you."
cancel_order,want asistance canceling order {{Order Number}},"I've realized that you're seeking assistance with canceling your order with the order number {{Order Number}}. Your request is important to us, and we're here to help you through the process. To cancel your order, please follow these simple steps:

1. Log in to your {{Online Company Portal Info}} using your credentials.
2. Navigate to the '{{Online Order Interaction}}' or '{{Online Order Interaction}}' section.
3. Look for the order with the order number {{Order Number}} and click on it to view the details.
4. Within the order details, you should find a '{{Online Order Interaction}}' option. Please click on it to initiate the cancellation process.
5. The system may prompt you for any additional information or confirmation.
6. Once the cancellation is successfully requested, you will receive a confirmation email.

If you encounter any difficulties or require further assistance, please don't hesitate to reach out to our dedicated support team during {{Customer Support Hours}} at {{Customer Support Phone Number}}. We are also available to help through Live Chat on our {{Website URL}}. Your satisfaction is our utmost priority, and we are committed to resolving this matter swiftly and effectively."
cancel_order,i need assiostance cancelling order {{Order Number}},"I can see that you need assistance with canceling the purchase with order number {{Order Number}}. Rest assured, I'm here to guide you through the process and ensure a smooth cancellation experience. Here are the steps to cancel your order:

1. Sign into Your Account: Begin by logging into your {{Online Company Portal Info}} using your credentials.
2. Locate Your Orders: Once logged in, navigate to the '{{Online Order Interaction}}' or '{{Online Order Interaction}}' section.
3. Find the Relevant Order: Look for the specific purchase associated with the order number {{Order Number}}.
4. Initiate Cancellation: Within the order details, you should find the option to '{{Online Order Interaction}}'. Please click on it.
5. Provide Feedback: If prompted, kindly provide any necessary feedback to help us improve our services.

Should you encounter any difficulties or have additional questions, our dedicated team is available to assist you. You can reach us during {{Customer Support Hours}} at {{Customer Support Phone Number}} or through the Live Chat on our website at {{Website URL}}. We are committed to ensuring your satisfaction and resolving any concerns you may have."
cancel_order,I am trying to cancel purchaes {{Order Number}},"I hear you loud and clear that you're trying to cancel your purchase with the purchase number {{Order Number}}. I'll provide you with the necessary steps to help you cancel it successfully:

1. Sign into Your Account: Please log in to your account using the {{Online Company Portal Info}}.
2. Locate Your Order Details: Once logged in, navigate to the '{{Online Order Interaction}}' or '{{Online Order Interaction}}' section.
3. Find the Purchase in Question: Look for the purchase associated with the order number {{Order Number}} and click on it.
4. Initiate the Cancellation Process: You should see an option labeled '{{Cancel Purchase}}' or something similar. Please select it to proceed with the cancellation.
5. Follow any Additional Instructions: Depending on the system, you might be asked to confirm your cancellation or provide feedback. Please follow the instructions accordingly.

If you encounter any difficulties during the process or have any further questions, please feel free to reach out to our dedicated support team. Contact us during {{Customer Support Hours}} at {{Customer Support Phone Number}} or through the Live Chat feature on our {{Website URL}}. We're here to assist you every step of the way. Your satisfaction is our top priority."
cancel_order,i need help canceling order {{Order Number}},"I've grasped that you need assistance with canceling order {{Order Number}}. I apologize for any inconvenience this may have caused you. Let me help you with that. Here's what you can do to cancel the order:

1. Log into your {{Online Company Portal Info}} using your credentials.
2. Navigate to the '{{Online Order Interaction}}' or '{{Online Order Interaction}}' section, where you can find a list of your orders.
3. Locate the specific order with the order number {{Order Number}}.
4. Look for the option to '{{Online Order Interaction}}'. It may be labeled differently depending on the platform.
5. Click on the '{{Online Order Interaction}}' button and follow the prompts to complete the cancellation process.

If you encounter any issues or have any additional questions, please don't hesitate to reach out to our dedicated customer support team. They are available during {{Customer Support Hours}} at {{Customer Support Phone Number}} or through the Live Chat on our website at {{Website URL}}. We are here to assist you and ensure your satisfaction."
cancel_order,ohw to cancel order {{Order Number}},"I've understood you are looking for information on how to cancel the order with the order number {{Order Number}}. Our team is here to assist you in this process. To cancel your order, please follow these steps:

1. Sign in to Your Account: Access our platform by logging into your {{Online Company Portal Info}}.
2. Go to Your Order History: Once you're logged in, navigate to the '{{Online Order Interaction}}' or '{{Online Order Interaction}}' section.
3. Locate Your Order: Look for the order with the specific order number {{Order Number}} and click on it.
4. Initiate the Cancellation: Within the order details, you should find an option labeled '{{Online Order Interaction}}'. Please select that option to start the cancellation process.
5. Confirm the Cancellation: The system may require you to provide some additional information or confirm your decision. Please follow the prompts and provide the necessary details.
6. Receive Confirmation: Once the cancellation is complete, you should receive a confirmation email or notification informing you about the cancellation of your order.

Should you encounter any difficulties or have further questions, our dedicated customer support team is available to assist you. You can reach us during {{Customer Support Hours}} at {{Customer Support Phone Number}} or through the Live Chat feature on our {{Website URL}}. We value your satisfaction and are committed to providing the support you need."
cancel_order,is it possible to cxancel order {{Order Number}},"I've grasped that you're inquiring about the possibility of cancelling your order with the order number {{Order Number}}. Our cancellation policies vary depending on the specific circumstances and the stage of processing your order is in. I recommend reaching out to our dedicated customer support team during {{Customer Support Hours}} at {{Customer Support Phone Number}} or through the Live Chat feature on our website at {{Website URL}}. They will be able to provide you with the most accurate and up-to-date information regarding the cancellation of your order. Your satisfaction is our priority, and we are here to assist you every step of the way."
cancel_order,i have problems with cancelling purchase {{Order Number}},"I've realized that you are experiencing difficulties in canceling your purchase with the order number {{Order Number}}. I apologize for any inconvenience this may have caused you. 

To assist you further, I kindly request you to provide me with more details about the problems you are encountering while trying to cancel the purchase. This will help me identify the issue and provide you with the most appropriate solution.

Please feel free to share any specific error messages, steps you have taken, or any other relevant information related to the problem you are facing. Once I have a clear understanding, I will do my best to guide you through the cancellation process and resolve any challenges you may be encountering.

Thank you for your patience, and I look forward to assisting you."
cancel_order,where do I cancel purchase {{Order Number}}?,"I'll get right on it! I understand that you are looking for the specific location to cancel purchase {{Order Number}}. Allow me to guide you through the steps:

1. Sign into Your Account: Begin by logging into your {{Online Company Portal Info}} using your credentials.
2. Access Your Orders: Once logged in, navigate to the '{{Online Order Interaction}}' or '{{Online Order Interaction}}' section.
3. Locate the Purchase: Look for the purchase with order number {{Order Number}} and select it.
4. Initiate the Cancellation: Within the purchase details, you should find the option to '{{Online Order Interaction}}'.
5. Follow the Prompts: The system may ask you a few questions to confirm the cancellation. Please follow the prompts and complete the process.

Remember, our team is always here to assist you should you encounter any difficulties. Feel free to contact us during {{Customer Support Hours}} at {{Customer Support Phone Number}} or via the Live Chat feature on our {{Website URL}}. Your satisfaction is our top priority."
cancel_order,I have an question about cancelling order {{Order Number}},"I certainly recognize that you have a question regarding canceling your order with the order number {{Order Number}}. I'm here to assist you with any concerns or queries you may have. Please go ahead and let me know what specific question or doubt you have, and I'll provide you with the necessary information and guidance."
cancel_order,i need assistance with canceling purchase {{Order Number}},"I've grasped that you're seeking assistance with canceling purchase {{Order Number}}, and I'm here to guide you through the process. Cancelling a purchase is important, and we want to ensure a smooth experience for you. Here's what you need to do:

1. Access Your Account: Start by logging in to our {{Online Company Portal Info}}.
2. Locate Your Purchase: Once logged in, navigate to the '{{Online Order Interaction}}' or '{{Online Order Interaction}}' section.
3. Identify the Purchase: Look for the purchase associated with the order number {{Order Number}}. Click on it for more details.
4. Initiate the Cancellation: You'll find the option to '{{Online Order Interaction}}' linked with your purchase. Please select that.
5. Complete the Process: Our system may prompt you for additional information or feedback to finalize the cancellation.

If you encounter any difficulties or have any questions during the process, our dedicated team is available during {{Customer Support Hours}} at {{Customer Support Phone Number}} or through the Live Chat feature on our website at {{Website URL}}. We value your satisfaction and are committed to providing you the assistance you need."
cancel_order,help me to cancel order  {{Order Number}},"I get it your need for assistance in canceling your order with the order number {{Order Number}}. It's frustrating when you want to cancel an order, but don't worry, I'm here to help you with the process. Please follow these steps:

1. Login to Your Account: Access our platform by signing in to your {{Online Company Portal Info}}.
2. Locate Your Order: Once signed in, navigate to your '{{Online Order Interaction}}' or '{{Online Order Interaction}}' section.
3. Find the Relevant Order: Look for the purchase with the order number {{Order Number}} and click on it.
4. Initiate the Cancellation: Within the order details, you should see the option to '{{Online Order Interaction}}'. Please select this to proceed.
5. Confirm Cancellation: The system may ask you to confirm the cancellation. Please provide the necessary details to complete the process.

If you encounter any difficulties or have additional questions along the way, our dedicated team is always available to assist you. You can reach out to us during {{Customer Support Hours}} at {{Customer Support Phone Number}} or use the Live Chat feature on our {{Website URL}}. We are committed to ensuring your satisfaction and resolving any concerns you may have."
cancel_order,i do not know what to do to cancel order {{Order Number}},"I can tell that you're feeling unsure about the steps to take in order to cancel your purchase with the order number {{Order Number}}. Don't worry, I'm here to help guide you through the process.

To cancel your order, please follow these simple steps:

1. Log into your {{Online Company Portal Info}} using your credentials.
2. Navigate to the '{{Online Order Interaction}}' or '{{Online Order Interaction}}' section, where you can view all your previous purchases.
3. Look for the order with the number {{Order Number}} and click on it to access the order details.
4. Within the order details, you should find an option to 'Cancel Order' or 'Request Cancellation'. Please select that option.
5. The system may prompt you to confirm your cancellation or provide additional information. Please provide any necessary details or confirm the cancellation as instructed.

If you encounter any issues or have further questions throughout the process, our dedicated customer support team is available to assist you. Please reach out to us during {{Customer Support Hours}} at {{Customer Support Phone Number}} or utilize the Live Chat feature on our {{Website URL}}.

Remember, we're here to ensure your satisfaction, and we value your trust in our services."
cancel_order,i no longer want order {{Order Number}},"I've got that you no longer want to proceed with order {{Order Number}}, and I'm here to assist you in canceling it. Rest assured, I'll guide you through the process to ensure a seamless experience. 

To cancel the order, follow these steps:

1. Sign in to your account: Access our platform and sign in using your credentials to proceed with the cancellation process.
2. Locate the order details: Once you're logged in, navigate to the '{{Online Order Interaction}}' or '{{Online Order Interaction}}' section of your account. Look for the specific order with the number {{Order Number}}.
3. Initiate the cancellation: Within the order details, you'll find an option labeled '{{Online Order Interaction}}'. Please click on it to start the cancellation process.
4. Confirm the cancellation: A confirmation message may appear to ensure that you want to cancel the order. Proceed by confirming the cancellation. 
5. Await cancellation confirmation: After successfully canceling the order, you should receive a cancellation confirmation notification via email or within your account.

If you encounter any issues during the cancellation process or have further questions, don't hesitate to reach out to our dedicated customer support team. You can contact them during {{Customer Support Hours}} at {{Customer Support Phone Number}} or through our Live Chat on our website at {{Website URL}}. We appreciate your understanding and value your satisfaction as our top priority."
cancel_order,"I no longer want order {{Order Number}}, how do I cancel it?","I realized, you no longer want to proceed with your purchase of order number {{Order Number}}. I apologize for any inconvenience this may have caused. To cancel your order, please follow these steps:

1. Sign into Your Account: Access our {{Online Company Portal Info}} by logging into your account.
2. Locate Your Order: Navigate to the '{{Online Order Interaction}}' or '{{Online Order Interaction}}' section on the platform.
3. Find the Relevant Purchase: Look for the purchase associated with order number {{Order Number}} and click on it to view the details.
4. Initiate the Cancellation Process: You should see the option to '{{Online Order Interaction}}'. Click on it to proceed with the cancellation request.
5. Provide Feedback (Optional): If prompted, you may have the opportunity to provide feedback about your decision to cancel the order. Feel free to share your thoughts if you wish.

If you encounter any difficulties or have further questions, our dedicated customer support team is ready to assist you. You can reach us during {{Customer Support Hours}} at {{Customer Support Phone Number}} or through the Live Chat feature on our website at {{Website URL}}. We appreciate your understanding and look forward to assisting you further."
cancel_order,I cannot afford purchase {{Order Number}},"I understand the financial constraints you are facing and the need to cancel purchase {{Order Number}}. Our goal is to assist you in the best way possible. To proceed with the cancellation, please follow these steps:

1. Sign in to Your Account: Access our {{Online Company Portal Info}} by signing in with your credentials.

2. Navigate to Your Orders: Once you are signed in, locate the '{{Online Order Interaction}}' or '{{Online Order Interaction}}' section.

3. Find the Relevant Purchase: Look for the purchase associated with the order number {{Order Number}} and click on it for more details.

4. Initiate Cancellation: You will see an option labeled '{{Online Order Interaction}}.' Please select this option to begin the cancellation process.

5. Complete the Cancellation: Follow any further instructions or prompts to complete the cancellation successfully.

If you encounter any issues or have any questions during the process, please don't hesitate to contact our dedicated customer support team during {{Customer Support Hours}}. You can reach us at {{Customer Support Phone Number}} or use the Live Chat feature on our website at {{Website URL}}. We are committed to your satisfaction and will do our best to assist you."
cancel_order,"I purchased some items, I want to cancel order {{Order Number}}","I'll make it happen! I understand your desire to cancel order {{Order Number}}, and I'm here to guide you through the process. To initiate the cancellation, please follow the steps below:

1. Sign in to Your Account: Access our platform by signing in to your {{Online Company Portal Info}}.
2. Locate Your Orders: Once logged in, navigate to the '{{Online Order Interaction}}' or '{{Online Order Interaction}}' section.
3. Identify the Target Order: Find the purchase associated with order number {{Order Number}} and select it for more details.
4. Initiate the Cancellation: Look for the '{{Online Order Interaction}}' option linked to the purchase and click on it.
5. Confirm the Cancellation: The system might prompt you to confirm your decision or provide feedback. Kindly follow the instructions and complete any necessary steps.

If you encounter any difficulties during the process or have any further questions, our dedicated team is available to assist you. Reach out to us during {{Customer Support Hours}} at {{Customer Support Phone Number}} or use the Live Chat feature on our {{Website URL}}. Your satisfaction is our utmost priority, and we appreciate your trust in our services."
cancel_order,I have a question about canceling purchase {{Order Number}},"Of course! I'm here to help with any questions you may have regarding canceling your purchase with the order number {{Order Number}}. What specific information or assistance are you looking for? Feel free to share any concerns or queries you have, and I'll do my best to provide you with the answers you need."
cancel_order,need help to cancel purchase {{Order Number}},"I get that you require assistance in canceling your purchase with the order number {{Order Number}}. Allow me to guide you through the process step-by-step:

1. Log into Your Account: Begin by signing in to your {{Online Company Portal Info}} using your credentials.
2. Navigate to Your Orders: Once logged in, locate the '{{Online Order Interaction}}' or '{{Online Order Interaction}}' section on the website.
3. Find the Purchase: Look for the order with the number {{Order Number}} and click on it to access the details.
4. Initiate Cancellation: Within the order information, you will find an option labeled '{{Online Order Interaction}}'. Please select that option.
5. Confirm Your Decision: You may be asked to confirm the cancellation. Follow the instructions provided to complete the cancellation process.

If you encounter any difficulties or have further questions, our dedicated support team is here to assist you. You can reach us during {{Customer Support Hours}} at {{Customer Support Phone Number}}, or you can also utilize the Live Chat feature on our {{Website URL}}. Your satisfaction is our top priority, and we are committed to resolving this matter for you."
cancel_order,i do not know how i could casncel order {{Order Number}},"I'm conscious of the reality that you're unsure about how to cancel order {{Order Number}}. I'm here to assist you throughout the process. To cancel your order, please follow these steps:

1. Access Your Account: Log in to our {{Online Company Portal Info}} using your credentials.
2. Find Your Order History: Once logged in, locate the section labeled '{{Online Order Interaction}}' or '{{Online Order Interaction}}'.
3. Locate the Relevant Purchase: Look for the order with the number {{Order Number}} and click on it for more details.
4. Initiate the Cancellation: You will find an option labeled '{{Online Order Interaction}}' associated with your purchase. Please select that.
5. Complete Any Additional Steps: The system may prompt you to answer a few questions for feedback purposes or to confirm your cancellation. Please provide the necessary information to complete the cancellation process.

If you encounter any difficulties or have further questions, our dedicated support team is available during {{Customer Support Hours}} at {{Customer Support Phone Number}} or through the Live Chat on our website at {{Website URL}}. Your satisfaction is our top priority, and we're here to help ensure a smooth cancellation experience."
cancel_order,i dont want order {{Order Number}} could i cancel it,"I realized, you no longer want to proceed with order {{Order Number}} and would like to cancel it. I'm here to help you with that process and ensure a smooth resolution. Here's what you need to do:

1. Log into Your Account: Access our platform by signing in to your {{Online Company Portal Info}}.
2. Locate Your Orders: Once logged in, find the section labeled '{{Online Order Interaction}}' or '{{Online Order Interaction}}'.
3. Identify the Relevant Purchase: Look for the purchase associated with the order number {{Order Number}}.
4. Initiate Cancellation: Within the details of the purchase, you should see the option to '{{Online Order Interaction}}'. Click on it.
5. Ensure Completion: The system might prompt for additional confirmation or feedback to finalize the cancellation process. Please provide the necessary details.

If you encounter any issues or have any further questions, our dedicated support team is available {{Customer Support Hours}}. Feel free to contact us via phone at {{Customer Support Phone Number}} or chat with us live on our website at {{Website URL}}. We are committed to ensuring your satisfaction and will assist you every step of the way."
cancel_order,have a question about canceling order {{Order Number}},"I comprehend that you have a question about canceling your order associated with the order number {{Order Number}}. I'm here to help! Please go ahead and ask your question, and I'll provide you with the information you need to cancel your order successfully."
cancel_order,"I doln't want order {{Order Number}}, can you cancel it?","I'm following you that you no longer want to proceed with your order with the order number {{Order Number}}. I apologize for the inconvenience caused. To cancel your order, please follow these steps:

1. Log in to your {{Online Company Portal Info}}.
2. Go to the ""{{Online Order Interaction}}"" or ""{{Online Order Interaction}}"" section.
3. Locate your order with the order number {{Order Number}}.
4. Click on the order to access the details.
5. Look for the ""{{Online Order Interaction}}"" option and select it.
6. Follow any additional instructions or prompts to complete the cancellation process.

If you encounter any difficulties or have any questions, our dedicated team is ready to assist you. You can reach out to us during {{Customer Support Hours}} at {{Customer Support Phone Number}} or use the Live Chat feature on our {{Website URL}}. We appreciate your understanding and thank you for choosing our services."
cancel_order,i bought something i wanna cancel order {{Order Number}},"I perceive that you would like to cancel the order with the order number {{Order Number}}. I apologize for any inconvenience caused by this process. To cancel your order, please follow these steps:

1. Access Your Account: Log in to your {{Online Company Portal Info}} using your credentials.
2. Navigate to Your Orders: Once logged in, find the '{{Online Order Interaction}}' or '{{Online Order Interaction}}' section.
3. Locate the Desired Order: Look for the order with the order number {{Order Number}} and click on it to view the details.
4. Initiate the Cancellation Process: Within the order details, you should find an option labeled '{{Online Order Interaction}}'. Please select this option to initiate the cancellation.
5. Confirm the Cancellation: The system may prompt you to confirm your cancellation request. Follow the instructions provided to complete the cancellation process.

If you encounter any issues or have further questions, our dedicated support team is available during {{Customer Support Hours}} at {{Customer Support Phone Number}}. You can also reach out to us through the Live Chat feature on our website at {{Website URL}}. We appreciate your understanding and are here to assist you every step of the way."
cancel_order,"I can no longer afford order {{Order Number}}, can I cancel it?","Glad you got in touch to us regarding your financial situation and the order with number {{Order Number}}. We understand that circumstances can change, and we're here to assist you.

To cancel the order, please follow these steps:

1. Sign in to your account: Log in to your {{Online Company Portal Info}} using your credentials.
2. Access your order details: Once logged in, navigate to the '{{Online Order Interaction}}' or '{{Online Order Interaction}}' section.
3. Locate the order: Look for the specific order with the number {{Order Number}} and click on it for more information.
4. Initiate cancellation: Within the order details, you should find an option labeled '{{Online Order Interaction}}'. Please select this option to proceed with canceling the order.
5. Follow any additional instructions: The system may prompt you for further confirmation or provide instructions to complete the cancellation process. Kindly follow these prompts to finalize the cancellation.

Rest assured, our team is available to offer any additional support you may need throughout this process. Feel free to reach out to us during {{Customer Support Hours}} at {{Customer Support Phone Number}} or utilize the Live Chat feature on our {{Website URL}}.

We understand the importance of your financial situation, and our goal is to ensure your satisfaction."
cancel_order,how to cancel purchase {{Order Number}}?,"I've understood you're seeking guidance on canceling purchase {{Order Number}}, and I'm here to assist you with that. To cancel your purchase, please follow these steps:

1. Log into Your Account: Access the {{Online Company Portal Info}} using your credentials.
2. Go to Your Order History: Navigate to the '{{Online Order Interaction}}' or '{{Online Order Interaction}}' section on the website.
3. Locate Your Purchase: Look for the purchase associated with the order number {{Order Number}} and click on it.
4. Initiate Cancellation: Within the order details, you'll find an option labeled '{{Online Order Interaction}}'. Please select it to initiate the cancellation process.
5. Follow Any Additional Steps: Depending on the platform, you might be asked to provide feedback or answer a few questions to complete the cancellation.

If you encounter any difficulties or have further questions during the process, our dedicated support team is available to assist you. Reach out to us during {{Customer Support Hours}} at {{Customer Support Phone Number}} or through the Live Chat feature on our {{Website URL}}. We're committed to ensuring your satisfaction and will do our best to assist you promptly."
cancel_order,i bought somegoddamn item how do i cancel order {{Order Number}},"I've ascertained that you have concerns about canceling your order with the order number {{Order Number}}. Allow me to assist you with this process so that we can find a suitable solution together. Here's what you need to do:

1. Log into Your Account: Access our website and log in using your credentials.
2. Navigate to Your Orders: Once you're signed in, locate the section labeled '{{Online Order Interaction}}' or '{{Online Order Interaction}}.'
3. Locate Your Purchase: Within this section, search for the order with the order number {{Order Number}}. Click on it to view the details.
4. Initiate the Cancellation: Look for the option that says '{{Online Order Interaction}}' associated with your specific purchase, and choose it to begin the cancellation process.
5. Follow Any Further Instructions: You may be prompted with additional steps, such as confirming the cancellation or providing feedback. Please follow the instructions accordingly.

If you encounter any difficulties or have further questions, our dedicated support team is available to assist you during {{Customer Support Hours}}. You can reach us at {{Customer Support Phone Number}} or use the Live Chat feature on our website at {{Website URL}}. We value your satisfaction and are here to ensure a smooth experience."""
cancel_order,"I bought some product, I want to cancel order {{Order Number}}","I've come to understand that you've made a purchase and now you wish to cancel the order with the order number {{Order Number}}. Our cancellations team is here to help you with that. To proceed with the cancellation, you can follow these steps:

1. Access Your Account: Log in to your {{Online Company Portal Info}} using your credentials.
2. Locate Your Orders: Once you're logged in, navigate to the '{{Online Order Interaction}}' or '{{Online Order Interaction}}' section.
3. Find the Specific Purchase: Look for the order number {{Order Number}} within the order history and click on it.
4. Initiate the Cancellation: You should see an option labeled '{{Online Order Interaction}}' associated with the purchase. Please select this option.
5. Complete the Process: The system may require additional information or confirmation to finalize the cancellation. Please provide the necessary details as instructed.

If you encounter any difficulties or have any questions, our dedicated team is available to assist you. You can reach us during {{Customer Support Hours}} at {{Customer Support Phone Number}} or use the Live Chat feature on our {{Website URL}}. We value your satisfaction and are committed to resolving any concerns you may have."
cancel_order,need assistance with canceling order {{Order Number}},"I recognize that you need assistance with canceling order {{Order Number}}, and I'm here to help you with that. We value your decision and want to ensure a smooth cancellation process for you. Here's what you can do:

1. Sign in to Your Account: Access our platform by signing in to your {{Online Company Portal Info}}.
2. Go to Your Orders: Once signed in, navigate to the '{{Online Order Interaction}}' or '{{Online Order Interaction}}' section.
3. Locate Your Order: Look for the order associated with the number {{Order Number}} and click on it.
4. Initiate the Cancellation: You should find an option labeled '{{Online Order Interaction}}' linked to your purchase. Please select this option.
5. Follow Any Additional Steps: Depending on the system, there may be a few additional steps for confirmation or feedback. Please provide the necessary information as prompted.

If you encounter any challenges or have further questions along the way, our dedicated support team is available during {{Customer Support Hours}} at {{Customer Support Phone Number}}. You can also reach out to us through the Live Chat option on our {{Website URL}}. Your satisfaction is our priority, and we're here to assist you throughout the cancellation process."
cancel_order,"I have to cancel purchase {{Order Number}}, can I get some help?","I completely understand your need to cancel your purchase with the order number {{Order Number}}. Rest assured, I'm here to assist you. Let's proceed step-by-step:

1. **Sign into Your Account**: To begin, please log in to your {{Online Company Portal Info}} using your credentials.
2. **Locate Your Orders**: Once you're logged in, navigate to the '{{Online Order Interaction}}' or '{{Online Order Interaction}}' section. You'll find a list of your past purchases there.
3. **Identify Your Purchase**: Look for the specific order linked to the purchase number {{Order Number}}. Click on it to view the purchase details.
4. **Initiate the Cancellation**: Within the purchase details, there should be an option labeled '{{Online Order Interaction}}'. Please click on that to start the cancellation process.
5. **Complete any Additional Steps**: Our system may prompt you with a few questions or requests for feedback. Kindly provide the necessary information to proceed effectively.

If you encounter any difficulties or have further questions, our dedicated support team is ready to assist you. You can reach out to us during {{Customer Support Hours}} at {{Customer Support Phone Number}} or utilize the Live Chat feature on our {{Website URL}}. Your satisfaction is our priority, and we're committed to resolving this for you."
cancel_order,help cancelling order {{Order Number}},"I've understood that you're seeking assistance with canceling your order with the order number {{Order Number}}. We apologize for any inconvenience caused and we're here to help. To cancel your order, please follow these steps:

1. Sign in to your {{Online Company Portal Info}} using your credentials.
2. Go to your '{{Online Order Interaction}}' or '{{Online Order Interaction}}' section, where you can find a list of your previous orders.
3. Locate the order with the number {{Order Number}} and click on it to view the order details.
4. Look for the option to '{{Online Order Interaction}}' and select it.
5. Please provide any additional information or feedback if requested.
6. A confirmation email will be sent to you once your order cancellation is processed.

If you encounter any difficulties or have any questions along the way, please don't hesitate to reach out to our dedicated customer support team. You can contact us during {{Customer Support Hours}} at {{Customer Support Phone Number}} or use the Live Chat feature on our {{Website URL}}. We're committed to providing you with excellent service and ensuring your satisfaction."
cancel_order,icannot afford order {{Order Number}} could i cancel it,"I'm on your side your current situation and the need to reassess your financial commitments. It can be overwhelming when unexpected expenses arise, and I want to assure you that we are here to support you. By canceling your order with the order number {{Order Number}}, we can alleviate some of the financial strain you may be facing. Let's take the necessary steps to cancel your order and provide you with the peace of mind you deserve.

To proceed with the cancellation process, please follow these instructions:

1. Sign in to your account: Access our platform by logging in to your {{Online Company Portal Info}}.
2. Navigate to your order history: Once logged in, locate the '{{Online Order Interaction}}' or '{{Online Order Interaction}}' section.
3. Find the relevant purchase: Look for the order number {{Order Number}} within your order history and select it.
4. Initiate the cancellation: You will see an option labeled '{{Online Order Interaction}}' associated with the purchase. Please click on it.
5. Confirm the cancellation: Our system may prompt you to confirm the cancellation. Please verify your intent to cancel the order.
6. Complete any additional steps: Depending on your specific order, there may be additional questions or feedback required from you. Please provide any necessary information as instructed.

If you encounter any difficulties or have further questions during the cancellation process, our dedicated support team is here to assist you. You can reach out to us during {{Customer Support Hours}} at {{Customer Support Phone Number}} or through the Live Chat feature on our website at {{Website URL}}.

Remember, we are committed to your satisfaction and want to ensure your experience with us is positive and stress-free."
cancel_order,need help cancelling purchase {{Order Number}},"I can tell that you need assistance with canceling your purchase, specifically with the order number {{Order Number}}. We appreciate your reaching out to us for help, and we're here to guide you through the process step by step.

To cancel your purchase, please follow these instructions:

1. Log in to your {{Online Company Portal Info}} using your credentials.
2. Navigate to the '{{Online Order Interaction}}' or '{{Online Order Interaction}}' section, where you can find a record of all your purchases.
3. Look for the purchase with the order number {{Order Number}} and select it to view the purchase details.
4. On the purchase details page, you should see an option labeled '{{Online Order Interaction}}'. Click on it to initiate the cancellation process.
5. Follow any additional prompts or provide feedback as required by the system to complete the cancellation.

If you encounter any obstacles during the process or have further questions, please don't hesitate to contact our dedicated customer support team. You can reach us during {{Customer Support Hours}} at {{Customer Support Phone Number}} or utilize the Live Chat feature on our {{Website URL}}.

We understand the importance of addressing your concerns promptly, and we'll do our best to ensure a smooth cancellation process for you. Your satisfaction is our top priority."
cancel_order,i cannot pay for puchase {{Order Number}} how could i cancel it,"I understand the frustration and concern that may arise when you cannot proceed with the payment for purchase {{Order Number}}. Let me assist you with canceling it instead. Here's what you can do:

1. Verify the Payment Issue: Double-check if there are any specific error messages or notifications related to the payment problem. This information can help us understand the issue better.

2. Contact Customer Support: Reach out to our dedicated Customer Support team during {{Customer Support Hours}} at {{Customer Support Phone Number}} or through the Live Chat on our website at {{Website URL}}. Inform them about the payment problem and your intention to cancel the purchase.

3. Provide Relevant Details: When contacting Customer Support, make sure to mention the purchase with the order number {{Order Number}} and explain the payment issue you're experiencing. They will guide you through the cancellation process and provide any additional assistance you may need.

4. Resolve the Payment Issue: Our Customer Support team will work with you to address the payment problem and find a suitable solution. If the issue is resolved successfully, they will help you process the cancellation for purchase {{Order Number}}.

Please don't hesitate to get in touch with us. We are committed to resolving this issue for you and ensuring your satisfaction."
cancel_order,i need help with cancelling order {{Order Number}},"I can see that you're seeking assistance in canceling your order with the number {{Order Number}}. I apologize for any inconvenience this may have caused you. Rest assured, I'm here to guide you through the cancellation process. To proceed with canceling your order, please follow the steps below:

1. Access Your Account: Log in to your {{Online Company Portal Info}} using your username and password.
2. Navigate to Your Orders: Once logged in, locate and click on the '{{Online Order Interaction}}' or '{{Online Order Interaction}}' section.
3. Find Your Order: Look for the specific order with the number {{Order Number}} and click on it to view the details.
4. Initiate Cancellation: Within the order details, you should find an option labeled '{{Online Order Interaction}}' or a similar variant. Please click on it to start the cancellation process.
5. Confirm Cancellation: The system may prompt you to confirm your cancellation request. Follow the instructions provided to complete the process successfully.

If you encounter any difficulties or have further questions, feel free to reach out to our dedicated customer support team. They are available {{Customer Support Hours}} at {{Customer Support Phone Number}} or through the Live Chat feature on our website at {{Website URL}}. We truly value your satisfaction, and we'll do our best to assist you every step of the way."
cancel_order,how can I cancel order {{Order Number}}?,"I'm fully aware of your need to cancel your order with the order number {{Order Number}}. To assist you, please follow these simple steps:

1. Sign in to Your Account: Access our platform by signing in to your {{Online Company Portal Info}}.
2. Go to Your Orders: Once you're signed in, navigate to the '{{Online Order Interaction}}' or '{{Online Order Interaction}}' section.
3. Locate Your Order: Look for the order with the number {{Order Number}} and click on it for more details.
4. Initiate the Cancellation: Within the order details, you should see a '{{Online Order Interaction}}' option. Please select it.
5. Complete the Process: Answer any questions or provide feedback, if prompted, to complete the cancellation.

If you encounter any difficulties or require further assistance, our dedicated team is available during {{Customer Support Hours}}. You can reach us at {{Customer Support Phone Number}} or via the Live Chat feature on our {{Website URL}}. We are committed to making this cancellation process as smooth as possible for you."
cancel_order,i want assistance tocancel order {{Order Number}},"I've deduced from your message that you're seeking assistance to cancel order {{Order Number}}. I apologize for any inconvenience caused, and I'm here to help you through the process. Let's tackle this together:

1. **Sign in to Your Account**: Begin by accessing our platform, signing in to your {{Online Company Portal Info}}.
2. **Find Your Order**: Once you're logged in, navigate to the '{{Online Order Interaction}}' or '{{Online Order Interaction}}' section to locate the order with the given order number.
3. **Initiate the Cancellation**: Within the order details, you should see an option to '{{Online Order Interaction}}' associated with it. Please click on that to start the cancellation process.
4. **Follow Any Additional Steps**: The system may prompt you to provide feedback or confirm your cancellation. Kindly complete any necessary steps as instructed.

Should you encounter any challenges or have further questions, our dedicated team is available during {{Customer Support Hours}} at {{Customer Support Phone Number}}, or you can reach us through the Live Chat feature on our {{Website URL}}. Your satisfaction is our priority, and we're committed to ensuring a seamless experience for you."
cancel_order,"I purchased some articles, cancel order {{Order Number}}","I acknowledge that you purchased some articles and now you would like to cancel order {{Order Number}}. I apologize for any inconvenience this may have caused you. To cancel your order, please follow these steps:

1. Sign in to your account: Access our platform by logging into your {{Online Company Portal Info}}.
2. Navigate to your order history: Once logged in, find the section labeled ""{{Online Order Interaction}}"" or ""{{Online Order Interaction}}"".
3. Locate the specific order: Look for the order associated with the order number {{Order Number}} and select it.
4. Initiate cancellation: There should be an option labeled ""{{Online Order Interaction}}"" which you can click to begin the cancellation process.
5. Confirm cancellation: Our system may ask for confirmation or further details. Please provide the necessary information to complete the cancellation.

If you encounter any difficulties or have any further questions, our dedicated team is available during {{Customer Support Hours}} at {{Customer Support Phone Number}} or through the Live Chat feature on our website at {{Website URL}}. We appreciate your understanding and are here to assist you every step of the way."
cancel_order,i nee help to cancel order {{Order Number}},"I recognize that you need assistance with canceling your order with the order number {{Order Number}}. We apologize for any inconvenience caused and we're here to help you with that. To cancel your order, please follow these steps:

1. Sign in to your account: Access our platform by signing in to your {{Online Company Portal Info}}.
2. Locate the order: Once you are logged in, navigate to the '{{Online Order Interaction}}' or '{{Online Order Interaction}}' section.
3. Find your order: Look for the order with the order number {{Order Number}} and click on it to view the details.
4. Initiate cancellation: Within the order details, you will find an option labeled '{{Online Order Interaction}}.' Please select this option.
5. Complete the cancellation process: The system may prompt you with a few additional questions for confirmation. Please provide the required information to proceed with the cancellation.

If you encounter any difficulties or have further questions along the way, our dedicated support team is available to assist you. You can reach us during {{Customer Support Hours}} at {{Customer Support Phone Number}} or through the Live Chat feature on our {{Website URL}}. We appreciate your understanding and we are committed to ensuring your satisfaction with our service."
cancel_order,I don't know what to do to cancel order {{Order Number}},"I completely understand your confusion about how to cancel your order for item {{Order Number}}. Let me guide you through the process step by step:

1. Sign into Your Account: Start by logging into your {{Online Company Portal Info}} using your credentials.
2. Access Your Orders: Once you're signed in, navigate to the '{{Online Order Interaction}}' or '{{Online Order Interaction}}' section of your account.
3. Locate the Order: Look for the specific order associated with the order number {{Order Number}}. Click on it to view the details.
4. Initiate Cancellation: Within the order details, you should find an option to '{{Online Order Interaction}}'. Please select it to proceed with the cancellation.
5. Follow Any Additional Steps: Depending on the system requirements, you might need to answer some questions or provide feedback to finalize the cancellation process.

If you encounter any difficulties or have further questions, our dedicated customer support team is here to assist you. You can reach us during {{Customer Support Hours}} at {{Customer Support Phone Number}} or through the Live Chat feature on our website at {{Website URL}}. We're committed to ensuring your satisfaction and making this cancellation process as smooth as possible for you."
cancel_order,"I don't want this article, cancel order {{Order Number}}","I've got that you no longer want this article and would like to cancel the order with the number {{Order Number}}. We apologize for any inconvenience caused. To proceed with the cancellation, please follow these steps:

1. Sign in to your {{Online Company Portal Info}} using your credentials.
2. Navigate to the '{{Online Order Interaction}}' or '{{Online Order Interaction}}' section.
3. Locate the order with the number {{Order Number}} and click on it for more details.
4. Look for the option labeled '{{Online Order Interaction}}' associated with this specific order and click on it.
5. Follow any additional instructions or prompts from the system to confirm the cancellation.

If you encounter any difficulties or have any further questions, our dedicated team is here to assist you. You can reach us during {{Customer Support Hours}} at {{Customer Support Phone Number}} or use the Live Chat feature on our {{Website URL}}. We appreciate your understanding and we're committed to ensuring your satisfaction."
cancel_order,I need help with canceling order {{Order Number}},"I certainly recognize your need for assistance in canceling your order with the order number {{Order Number}}. Rest assured, I am here to guide you through the process and make it as effortless as possible.

To cancel your order, please follow these steps:

1. Visit our website or log into your account: Head over to our {{Website URL}} or access your account through the {{Online Company Portal Info}}.
2. Locate your order details: Once you're signed in, navigate to the '{{Online Order Interaction}}' or '{{Online Order Interaction}}' section.
3. Find the specific order: Look for the order with the order number {{Order Number}} in the list.
4. Initiate the cancellation: Select the option labeled '{{Online Order Interaction}}' associated with your order.
5. Provide any necessary information: In some cases, the system might ask for additional details or confirmation before canceling the order. Please provide the required information accurately.

If you encounter any difficulties during the process or have any further questions, our dedicated support team is available to assist you. You can reach out to us during {{Customer Support Hours}} at {{Customer Support Phone Number}}, or utilize the Live Chat feature on our website at {{Website URL}}. We truly value your satisfaction and will make every effort to ensure a smooth cancellation process."
cancel_order,can uhelp me cancelliung order {{Order Number}},I've realized that you need help canceling order {{Order Number}}. I'm here to assist you throughout the process and provide the necessary guidance. Let's get started!
cancel_order,problems with cnceling purchase {{Order Number}},"It seems that you are encountering some difficulties with canceling your purchase with the order number {{Order Number}}. I apologize for any inconvenience this may have caused you. Our team is here to assist you in resolving this issue as quickly as possible. To better understand the problems you are facing, could you please provide more details about the specific issues or error messages you are encountering? This will allow us to troubleshoot the problem and provide you with the appropriate solutions. Thank you for your patience and cooperation as we work together to resolve this matter."
cancel_order,I want assistance cancelling purchase {{Order Number}},"I've observed that you're seeking assistance with canceling purchase {{Order Number}}, and I'm here to guide you through the process. To cancel your purchase, please follow the steps below:

1. Sign into your account: Visit our {{Online Company Portal Info}} and log in using your credentials.

2. Access your order details: Once you're logged in, navigate to the ""{{Online Order Interaction}}"" or ""{{Online Order Interaction}}"" section.

3. Locate the purchase: Find the specific purchase linked to the order number {{Order Number}}.

4. Initiate the cancellation: Look for the ""{{Online Order Interaction}}"" option associated with the purchase. Click on it to start the cancellation process.

5. Confirm cancellation: Follow any additional prompts or questions from the system to confirm the cancellation successfully.

If you encounter any difficulties or have further questions, our dedicated customer support team is available during {{Customer Support Hours}}. You can reach out to them at {{Customer Support Phone Number}} or through the Live Chat feature on our {{Website URL}}. We are committed to assisting you and ensuring your satisfaction throughout this process."
cancel_order,I do not know how to cancel order {{Order Number}},"I've picked up that you're unsure about how to cancel order {{Order Number}}, and I'm here to assist you. To cancel your order, please follow these steps:

1. Log in to your {{Online Company Portal Info}} using your credentials.
2. Navigate to the ""{{Online Order Interaction}}"" or ""{{Online Order Interaction}}"" section.
3. Locate the order with the number {{Order Number}} from the list of orders.
4. Click on the order to access the order details page.
5. Look for the option that says ""{{Online Order Interaction}}"" and select it.
6. Follow any further prompts to confirm the cancellation.

If you encounter any difficulties or have any questions during the process, our dedicated customer support team is available to assist you. You can reach us during {{Customer Support Hours}} at {{Customer Support Phone Number}} or through the Live Chat feature on our website at {{Website URL}}.

Rest assured, we're here to make the cancellation process as smooth as possible for you."
cancel_order,i purchased something how to cancel order {{Order Number}},"I've understood, you have made a purchase and now you would like to cancel the order with the order number {{Order Number}}. I apologize for any inconvenience caused, and I'm here to guide you through the cancellation process.

To cancel your order, please follow these steps:

1. Sign into your {{Online Company Portal Info}} using your credentials.
2. Navigate to the '{{Online Order Interaction}}' or '{{Online Order Interaction}}' section.
3. Locate the order with the order number {{Order Number}} and click on it to access the details.
4. Look for the cancelation option labeled '{{Online Order Interaction}}' associated with this particular purchase and select it.
5. The system may prompt you to provide feedback or confirm the cancellation. Please follow the instructions accordingly.

If you encounter any difficulties or have further questions, don't hesitate to reach out to our dedicated support team. They are available during {{Customer Support Hours}} at {{Customer Support Phone Number}} or through the Live Chat on our website at {{Website URL}}.

We appreciate your understanding and apologize for any inconvenience caused during the cancellation process."
cancel_order,is it possible to cancel order {{Order Number}},"I understand your concern about canceling order {{Order Number}}. Let me assure you that we are here to help. To proceed with canceling your order, please follow these steps:

1. Sign in to your account: Log in to your {{Online Company Portal Info}} using your credentials.
2. Locate your order: Go to your '{{Online Order Interaction}}' or '{{Online Order Interaction}}' section to find the specific order with the number {{Order Number}}.
3. Initiate cancellation: Once you've located the order, look for the option to '{{Online Order Interaction}}'.
4. Confirm cancellation: Follow the prompts to confirm the cancellation of your order.
5. Receipt of cancellation: After completing the cancellation process, you should receive a confirmation email regarding the cancellation.

If you encounter any difficulties or have questions along the way, our customer support team is available for assistance. You can contact them during {{Customer Support Hours}} at {{Customer Support Phone Number}} or reach out to them through the Live Chat feature on our {{Website URL}}.

We appreciate your understanding and are committed to ensuring your satisfaction."
cancel_order,i cant afford order {{Order Number}},"I gather that canceling your purchase with the order number {{Order Number}} is not affordable for you at the moment. We value your needs and concerns, and we're here to help. I recommend reaching out to our customer support team for further assistance. They can explore possible alternatives or solutions to address your financial situation. You can contact them during {{Customer Support Hours}} at {{Customer Support Phone Number}} or through the Live Chat on our website at {{Website URL}}. We're committed to finding the best possible resolution for you."
cancel_order,"I can no longer afford purchase {{Order Number}}, cancel it","I completely understand the importance of canceling purchase {{Order Number}} for you. I apologize for any financial difficulties this may have caused. Let's proceed with canceling the purchase. Here's what you can do:

1. Sign into Your Account: Access your {{Online Company Portal Info}} by logging in.
2. Locate Your Orders: Once logged in, navigate to the '{{Online Order Interaction}}' or '{{Online Order Interaction}}' section.
3. Find the Relevant Purchase: Look for the purchase associated with the order number {{Order Number}}.
4. Initiate the Cancellation: Click on the option labeled '{{Online Order Interaction}}' or similar.
5. Follow the Cancellation Process: Please follow any additional steps or instructions provided by the system.

If you encounter any difficulties during the cancellation process or have any further questions, our dedicated support team is available to assist you. You can reach us during {{Customer Support Hours}} at {{Customer Support Phone Number}} or through the Live Chat feature on our website at {{Website URL}}. We value your satisfaction and are here to ensure a smooth experience for you."
cancel_order,i want assistance canceling purchase {{Order Number}},"I understood that you require assistance with canceling your purchase of the item with the order number {{Order Number}}. Your satisfaction is of utmost importance to us, and I'm here to help guide you through the process. Here are the steps to cancel your purchase:

1. Log into Your Account: Access our {{Online Company Portal Info}} by signing in with your credentials.
2. Navigate to Your Orders: Once logged in, locate the '{{Online Order Interaction}}' or '{{Online Order Interaction}}' section.
3. Find Your Purchase Details: Look for the purchase associated with the order number {{Order Number}} and click on it.
4. Initiate the Cancellation: Within the purchase details page, you will find the option to '{{Online Order Interaction}}'. Please select this option to start the cancellation process.
5. Follow Any Additional Steps: The system may prompt you with a few questions or information regarding the cancellation. Please follow the instructions provided to complete the process.

Should you encounter any difficulties or have any further questions, please don't hesitate to reach out to our dedicated support team. We're available {{Customer Support Hours}} at {{Customer Support Phone Number}} or through our Live Chat feature on our {{Website URL}}. Your satisfaction is our top priority, and we're committed to assisting you with any issues you may have."
cancel_order,"I ordered some products, how to cancel purchase {{Order Number}}?","I perceive that you need assistance with canceling your purchase with the order number {{Order Number}}. We apologize for the inconvenience and are here to guide you through the cancellation process. Here are the steps to cancel your purchase:

1. Sign into Your Account: Access our platform by logging in to your {{Online Company Portal Info}}.
2. Navigate to Your Orders: Once logged in, go to the '{{Online Order Interaction}}' or '{{Online Order Interaction}}' section.
3. Locate Your Purchase: Look for the purchase associated with the order number {{Order Number}} and click on it.
4. Initiate Cancellation: You should see an option labeled '{{Online Order Interaction}}' or '{{Online Order Interaction}}'. Please select this option.
5. Provide Reason for Cancellation: The system may ask you to provide a reason for canceling your purchase. Please provide the necessary details as requested.
6. Confirm Cancellation: Once you've indicated your reason, confirm the cancellation to initiate the process.

If you encounter any difficulties or have further questions, our dedicated team is available during {{Customer Support Hours}} at {{Customer Support Phone Number}} or through the Live Chat on our website at {{Website URL}}. We understand the importance of your request and will do our best to assist you promptly."
cancel_order,"I can't afford order {{Order Number}}, how can I cancel it?","I appreciate that you're facing financial constraints and would like to cancel your order with the order number {{Order Number}}. We're here to assist you through this process. Here's what you can do:

1. Access Your Account: Sign in to your {{Online Company Portal Info}} using your credentials.
2. Locate Your Order: Navigate to the '{{Online Order Interaction}}' or '{{Online Order Interaction}}' section on the platform.
3. Find the Relevant Order: Look for the order with the number {{Order Number}} and select it.
4. Initiate Cancellation: There should be an option labeled '{{Online Order Interaction}}'. Please click on it to initiate the cancellation process.
5. Follow Any Additional Steps: The system may require you to answer a few questions or provide feedback for order cancellation. Kindly complete these steps as instructed.

If you have any difficulties or if you have any further questions during the cancellation process, our dedicated support team is available to assist you. You can reach out to us during {{Customer Support Hours}} at {{Customer Support Phone Number}} or through the Live Chat feature on our website at {{Website URL}}. Your satisfaction is our priority, and we're here to help make this process as smooth as possible."
cancel_order,i can no longer pay for order {{Order Number}},"I've understood you're facing difficulties with payment for order number {{Order Number}}, and I'm here to assist you in resolving this issue. Given the urgency of the matter, I recommend the following steps to address the situation promptly:

1. Verify Payment Method: Double-check that the payment method you initially used is still valid and has sufficient funds or credit available for the transaction.

2. Contact Customer Support: Reach out to our dedicated customer support team during {{Customer Support Hours}} at {{Customer Support Phone Number}} or via the Live Chat feature on our {{Website URL}}. They will be able to assist you further and provide alternative payment options, if necessary.

3. Explore Payment Flexibility: In some cases, we may offer installment plans or alternative payment methods to accommodate your situation. Our customer support team will guide you through these options, ensuring a smoother payment experience.

4. Troubleshoot Technical Issues: If you're experiencing any technical difficulties that prevent you from making the payment, our support team will help you troubleshoot the issue or provide alternative payment channels.

Rest assured that we strive to find a suitable solution that meets your needs. Your satisfaction is our utmost priority, and we appreciate your patience and understanding during this process."
cancel_order,i cannot pay for my last item cancel order {{Order Number}},"I've noticed that you're facing difficulties in paying for your last item and need assistance with canceling order {{Order Number}}. It can be frustrating when financial constraints prevent us from completing a purchase. Allow me to help you with this. 

To cancel your order, please follow these steps:

1. Log in to your {{Online Company Portal Info}} using your username and password.
2. Navigate to your order history or account settings page.
3. Locate the specific order with the order number {{Order Number}}.
4. Click on the order to access the details.
5. Look for the option to cancel the order and select it.
6. Confirm the cancellation and follow any additional prompts if necessary.

If you encounter any issues or have further questions, feel free to reach out to our customer support team. They are available during {{Customer Support Hours}} at {{Customer Support Phone Number}} or through live chat on our {{Website URL}}. We are committed to assisting you throughout this process and ensuring your satisfaction."
cancel_order,I have to cancel order {{Order Number}},"I've picked up that you need assistance with canceling your order related to the purchase number {{Order Number}}. We apologize for any inconvenience caused and we're here to help you through the process. Please follow the steps below to cancel your order:

1. Sign in to your account: Access our platform by logging into your {{Online Company Portal Info}}.
2. Navigate to your order history: Once logged in, find the '{{Online Order Interaction}}' or '{{Online Order Interaction}}' section.
3. Locate the order: Look for the purchase associated with the order number {{Order Number}} and click on it.
4. Initiate the cancellation: You should see an option labeled '{{Online Order Interaction}}'. Please select that option.
5. Confirm the cancellation: The system may prompt you to confirm the cancellation and provide feedback, if necessary. Please provide the required information to proceed.

If you encounter any difficulties or have further questions, our dedicated team is available during {{Customer Support Hours}}. You can reach us at {{Customer Support Phone Number}} or through the Live Chat feature on our {{Website URL}}. We appreciate your understanding and we're committed to ensuring your satisfaction."
cancel_order,can uhelp me canceling order {{Order Number}},"I'm conscious of the reality that you require assistance with canceling order {{Order Number}}, and I'm here to guide you through the process. To cancel your order, please follow these steps:

1. Log in to your {{Online Company Portal Info}}.
2. Navigate to the '{{Online Order Interaction}}' or '{{Online Order Interaction}}' section.
3. Locate the order with the number {{Order Number}} and click on it.
4. Look for the option labeled '{{Online Order Interaction}}' and select it.
5. Follow any additional prompts or instructions to complete the cancellation process.

If you encounter any difficulties or have further questions, our dedicated team is available during {{Customer Support Hours}} to assist you. You can reach us at {{Customer Support Phone Number}} or through the Live Chat feature on our website at {{Website URL}}. Your satisfaction is our top priority, and we're here to support you every step of the way."
cancel_order,is it possible to cancel order {{Order Number}} ?,"I've understood, you're inquiring about the possibility of canceling order {{Order Number}}. Allow me to assist you with that. Rest assured, we value your satisfaction, and we'll do our best to accommodate your request. To proceed with the cancellation, please follow the steps I'll outline for you. If you have any questions or encounter any issues along the way, our dedicated team is here to lend a helping hand. You can reach out to us during {{Customer Support Hours}} at {{Customer Support Phone Number}} or through our Live Chat on our website at {{Website URL}}. We appreciate your understanding and patience as we work towards resolving this for you."
cancel_order,i dont knwo how i can cancel purchase {{Order Number}},"I see what you mean that you're unsure about how to cancel your purchase with the order number {{Order Number}}. Don't worry, I'm here to help you through the process.

To cancel your purchase, please follow these steps:

1. Sign into Your Account: Access our platform and log in to your {{Online Company Portal Info}}.
2. Go to Your Orders: Once logged in, navigate to the '{{Online Order Interaction}}' or '{{Online Order Interaction}}' section.
3. Locate Your Purchase: Look for the purchase associated with the order number {{Order Number}} and click on it.
4. Initiate the Cancellation: You should see an option labeled '{{Online Order Interaction}}' related to your specific purchase. Please select this option.
5. Complete any Additional Steps: There might be some questions or feedback required to finalize the cancellation. Kindly provide the necessary information as instructed.

If you encounter any difficulties or have further questions along the way, please don't hesitate to reach out to our dedicated support team. You can contact us during {{Customer Support Hours}} at {{Customer Support Phone Number}} or use the Live Chat feature on our {{Website URL}}. We're committed to assisting you and ensuring your satisfaction throughout this process."
cancel_order,i do not know what to do to cancel purchase {{Order Number}},"I catch on to the fact that you're unsure about the steps to take in order to cancel your purchase with the number {{Order Number}}. Don't worry, I'm here to help you out. To cancel your purchase, please follow these simple steps:

1. Sign in to your account: Access our platform by logging in to your {{Online Company Portal Info}}.
2. Find your purchase: Once logged in, navigate to the '{{Online Order Interaction}}' or '{{Online Order Interaction}}' section.
3. Locate your purchase: Look for the purchase with the order number {{Order Number}} and click on it for more details.
4. Initiate cancellation: You should see an option labeled '{{Online Order Interaction}}' associated with your purchase. Please select this option.
5. Follow any further instructions: The system may prompt you to confirm the cancellation or provide feedback. Please follow the instructions accordingly.

If you encounter any difficulties or have any further questions, our dedicated team is available to assist you. You can reach us during {{Customer Support Hours}} at {{Customer Support Phone Number}}, or you can use the Live Chat feature on our {{Website URL}}. We are committed to ensuring your satisfaction and will do our best to make the cancellation process as smooth as possible."
cancel_order,"I can't afford order {{Order Number}}, I need help to cancel it","I see your situation, and I'm here to assist you with canceling order {{Order Number}}. Your financial well-being is important to us, and we want to ensure that we provide the necessary support. To cancel your order, please follow these steps:

1. Sign in to your account: Access our platform by logging into your {{Online Company Portal Info}}.
2. Locate your order: Once you're logged in, navigate to the '{{Online Order Interaction}}' or '{{Online Order Interaction}}' section.
3. Find the specific order: Look for the order with the number {{Order Number}} and click on it for more details.
4. Initiate the cancellation: Within the order details page, you should see an option labeled '{{Online Order Interaction}}'. Please select this option.
5. Follow any additional steps: The system may ask you a few questions to complete the cancellation process. Kindly provide the necessary information.

If you encounter any difficulties or have further questions along the way, our dedicated team is ready to assist you. Reach out to us during {{Customer Support Hours}} at {{Customer Support Phone Number}} or through the Live Chat feature available on our {{Website URL}}. Your satisfaction is our top priority, and we're here to help make your experience as smooth as possible."
cancel_order,want help to cancel order {{Order Number}},"I fathom that you're seeking assistance with canceling your order associated with the purchase number {{Order Number}}. Rest assured, I'm here to help you with that. To initiate the cancellation process, please follow these steps:

1. Log into Your Account: Access our platform by signing in to your {{Online Company Portal Info}}.
2. Navigate to Order Details: Once logged in, go to the '{{Online Order Interaction}}' or '{{Online Order Interaction}}' section.
3. Find Your Order: Look for the purchase linked to the order number {{Order Number}}. Click on it for more information.
4. Cancel the Order: You'll see an option labeled '{{Online Order Interaction}}' associated with your purchase. Select this to begin the cancellation process.
5. Complete the Necessary Steps: The system might ask you some questions or require additional information to proceed. Please provide the requested details accurately.

If you encounter any difficulties during this process or have any other questions, our dedicated support team is available to assist you. Feel free to reach out during {{Customer Support Hours}} at {{Customer Support Phone Number}} or via Live Chat on our {{Website URL}}. Your satisfaction is our priority, and we're committed to providing the support you need."
cancel_order,"I purchased some items, cancel order {{Order Number}}","I comprehend that you've recently made a purchase and now wish to cancel order {{Order Number}}. I apologize for any inconvenience this may cause. To assist you with canceling your order, please follow these steps:

1. Sign in to Your Account: Start by logging into your {{Online Company Portal Info}}. This will give you access to your order details.
2. Locate Your Order: Once you're logged in, navigate to the '{{Online Order Interaction}}' or '{{Online Order Interaction}}' section to find the specific purchase you want to cancel.
3. Cancel Your Order: Look for the option labeled '{{Online Order Interaction}}' next to the order number {{Order Number}}. Click on it to initiate the cancellation process.
4. Confirm Cancellation: The system may ask you to confirm your decision and provide feedback. Please follow the instructions and complete the necessary steps to finalize the cancellation process.

Should you encounter any difficulties or have further questions, please don't hesitate to reach out to our dedicated customer support team. They are available during {{Customer Support Hours}} at {{Customer Support Phone Number}} or through the Live Chat feature on our website at {{Website URL}}. We genuinely appreciate your understanding and are here to ensure your satisfaction with our service."
cancel_order,where culd i cancel order {{Order Number}},"I gather that you're looking for the location to cancel your order associated with the purchase number {{Order Number}}. 

To cancel your order, please follow these steps:

1. Log into your {{Online Company Portal Info}} using your credentials.
2. Navigate to the '{{Online Order Interaction}}' or '{{Online Order Interaction}}' section.
3. Look for the order with the purchase number {{Order Number}}. Click on it to view the order details.
4. In the order details, you should find an option labeled '{{Online Order Interaction}}' or a similar variation. Select that option.
5. Follow any additional prompts or provide any necessary information to complete the cancellation process.

If you encounter any difficulties or have any further questions, please don't hesitate to reach out to our dedicated customer support team. You can contact us during {{Customer Support Hours}} at {{Customer Support Phone Number}} or through the Live Chat on our website at {{Website URL}}.

We appreciate your understanding and apologize for any inconvenience caused. Our goal is to ensure your satisfaction, and we're here to assist you every step of the way."
cancel_order,help with cancelling order {{Order Number}},"I've come to understand that you need assistance with canceling your order for the item with the order number {{Order Number}}. I apologize for any difficulties you're facing and assure you that I'm here to help you through the process. To cancel your order, please follow these steps:

1. Log into your {{Online Company Portal Info}} using your credentials.
2. Navigate to the '{{Online Order Interaction}}' or '{{Online Order Interaction}}' section, where you can find a record of your purchases.
3. Look for the specific purchase with the order number {{Order Number}} and click on it to access the order details.
4. Within the order details page, you should find an option labeled '{{Online Order Interaction}}' or something similar. Please click on it to initiate the cancellation process.
5. The system may request additional information or ask for confirmation to complete the cancellation. Please provide the necessary details and follow the prompts accordingly.

If you encounter any issues or have further questions, please don't hesitate to reach out to our customer support team. They are available during {{Customer Support Hours}} at {{Customer Support Phone Number}} or through the Live Chat feature on our website at {{Website URL}}. Your satisfaction is important to us, and we're here to ensure a seamless cancellation process for you."
cancel_order,i can no longer arford purchase {{Order Number}},"I gather that you are facing financial constraints and are unable to afford the purchase with the order number {{Order Number}}. We apologize for any inconvenience caused. 

To assist you further with the cancellation process, please follow these steps:

1. Sign into Your Account: Go to our {{Online Company Portal Info}} and log in using your credentials.
2. Locate Your Order: Navigate to the '{{Online Order Interaction}}' or '{{Online Order Interaction}}' section.
3. Find the Specific Purchase: Look for the purchase associated with the order number {{Order Number}} and click on it.
4. Initiate Cancellation: There should be an option labeled '{{Online Order Interaction}}' or similar. Please select that to begin the cancellation process.
5. Follow Any Additional Instructions: Depending on the products or services, there might be additional steps or information required. Please provide the necessary details as requested.

If you encounter any difficulties or have any questions along the way, our dedicated customer support team is available during {{Customer Support Hours}} at {{Customer Support Phone Number}}. You can also reach out to us through the Live Chat on our {{Website URL}}.

We value your satisfaction and will do our best to assist you with canceling your purchase."
cancel_order,assistance to cancel purchased {{Order Number}},"Absolutely, I'm here to provide you with the assistance you need to cancel your purchase with the order number {{Order Number}}. Cancelling an order is an important decision, and I want to make sure you have all the information and support required to complete the process smoothly.

To cancel your purchase, kindly follow these steps:

1. Access Your Account: Begin by logging into your {{Online Company Portal Info}}. This will give you access to the necessary tools for canceling your purchase.

2. Locate Your Order: Once you're logged in, navigate to the '{{Online Order Interaction}}' or '{{Online Order Interaction}}' section. Here, you should be able to find the purchase associated with the order number {{Order Number}}. Click on it to proceed.

3. Initiate Cancellation: When you access the details of your order, you'll notice a '{{Online Order Interaction}}' option. Please select this option to start the cancellation process.

4. Follow Any Additional Steps: Depending on the nature of your purchase, there might be a few additional questions or instructions to complete the cancellation. Please provide the required information or follow the given instructions accordingly.

If you encounter any challenges or have any questions during the cancellation process, our dedicated team of experts is available to help you. You can reach us during {{Customer Support Hours}} at {{Customer Support Phone Number}} or use our Live Chat feature on our {{Website URL}}.

Your satisfaction is our top priority, and we appreciate your patience and understanding while we assist you with canceling your purchase."
cancel_order,question about canceling a bloody purchase,For sure! I understand that you have some concerns regarding canceling your purchase. I'm here to help. Can you please provide me with the order number of your purchase so that I can assist you more effectively?
cancel_order,want help canceling purchase {{Order Number}},"Of course! I'm here to provide you with the necessary assistance to cancel purchase {{Order Number}}. We understand that sometimes circumstances change, and you may need to cancel an order. To cancel purchase {{Order Number}}, please follow these steps:

1. Log into your {{Online Company Portal Info}} using your credentials.
2. Navigate to the '{{Online Order Interaction}}' or '{{Online Order Interaction}}' section in your account.
3. Locate the purchase with the order number {{Order Number}}.
4. Click on the purchase to view the order details.
5. Look for the option labeled '{{Online Order Interaction}}' and select it.
6. You may be prompted to provide additional information or confirm the cancellation. Please follow the instructions provided.

If you encounter any difficulties along the way or have any questions, our dedicated team is available to assist you during {{Customer Support Hours}}. You can reach us at {{Customer Support Phone Number}} or through the Live Chat feature on our {{Website URL}}. We are committed to ensuring your satisfaction and providing you with a seamless experience."
cancel_order,i dont know how i can cancel order {{Order Number}},"I grasp that you're unsure about the process for canceling order {{Order Number}}. Allow me to assist you with the steps:

1. Sign into Your Account: To begin, log in to your {{Online Company Portal Info}} using your credentials.
2. Locate Your Orders: Once you're logged in, navigate to the '{{Online Order Interaction}}' or '{{Online Order Interaction}}' section.
3. Find the Relevant Order: Look for the order associated with the number {{Order Number}} and select it.
4. Initiate the Cancellation: Within the order details, you should find an option labeled '{{Online Order Interaction}}'. Please click on it to initiate the cancellation.
5. Follow Any Additional Prompts: The system might request some feedback or provide confirmation prompts. Kindly respond accordingly to complete the cancellation process.

If you encounter any difficulties or have further questions along the way, our dedicated support team is here to help. You can reach out to us during {{Customer Support Hours}} at {{Customer Support Phone Number}} or utilize the Live Chat feature on our {{Website URL}}. Your satisfaction is our priority, and we're committed to providing you with a seamless experience."
cancel_order,"I purchased some items, help me cancel order {{Order Number}}","I acknowledge that you have recently made a purchase and would now like to cancel the order with the order number {{Order Number}}. I understand that circumstances can change, and I'm here to assist you with the cancellation process. Let's take the necessary steps together to ensure your satisfaction."
cancel_order,I need help cancelnig purchase {{Order Number}},"I truly understand the urgency of canceling your purchase with the purchase number {{Order Number}}. Don't worry, I'm here to guide you through the process step by step so that we can resolve this for you seamlessly:

1. **Access Your Account**: First, sign in to your {{Online Company Portal Info}} using your credentials.
2. **Navigate to Your Orders**: After signing in, go to the '{{Online Order Interaction}}' or '{{Online Order Interaction}}' section.
3. **Find Your Purchase**: Look for the purchase associated with the order number {{Order Number}} and click on it.
4. **Initiate the Cancellation**: Within the purchase details, you should see an option to '{{Online Order Interaction}}'. Select that to begin the cancellation process.
5. **Follow Any Additional Steps**: Our system may ask you a few questions regarding the cancellation reason or prompt you for further feedback. Please provide the necessary input to proceed.

Should you require any further assistance or encounter any obstacles during the cancellation process, our dedicated support team is available during {{Customer Support Hours}} at {{Customer Support Phone Number}} or through our Live Chat on the {{Website URL}}. We are committed to ensuring your satisfaction and making this experience as smooth as possible for you."
cancel_order,assistance canceling order {{Order Number}},"I'm conscious of the reality that you're seeking assistance in canceling your order with the number {{Order Number}}, and I'm here to guide you through the process. Cancelling an order can be a simple and straightforward task. To cancel your purchase, please follow these steps:

1. Sign into Your Account: Access our platform by signing in to your {{Online Company Portal Info}}.
2. Locate the Order: Once you're logged in, navigate to your '{{Online Order Interaction}}' or '{{Online Order Interaction}}' section.
3. Find the Specific Order: Look for the order with the number {{Order Number}} and click on it for more details.
4. Initiate Cancellation: You will find an option labeled '{{Online Order Interaction}}' associated with your purchase. Please select this to begin the cancellation process.
5. Confirm Cancellation: The system might ask you a few questions or require additional information to finalize the cancellation. Please provide the necessary details as instructed.

If you encounter any difficulties or have further questions throughout the process, our dedicated team is available during {{Customer Support Hours}} to assist you. You can reach us via phone at {{Customer Support Phone Number}} or use the Live Chat feature on our {{Website URL}}. Your satisfaction is important to us, and we're here to ensure a smooth cancellation experience."
cancel_order,I nee assistance to cancel purchase {{Order Number}},"I've got that you need assistance with canceling your purchase with the order number {{Order Number}}. Please allow me to guide you through the cancellation process.

To cancel your purchase:

1. Log into your {{Online Company Portal Info}} using your credentials.
2. Navigate to the '{{Online Order Interaction}}' or '{{Online Order Interaction}}' section.
3. Look for the purchase associated with the order number {{Order Number}} and click on it.
4. Within the order details, you should find an option labeled '{{Online Order Interaction}}'. Please select this option to initiate the cancellation process.
5. Follow any additional prompts or instructions provided by the system to complete the cancellation.

If you encounter any difficulties or have further questions, our dedicated team is here to assist you. You can reach us during {{Customer Support Hours}} at {{Customer Support Phone Number}} or utilize the Live Chat feature on our {{Website URL}}. Your satisfaction is our top priority, and we're committed to resolving this matter for you."
cancel_order,need assistance witgh cancelling order {{Order Number}},"I see your need for assistance in canceling your order with the number {{Order Number}}. Our goal is to provide you with a seamless experience throughout the cancellation process. Here are the steps you can follow:

1. Sign in to Your Account: To initiate the cancellation process, please sign in to your {{Online Company Portal Info}}.
2. Navigate to Your Orders: Once you're logged in, locate the '{{Online Order Interaction}}' or '{{Online Order Interaction}}' section.
3. Locate Your Order: Look for the order associated with the number {{Order Number}} and click on it.
4. Request Cancellation: Within the order details, you should find an option to '{{Online Order Interaction}}'. Proceed with selecting this option.
5. Confirm and Complete: The system may require you to confirm the cancellation and provide any additional details. Please follow the prompts and complete the cancellation process.

If you encounter any difficulties throughout the process or have any further questions, please don't hesitate to reach out to our dedicated team. You can contact us during {{Customer Support Hours}} at {{Customer Support Phone Number}} or connect with us through the Live Chat feature on our {{Website URL}}. We are committed to ensuring your satisfaction and will be glad to assist you every step of the way."
cancel_order,"I bought some item, cancel purchase {{Order Number}}","I've picked up that you recently made a purchase and now would like to cancel the order with the purchase number {{Order Number}}. I apologize for any inconvenience this may cause. To assist you with the cancellation process, please follow these steps:

1. Sign into Your Account: Access our platform by signing in to your {{Online Company Portal Info}}.
2. Navigate to Your Orders: Once logged in, locate the '{{Online Order Interaction}}' or '{{Online Order Interaction}}' section.
3. Find Your Order: Within this section, locate the purchase with the order number {{Order Number}} and click on it for more details.
4. Initiate Cancellation: Look for the option labeled '{{Online Order Interaction}}' associated with your purchase. Please select it to proceed with cancelling the order.
5. Complete Any Further Steps: The system may ask you a few questions to confirm the cancellation or provide feedback. Please follow the instructions provided.

If you encounter any difficulties or have further questions throughout the process, our dedicated customer support team is available to assist you. You can reach out to us during {{Customer Support Hours}} at {{Customer Support Phone Number}} or through the Live Chat feature on our {{Website URL}}. Your satisfaction is our priority, and we appreciate your understanding."
cancel_order,how do i cancel purchase {{Order Number}},"I get it your need to cancel your purchase with the order number {{Order Number}}. Let me guide you through the process:

1. Access Your Account: Begin by logging in to your {{Online Company Portal Info}}.
2. Navigate to Your Orders: Once you're logged in, locate the section labeled ""{{Online Order Interaction}}"" or ""{{Online Order Interaction}}"".
3. Locate Your Purchase: Look for the order associated with the order number {{Order Number}} and click on it.
4. Initiate Cancellation: You should see an option labeled ""{{Online Order Interaction}}"". Please select it to proceed with the cancellation process.
5. Follow Any Additional Steps: Our system might prompt you with some questions or ask for feedback. Kindly provide the necessary information to complete the cancellation successfully.

If you encounter any issues or have further questions, our dedicated team is here to assist you. Feel free to reach out to us during {{Customer Support Hours}} at {{Customer Support Phone Number}} or via Live Chat on our website at {{Website URL}}. Your satisfaction is our priority, and we're committed to providing the support you need."
cancel_order,I want help canceling purchase {{Order Number}},"I fathom that you're seeking assistance in canceling your purchase of the item with the order number {{Order Number}}. I apologize for any inconvenience caused. To cancel your purchase, please follow these steps:

1. Sign in to Your Account: Begin by logging into your account on our platform.
2. Navigate to Your Orders: Once signed in, locate the section labeled ""Order History"" or ""My Orders.""
3. Find Your Purchase: Within this section, locate the purchase associated with the order number {{Order Number}} and click on it.
4. Initiate Cancellation: Look for the option labeled ""Cancel Order"" or a similar term, and select it to start the cancellation process.
5. Confirm Cancellation: You may be asked to confirm your cancellation request. Follow the prompts and provide any necessary feedback.
6. Await Confirmation: After submitting your cancellation request, you should receive confirmation of the cancellation via email or within your account.

If you encounter any difficulties or have further questions, our dedicated support team is available during {{Customer Support Hours}} to assist you. You can reach us at {{Customer Support Phone Number}} or through the Live Chat feature on our website at {{Website URL}}. We appreciate your understanding and value your satisfaction as our top priority."
cancel_order,I need assistance with canceling order {{Order Number}},"I've ascertained that you need assistance with canceling order {{Order Number}}. Your request is important to us, and we're here to help you navigate through the cancellation process. To proceed with canceling your order, please follow these steps:

1. Log into your account: Access our platform by signing in to your {{Online Company Portal Info}}.
2. Navigate to your orders: Once signed in, go to the '{{Online Order Interaction}}' or '{{Online Order Interaction}}' section.
3. Locate the specific order: Look for order {{Order Number}} within your order history and click on it for more details.
4. Initiate the cancellation: In the order details, you should find an option to '{{Online Order Interaction}}'. Please select this option to proceed.
5. Confirm Cancellation: The system may prompt you to confirm the cancellation. Please review the details and provide any necessary feedback.
6. Complete the process: Follow the on-screen instructions to complete the cancellation process.

If you encounter any difficulties or have further questions, our dedicated support team is available to assist you during {{Customer Support Hours}}. You can reach us at {{Customer Support Phone Number}} or through the Live Chat feature on our {{Website URL}}. Your satisfaction is our top priority, and we're committed to resolving any concerns you may have."
cancel_order,how can i cancel purchase {{Order Number}},"I've deduced from your message that you need assistance with canceling purchase {{Order Number}}, and I'm here to guide you through the process. To cancel your purchase, please follow these steps:

1. Log into Your Account: Access our platform by signing in to your {{Online Company Portal Info}}.
2. Navigate to Your Orders: Once you're logged in, go to the '{{Online Order Interaction}}' or '{{Online Order Interaction}}' section.
3. Find Your Purchase: Look for the purchase associated with the order number {{Order Number}}. Click on it to view the details.
4. Initiate Cancellation: Within the purchase details, you should see an option labeled '{{Online Order Interaction}}'. Please select this option.
5. Confirm Cancellation: The system might ask for confirmation or additional information. Please provide the necessary details to complete the cancellation process.

If you encounter any issues or have any further questions, our dedicated team is available during {{Customer Support Hours}} at {{Customer Support Phone Number}}. You can also connect with us through the Live Chat feature on our {{Website URL}}. We are committed to assisting you and ensuring your satisfaction with our service."
cancel_order,i dont know how to cancel order {{Order Number}},"No worries, I'm here to assist you with canceling your order with the number {{Order Number}}. To cancel your order, please follow these steps:

1. Sign in to Your Account: Visit our {{Online Company Portal Info}} and log in using your credentials.
2. Access Your Orders: Once logged in, navigate to the '{{Online Order Interaction}}' or '{{Online Order Interaction}}' section.
3. Locate the Order: Look for the order with the order number {{Order Number}}. Click on it to view the details.
4. Initiate Cancellation: Within the order details page, you should find an option labeled '{{Online Order Interaction}}'. Please select this option.
5. Confirm the Cancellation: The system may ask you to confirm your cancellation. Follow the prompts to complete the process.

If you encounter any difficulties or have further questions, our dedicated support team is just a phone call away. You can reach us during {{Customer Support Hours}} at {{Customer Support Phone Number}} or through the Live Chat feature on our website at {{Website URL}}. We're here to help you every step of the way."
cancel_order,how do I cancel purchae {{Order Number}}?,"I comprehend that you're seeking guidance on canceling purchase {{Order Number}}. To facilitate the cancellation process, please follow these steps:

1. Access Your Account: Log in to your {{Online Company Portal Info}} using your credentials.
2. Locate Your Order: Navigate to the '{{Online Order Interaction}}' or '{{Online Order Interaction}}' section, where you can find an overview of your purchases.
3. Identify the Specific Purchase: Look for the purchase linked to order number {{Order Number}}.
4. Initiate the Cancellation: Click on the purchase, and within the order details, you should find the '{{Online Order Interaction}}' option. Select it to proceed.
5. Confirm and Complete: Follow any additional prompts from the system to confirm the cancellation. Make sure to review all the details before finalizing the process.

If you encounter any difficulties or have further questions, our dedicated support team is available to assist you. You can reach out during {{Customer Support Hours}} at {{Customer Support Phone Number}} or use the Live Chat feature on our {{Website URL}}. We genuinely appreciate your patience and are committed to ensuring your satisfaction with our service."
cancel_order,I don't know how I could cancel purchase {{Order Number}},"I understand your uncertainty about canceling purchase {{Order Number}}. Allow me to guide you through the process:

1. Access Your Account: Start by logging into your {{Online Company Portal Info}} using your credentials.
2. Locate Order History: Once you're logged in, navigate to the '{{Online Order Interaction}}' or '{{Online Order Interaction}}' section.
3. Find the Relevant Purchase: Look for the purchase with the order number {{Order Number}} and click on it.
4. Initiate Cancellation: Within the order details, you should find the option to '{{Online Order Interaction}}'. Select that to proceed.
5. Follow any Further Steps: The system may request confirmation or feedback to complete the cancellation process. Please follow the instructions provided.

Should you encounter any difficulties or if you have any additional questions, our dedicated support team is available during {{Customer Support Hours}} at {{Customer Support Phone Number}} or through the Live Chat feature on our website at {{Website URL}}. Your satisfaction is our priority, and we'll ensure a smooth cancellation experience for you."
cancel_order,help to cancel order {{Order Number}},"I can definitely assist you with canceling your order with the number {{Order Number}}. I understand that you need guidance in this process, and I'm here to make it as seamless as possible.

To cancel your order, please follow these steps:

1. Log into your account: Go to the {{Online Company Portal Info}} and sign in using your credentials.
2. Access your order history: Once logged in, navigate to the '{{Online Order Interaction}}' or '{{Online Order Interaction}}' section.
3. Locate your order: Look for the specific order associated with the number {{Order Number}} and click on it to view the details.
4. Initiate the cancellation: Within the order details, you should find an option labeled '{{Online Order Interaction}}'. Please select it to begin the cancellation process.
5. Provide feedback (if required): The system may ask for additional feedback to help us improve. Feel free to provide any necessary information.

If you encounter any difficulties or have further questions, don't hesitate to reach out to our dedicated support team. You can communicate with us during {{Customer Support Hours}} at {{Customer Support Phone Number}} or use the Live Chat feature on our website at {{Website URL}}. We are here to assist you every step of the way and ensure your satisfaction."
cancel_order,"I bought some articles, how to cancel order {{Order Number}}?","I understood, you're unsure of the steps to take in order to cancel your order with the order number {{Order Number}}. Let me guide you through the process:

1. Access Your Account: Begin by logging into your {{Online Company Portal Info}}. This will allow you to manage your orders effectively.
2. Locate Your Order: Once you're logged in, navigate to the '{{Online Order Interaction}}' or '{{Online Order Interaction}}' section. You should find your purchase with the order number {{Order Number}}.
3. Initiate Cancellation: Click on the order details to find the option labeled '{{Online Order Interaction}}'. Select this option to start the cancellation process.
4. Follow Any Additional Steps: Depending on the platform, you might be asked to provide some feedback or confirm the cancellation. Please provide the necessary information as requested.
5. Verify Cancellation: After completing the cancellation process, double-check that the order status has changed to 'Canceled' or 'Refunded' in your order history.

If you encounter any difficulties during the cancellation process or have further questions, our dedicated customer support team is available {{Customer Support Hours}}. You can reach us at {{Customer Support Phone Number}} or use the Live Chat feature on our website at {{Website URL}}.

We apologize for any inconvenience caused and appreciate your understanding. Our goal is to ensure your satisfaction, and we'll do everything we can to assist you with canceling your order."
cancel_order,i do not want purchase {{Order Number}},"I've been informed that you no longer want to proceed with your purchase of order number {{Order Number}}. I apologize for any inconvenience this may cause. To cancel your purchase, please follow these steps:

1. Sign into Your Account: Access our platform by signing into your {{Online Company Portal Info}}.
2. Navigate to Your Orders: Once signed in, go to the '{{Online Order Interaction}}' or '{{Online Order Interaction}}' section.
3. Locate the Relevant Purchase: Look for the purchase associated with the order number {{Order Number}}.
4. Initiate the Cancellation: You should find an option labeled '{{Online Order Interaction}}' or similar. Please select this option to begin the cancellation process.
5. Confirm the Cancellation: The system may ask for confirmation or feedback to complete the cancellation. Provide any necessary information as requested.

If you encounter any difficulties or have further questions, please don't hesitate to contact our dedicated customer support team. You can reach us during {{Customer Support Hours}} at {{Customer Support Phone Number}} or through the Live Chat feature on our {{Website URL}}. We are here to assist you and ensure your satisfaction."
cancel_order,I don't know how I can camcel purchase {{Order Number}},"I'm following your confusion about canceling purchase {{Order Number}}. Allow me to guide you through the process:

1. Access Your Account: Please log in to your {{Online Company Portal Info}} using your credentials.
2. Locate Your Orders: Once logged in, navigate to the '{{Online Order Interaction}}' or '{{Online Order Interaction}}' section of your account.
3. Find the Purchase: Look for the purchase associated with the order number {{Order Number}} and click on it to open the details.
4. Initiate Cancellation: On the purchase details page, you should find an option labeled '{{Online Order Interaction}}'. Please select it.
5. Follow Any Additional Instructions: Depending on the cancellation process, you may need to provide some information or confirm your cancellation.
6. Get Confirmation: After completing the cancellation steps, you should receive confirmation of the cancellation via email or on your account page.

If you encounter any difficulties or have further questions, our dedicated support team is available during {{Customer Support Hours}} at {{Customer Support Phone Number}} or through Live Chat on our website at {{Website URL}}. We appreciate your patience, and we're committed to providing you with a satisfactory resolution."
cancel_order,could uhelp me cancelin order {{Order Number}},"Definitely! I understand that you need assistance with canceling your order with the order number {{Order Number}}. I'm here to guide you through the process and ensure a smooth cancellation experience.

To cancel your order, please follow these steps:

1. Sign in to your {{Company Account}}: Go to the login page and enter your credentials to access your account.
2. Navigate to Your Orders: Once logged in, find the section labeled ""{{Online Order Interaction}}"" or ""{{Online Order Interaction}}"" and click on it.
3. Locate the Order: Look for the order with the order number {{Order Number}}. Click on it to view the order details.
4. Initiate Order Cancellation: Within the order details, you should find an option labeled ""{{Online Order Interaction}}"" or a similar term. Click on it to begin the cancellation process.
5. Follow Any Additional Instructions: Depending on the platform, there might be some additional steps or questions to complete the cancellation. Please follow the instructions provided.

If you encounter any difficulties or have any further questions, our dedicated customer support team is available during {{Customer Support Hours}}. Feel free to call us at {{Customer Support Phone Number}} or use the live chat feature on our website at {{Website URL}} for immediate assistance.

We value your satisfaction and are here to support you every step of the way."
cancel_order,I want help to cancel order {{Order Number}},"I certainly recognize your need for assistance in canceling order {{Order Number}}. We're here to help you through this process. To cancel your order, please follow the steps below:

1. Sign into Your Account: Visit our {{Online Company Portal Info}} and log in using your credentials.
2. Access Your Order History: Once logged in, navigate to the '{{Online Order Interaction}}' or '{{Online Order Interaction}}' section.
3. Locate Your Order: Look for the order with the number {{Order Number}} and click on it to view the details.
4. Initiate Cancellation: Within the order details page, you should see an option labeled '{{Online Order Interaction}}'. Select this option to start the cancellation process.
5. Confirmation and Feedback: The system may ask you a few questions for confirmation or feedback regarding the cancellation. Please provide the necessary information to proceed.
  
If you encounter any issues or have further questions, please don't hesitate to reach out to our dedicated support team. They are available {{Customer Support Hours}} at {{Customer Support Phone Number}} or through the Live Chat on our website at {{Website URL}}. We're here to ensure a smooth and hassle-free cancellation experience for you."
cancel_order,i want assistance to cancel purchase {{Order Number}},"I've come to understand that you're seeking assistance to cancel purchase {{Order Number}}. We appreciate you reaching out to us for help. To cancel your purchase, kindly follow these steps:

1. Sign into Your Account: Log in to your {{Online Company Portal Info}} using your credentials.
2. Access Your Orders: Once you're logged in, navigate to the '{{Online Order Interaction}}' or '{{Online Order Interaction}}' section.
3. Locate the Purchase: Look for the purchase associated with the order number {{Order Number}} and click on it.
4. Initiate the Cancellation: You should find a '{{Cancel Purchase}}' or similar label. Please select that option.
5. Confirm the Cancellation: Follow any further prompts or questions to complete the cancellation process.

If you encounter any difficulties or have any questions during the process, our dedicated team is here to assist you. You can contact us during {{Customer Support Hours}} at {{Customer Support Phone Number}} or use the Live Chat feature on our {{Website URL}}. Your satisfaction is our top priority, and we're committed to helping you through every step of the way."
cancel_order,i do not know how i can canmcel order {{Order Number}},"I appreciate that you're unsure about the process of canceling your order with the order number {{Order Number}}. Don't worry; I'm here to assist you step by step. To cancel your order, please follow these instructions:

1. Access Your Account: Start by logging into your {{Online Company Portal Info}} using your credentials.
2. Locate Your Order: Once you're logged in, navigate to the '{{Online Order Interaction}}' or '{{Online Order Interaction}}' section.
3. Find the Relevant Purchase: Look for the order with the number {{Order Number}} and click on it to view the details.
4. Initiate the Cancellation: Within the order details, you should find an option labeled '{{Online Order Interaction}}'. Click on it to begin the cancellation process.
5. Confirm the Cancellation: The system might ask for your confirmation or any additional information regarding the cancellation. Please provide the necessary details to proceed.

If you encounter any difficulties or have further questions, our dedicated customer support team is available during {{Customer Support Hours}}. Feel free to call us at {{Customer Support Phone Number}} or reach out through the Live Chat feature on our website at {{Website URL}}. We're committed to ensuring a seamless experience for you, and we value your satisfaction as our top priority."
cancel_order,i need assistance canceling roder {{Order Number}},"I acknowledge that you require assistance with canceling your order with the order number {{Order Number}}. We apologize for any inconvenience this may have caused you. To process the cancellation, please follow these steps:

1. Sign in to your account: Access our platform by logging in to your {{Online Company Portal Info}}.
2. Navigate to your order history: Once signed in, go to the '{{Online Order Interaction}}' or '{{Online Order Interaction}}' section.
3. Locate the specific order: Look for the order with the order number {{Order Number}}.
4. Initiate the cancellation: Click on the order to view its details, and then select the option to '{{Online Order Interaction}}'.
5. Confirm the cancellation: Follow the prompts and provide any necessary feedback to complete the cancellation process.

If you encounter any difficulties or have further questions, our dedicated customer support team is available during {{Customer Support Hours}} at {{Customer Support Phone Number}} or through the Live Chat feature on our {{Website URL}}. We value your satisfaction and are here to assist you every step of the way."
cancel_order,can uhelp me canceling purchase {{Order Number}},"I'll get right on it! I'm here to assist you with canceling purchase {{Order Number}}. Let's get started on the process:

1. Sign into Your Account: Begin by logging in to your {{Online Company Portal Info}} with your credentials.
2. Navigate to Order History: Once you're logged in, head over to the '{{Online Order Interaction}}' or '{{Online Order Interaction}}' section. You'll find a list of your previous purchases here.
3. Locate Your Purchase: Scan through the list to find the purchase associated with the order number {{Order Number}}. Click on it to access the details.
4. Initiate Cancellation: Look for the '{{Online Order Interaction}}' option, usually located near the purchase details. Select it to proceed with the cancellation process.
5. Confirmation and Feedback: Follow any additional steps or questions the system might ask to complete the cancellation process successfully.

If you encounter any difficulties or have additional questions, our dedicated support team is available during {{Customer Support Hours}} to assist you. You can reach us by phone at {{Customer Support Phone Number}} or through the Live Chat on our website at {{Website URL}}. We understand that canceling a purchase can be stressful, but rest assured we're here to help make the process as smooth and seamless as possible."
cancel_order,"I can't afford this item, I try to cancel order {{Order Number}}","I'm not mistaken that you're in a difficult financial situation and need assistance with canceling your order with the order number {{Order Number}}. We're here to help you navigate this process. Here's what you can do:

1. Sign into Your Account: Access our platform by signing in to your {{Online Company Portal Info}}.
2. Navigate to Your Orders: Once you're logged in, go to the '{{Online Order Interaction}}' or '{{Online Order Interaction}}' section.
3. Locate Your Order: Look for the order with the order number {{Order Number}}. Click on it to access the details.
4. Initiate the Cancellation: Within the order details, you should find an option labeled '{{Online Order Interaction}}'. Please select this to start the cancellation process.
5. Follow Any Additional Steps: The system may prompt you to provide feedback or confirm the cancellation. Please complete any required fields or questions.

If you encounter any difficulties or have more questions, our dedicated support team is available during {{Customer Support Hours}}. Feel free to give us a call at {{Customer Support Phone Number}}, reach out through the Live Chat feature on our website at {{Website URL}}, or send us an email at {{Customer Support Email}}. We appreciate your understanding, and we're committed to assisting you during this time."
cancel_order,i dont know how i can cancel purchase {{Order Number}},"I see your confusion about canceling your purchase with the order number {{Order Number}}. I'm here to provide you with the necessary guidance.

To cancel your purchase, please follow these steps:

1. Sign into Your Account: Log in to our platform using your credentials.
2. Locate Your Orders: Once logged in, navigate to the '{{Online Order Interaction}}' or '{{Online Order Interaction}}' section.
3. Find Your Purchase: In this section, look for the purchase associated with the order number {{Order Number}} and click on it.
4. Initiate Cancellation: You should see an option labeled '{{Online Order Interaction}}' linked to your purchase. Please select this option to start the cancellation process.
5. Follow Any Additional Steps: The system may prompt you with some questions or additional confirmation steps. Kindly complete these steps as instructed.

If you encounter any difficulties or have further questions, our dedicated team is always available to assist you. You can reach us during {{Customer Support Hours}} at {{Customer Support Phone Number}} or through the Live Chat feature on our website at {{Website URL}}. Your satisfaction is our top priority, and we'll do everything we can to help you cancel your purchase successfully."
cancel_order,I can't pay  for order {{Order Number}},"I'm not mistaken your frustration about not being able to pay for order {{Order Number}}. Our team is here to assist you in finding a solution. Here's what you can do:

1. Double-check Payment Information: Make sure all the payment details you've entered are accurate, including the card number, expiration date, CVV, and billing address. A small error in any of these fields could disrupt the payment process.

2. Try a Different Payment Method: If the issue persists, you may want to try using a different payment method. We offer multiple payment options, such as credit/debit cards, mobile wallets, or alternative payment platforms. Select the method that works best for you.

3. Contact Your Bank or Payment Provider: If the problem persists despite entering correct payment details or trying different payment methods, it's advisable to contact your bank or payment provider. They can provide insights into any issues with your account or transaction.

4. Engage with our Customer Support: Our dedicated customer support team is available to assist you further. Reach out to us during {{Customer Support Hours}} at {{Customer Support Phone Number}}. We're here to help troubleshoot the payment issue and guide you through the process.

Rest assured that we'll do everything possible to resolve the payment issue and ensure a smooth transaction experience. Your satisfaction is of utmost importance to us."
cancel_order,I have a question about canceling order {{Order Number}},"Thank you for bringing your question about canceling order {{Order Number}} to our attention. I'm here to provide you with the information you need. Please go ahead and ask your question, and I'll do my best to assist you."
cancel_order,i need help with cancelling purchase {{Order Number}},"I gather that you're seeking assistance in canceling your purchase with the order number {{Order Number}}. Rest assured, I'm here to help you with that. To cancel your purchase, follow these steps:

1. Login to Your Account: Access our platform by signing into your {{Online Company Portal Info}}.
2. Locate Your Order: Once logged in, navigate to the '{{Online Order Interaction}}' or '{{Online Order Interaction}}' section to find your purchase.
3. Select the Purchased Item: Look for the purchase associated with the order number {{Order Number}} and click on it to view the details.
4. Initiate Cancellation: Within the purchase details, you should see an option labeled '{{Online Order Interaction}}'. Please click on it to initiate the cancellation process.
5. Follow the Cancellation Steps: The system may require you to answer a few questions or provide feedback to confirm your cancellation. Kindly complete the necessary steps.

If you encounter any difficulties or have further questions, don't hesitate to reach out. Our dedicated team is available during {{Customer Support Hours}} at {{Customer Support Phone Number}} or through the Live Chat feature on our {{Website URL}}. We're committed to ensuring your satisfaction and providing the assistance you need."
cancel_order,i dont know how to cncel purchase {{Order Number}},"I'm following your confusion about canceling your purchase with the order number {{Order Number}}. Let me guide you through the process:

1. Log into Your Account: Access our platform by signing in to your {{Online Company Portal Info}}.
2. Navigate to Your Orders: Once logged in, find the '{{Online Order Interaction}}' or '{{Online Order Interaction}}' tab.
3. Locate Your Order: Look for the purchase with the order number {{Order Number}} and click on it.
4. Initiate the Cancellation: You should see an option labeled '{{Online Order Interaction}}' associated with your purchase. Please select this.
5. Complete Any Necessary Steps: The system might prompt you to confirm the cancellation or provide additional details. Please follow the instructions.

If you encounter any difficulties or have more questions during the process, our dedicated team is available to assist you. You can reach us during {{Customer Support Hours}} at {{Customer Support Phone Number}} or through the Live Chat on our website at {{Website URL}}. We are committed to ensuring your satisfaction and resolving any concerns you may have about canceling your purchase."
cancel_order,i need assistance to cancel purchase {{Order Number}},"I'm attuned to the idea that you're looking for assistance with canceling your purchase with the order number {{Order Number}}. I apologize for any inconvenience this has caused, and I'm here to help you through the process. Here's what you can do to cancel your purchase:

1. Log into your {{Online Company Portal Info}}.
2. Navigate to the '{{Online Order Interaction}}' or '{{Online Order Interaction}}' section.
3. Locate the purchase with the order number {{Order Number}}.
4. Look for the option labeled '{{Online Order Interaction}}' associated with your purchase and select it.
5. Follow any additional instructions or prompts to complete the cancellation.

If you encounter any issues or have further questions, feel free to reach out to our dedicated team. You can contact us during {{Customer Support Hours}} at {{Customer Support Phone Number}} or through the Live Chat on our website at {{Website URL}}. We are committed to ensuring your satisfaction and will be glad to assist you."""
cancel_order,I don't want order {{Order Number}},"I've realized you no longer want to proceed with order {{Order Number}}. We apologize for any inconvenience caused. To assist you in canceling the order, please follow these steps:

1. Sign into Your Account: Access our platform by logging in to your {{Online Company Portal Info}}.
2. Locate Your Order: Navigate to the '{{Online Order Interaction}}' or '{{Online Order Interaction}}' section.
3. Find Your Order: Look for the order associated with the number {{Order Number}} and click on it.
4. Initiate Cancellation: You should see an option labeled '{{Online Order Interaction}}' for this specific order. Please select it.
5. Confirm Cancellation: The system may ask you to confirm the cancellation. Follow the prompts to complete the process.

If you encounter any difficulties or have further questions, our dedicated customer support team is available to assist you. You can reach us during {{Customer Support Hours}} at {{Customer Support Phone Number}} or through the Live Chat feature on our {{Website URL}}. We appreciate your understanding and strive to ensure your satisfaction."
cancel_order,"I purchased some product, cancel order {{Order Number}}","I've grasped that you're seeking assistance with canceling the order with order number {{Order Number}}. We apologize for any inconvenience caused and we're here to help you. To cancel the order, please follow these steps:

1. Sign in to your account: Log in to your {{Online Company Portal Info}} using your credentials.
2. Locate your order: Navigate to the '{{Online Order Interaction}}' or '{{Online Order Interaction}}' section.
3. Find the specific order: Look for the order with the order number {{Order Number}}.
4. Initiate the cancellation: Click on the order and look for the option to '{{Online Order Interaction}}'.
5. Confirm the cancellation: You might be asked to provide a reason for canceling the order. Please select the appropriate reason and confirm the cancellation.

If you encounter any difficulties or have further questions, our dedicated customer support team is available to assist you. You can reach us during {{Customer Support Hours}} at {{Customer Support Phone Number}} or through the Live Chat on our website at {{Website URL}}. We appreciate your understanding and we'll do our best to ensure your satisfaction."
cancel_order,have a question abut canceling purchase {{Order Number}},"I appreciate you reaching out to us with your question about canceling purchase {{Order Number}}. I'm here to assist you. Feel free to ask your question or share any concerns you have, and I'll do my best to provide you with the information and guidance you need to proceed with canceling your purchase successfully. Remember, your satisfaction is our top priority."
cancel_order,I have to cancel purchase {{Order Number}},"I get that you need to cancel purchase {{Order Number}}. We apologize for the inconvenience this may have caused. To assist you with the cancellation process, please follow these steps:

1. Access Your Account: Log in to your {{Company Account}} using your credentials.
2. Locate Your Purchase: Navigate to your '{{Online Order Interaction}}' or '{{Online Order Interaction}}' section.
3. Find the Purchase Details: Look for the purchase with the order number {{Order Number}}.
4. Initiate the Cancellation: Click on the '{{Online Order Interaction}}' option associated with this purchase.
5. Follow Any Additional Instructions: If prompted, complete any further steps or provide feedback.

If you encounter any difficulties or have any further questions, please don't hesitate to reach out to our dedicated customer support team. You can contact us during {{Customer Support Hours}} at {{Customer Support Phone Number}} or use the Live Chat feature on our website at {{Website URL}}.

We appreciate your understanding and cooperation in this matter, and we're committed to ensuring your satisfaction with our service."
cancel_order,what do i have to do to cancel purchase {{Order Number}},"I can tell that you're looking for guidance on canceling purchase {{Order Number}}. I apologize for any inconvenience caused, and I'm here to assist you with the cancellation process. Please follow these steps:

1. Sign into Your Account: Access our platform by signing in to your {{Online Company Portal Info}}.
2. Navigate to Your Orders: Once logged in, locate the section labeled '{{Online Order Interaction}}' or '{{Online Order Interaction}}' and select it.
3. Find Your Purchase: Within the order history, you should see the purchase with the order number {{Order Number}}. Click on it to view the details.
4. Initiate Cancellation: Look for an option labeled '{{Online Order Interaction}}' associated with your purchase. Please click on it.
5. Complete Any Further Steps: You may be prompted to provide a reason for cancellation or provide feedback. Please follow the instructions and fill out any required information.

If you encounter any difficulties during the process or have any further questions, our dedicated support team is available to assist you during {{Customer Support Hours}}. You can reach us at {{Customer Support Phone Number}} or use the Live Chat feature on our {{Website URL}}. Your satisfaction is our priority, and we appreciate your understanding in this matter."
cancel_order,where to cancel purchase {{Order Number}}?,"I've been informed that you are looking for the location to cancel your purchase with the order number {{Order Number}}. To cancel your purchase, please follow these steps:

1. Sign in to Your Account: Access our platform by logging in to your {{Online Company Portal Info}}.
2. Navigate to Your Orders: Once logged in, go to the '{{Online Order Interaction}}' or '{{Online Order Interaction}}' section.
3. Find Your Purchase: Look for the purchase with the order number {{Order Number}}. Click on it to view the order details.
4. Initiate Cancellation: In the order details, you will find an option labeled '{{Online Order Interaction}}'. Please select this to begin the cancellation process.
5. Follow any Additional Steps: The system may present you with some additional questions or instructions to complete the cancellation. Please follow them accordingly.

If you encounter any difficulties or have further questions, our dedicated support team is available during {{Customer Support Hours}} at {{Customer Support Phone Number}}. Alternatively, you can reach out to us through the Live Chat feature on our {{Website URL}}. We are here to assist you and ensure a smooth cancellation process."
cancel_order,problem with cancelig order {{Order Number}},"I apologize for the inconvenience you're facing regarding the cancellation of your order with the number {{Order Number}}. Our team is committed to assisting you in resolving this issue promptly. To better understand the problem you're encountering, could you please provide some more details about the specific problem you're facing during the cancellation process? This will enable us to address the issue more accurately and provide you with the appropriate solution. Thank you for your cooperation, and we look forward to assisting you further."
cancel_order,I'm rtying to cancel order {{Order Number}},"I'm following the urgency of canceling your order with the order number {{Order Number}}. I apologize for any inconvenience caused. To assist you with the cancellation process, please follow these steps:

1. Log into your {{Online Company Portal Info}}.
2. Navigate to the '{{Online Order Interaction}}' or '{{Online Order Interaction}}' section.
3. Look for the order with the number {{Order Number}} and click on it.
4. You should see an option to '{{Online Order Interaction}}', please select that.
5. Follow the instructions, if any, to complete the cancellation.

If you encounter any difficulties or have any further questions, please do not hesitate to reach out to our dedicated customer support team. You can contact us during {{Customer Support Hours}} at {{Customer Support Phone Number}} or through the Live Chat function on our {{Website URL}}. We are here to help and ensure your satisfaction."
cancel_order,I need help with cancelling purhase {{Order Number}},"I'm sensitive to the fact that you need assistance with cancelling purchase {{Order Number}}. I apologize for any inconvenience this may have caused. To cancel your purchase, please follow these steps:

1. Log into your account: Access our {{Online Company Portal Info}} and sign in using your credentials.
2. Navigate to your orders: Once signed in, go to the '{{Online Order Interaction}}' or '{{Online Order Interaction}}' section.
3. Locate your purchase: Look for the purchase associated with the order number {{Order Number}} and click on it for more details.
4. Initiate cancellation: Within the purchase details, you will find an option to '{{Online Order Interaction}}'. Please select this option.
5. Confirm cancellation: The system may ask for your confirmation or feedback to complete the cancellation process. Kindly provide the necessary information.

If you encounter any difficulties or have further questions, do not hesitate to contact our dedicated support team. You can reach us during {{Customer Support Hours}} at {{Customer Support Phone Number}} or through the Live Chat feature on our website at {{Website URL}}. We value your satisfaction and are here to assist you every step of the way."
cancel_order,"I do not want the item I purchased, can I cancel the order?","I'm following your situation and the desire to cancel your order because you no longer want the item you purchased. We are here to assist you with the cancellation process. To cancel your order, please follow these steps:

1. Access Your Account: Log in to your {{Online Company Portal Info}} using your username and password.
2. Navigate to Your Orders: Once you are logged in, go to the '{{Online Order Interaction}}' or '{{Online Order Interaction}}' section.
3. Identify the Order: Look for the order that contains the item you no longer want.
4. Initiate Cancellation: Within the order details, you should find an option labeled '{{Online Order Interaction}}'. Click on it to start the cancellation process.
5. Confirm Cancellation: The system may ask you to confirm your decision before proceeding. Please provide the necessary confirmation.

If you encounter any difficulties or have additional questions, our dedicated team is available to assist you during {{Customer Support Hours}}. You can reach us by phone at {{Customer Support Phone Number}} or through the Live Chat feature on our {{Website URL}}. We want to ensure your satisfaction and will do our utmost to assist you throughout the cancellation process."
cancel_order,i need help with cancelliung order {{Order Number}},"I've understood that you need assistance with canceling your order with the order number {{Order Number}}. Our team is here to help you through the process. To cancel your order, please follow these steps:

1. Access Your Account: Log in to your {{Company Account}} using your credentials.
2. Go to Your Order History: Navigate to the ""{{Online Order Interaction}}"" or ""{{Online Order Interaction}}"" section.
3. Locate Your Order: Look for the order corresponding to the order number {{Order Number}} and click on it to view the details.
4. Cancel Your Order: You should see an option to ""{{Online Order Interaction}}"". Click on it to initiate the cancellation process.
5. Confirm the Cancellation: Follow any additional instructions or prompts to confirm the cancellation.
6. Receive Confirmation: Once your cancellation request is processed, you will receive a confirmation email.

If you encounter any issues or have further questions, please don't hesitate to reach out to our dedicated customer support team. You can contact us during {{Customer Support Hours}} at {{Customer Support Phone Number}}, or through the Live Chat feature on our website at {{Website URL}}. We appreciate your patience and understanding throughout this process and strive to ensure your satisfaction."
cancel_order,"I bought some items, cancel order {{Order Number}}","I see what you mean your need to cancel your order with the number {{Order Number}}. Your satisfaction is of utmost importance to us, and I'm here to guide you through the cancellation process. Here's what you need to do:

1. Log into Your Account: Access our platform by signing in to your {{Online Company Portal Info}}.
2. Navigate to Your Orders: Once logged in, find the '{{Online Order Interaction}}' or '{{Online Order Interaction}}' section.
3. Locate Your Order: Look for the order with the number {{Order Number}} and click on it for details.
4. Initiate Cancellation: You'll find an option labeled '{{Online Order Interaction}}' associated with your purchase. Please select that.
5. Confirm Cancellation: If prompted, confirm the cancellation by following the instructions provided.

If you face any challenges during the process or have any further questions, our dedicated team is available during {{Customer Support Hours}} at {{Customer Support Phone Number}}, or you can reach out through the Live Chat feature on our {{Website URL}}. Your satisfaction is our top priority, and we are committed to ensuring a smooth experience for you."
cancel_order,"I bought something, help me cancel purchasae {{Order Number}}","I've realized you recently made a purchase and now need assistance with canceling it. I'm here to guide you through the process and ensure a smooth cancellation. Here's what you need to do:

1. First, log in to your account on our {{Online Company Portal Info}}.
2. Once you're logged in, navigate to the '{{Online Order Interaction}}' or '{{Online Order Interaction}}' section.
3. Look for the purchase with the order number {{Order Number}} and click on it to view the details.
4. Within the purchase details, you should find an option labeled '{{Online Order Interaction}}'. Please click on it to initiate the cancellation.
5. You may be asked a few questions for confirmation or feedback. Please provide the necessary information.

Should you encounter any difficulties or have further questions, our dedicated support team is available to assist you. Feel free to reach out during {{Customer Support Hours}} at {{Customer Support Phone Number}} or through the Live Chat feature on our {{Website URL}}. Your satisfaction is our top priority, and we're here to ensure a seamless experience for you."
cancel_order,how to cancel the purchase i made,"Assuredly! I understand that you want to cancel the purchase you made. Let me guide you through the process step by step: 

1. Log in to your {{Online Company Portal Info}} using your credentials.
2. Navigate to the '{{Online Order Interaction}}' or '{{Online Order Interaction}}' section, where you can find a list of your previous purchases.
3. Identify the specific purchase you want to cancel. You may need to search for it by order number or date.
4. Once you've located the purchase, look for an option labeled '{{Online Order Interaction}}' or something similar. Click on it.
5. Follow the instructions provided by the system to complete the cancellation process.

If you encounter any difficulties or have any questions along the way, our dedicated customer support team is here to assist you. You can reach us during {{Customer Support Hours}} at {{Customer Support Phone Number}} or through the Live Chat on our website at {{Website URL}}. We value your satisfaction and will do our best to help you with your cancellation request."
cancel_order,"I have bought some items, cancel order {{Order Number}}","I'm clearly cognizant the importance of canceling your purchase with order number {{Order Number}} for you. Rest assured, I'm here to assist you in this process. Let's go through the necessary steps together:

1. **Access Your Account**: Start by logging into your {{Online Company Portal Info}} using your registered credentials.
2. **Navigate to Order History**: Once logged in, look for the '{{Online Order Interaction}}' or '{{Online Order Interaction}}' section. It should contain a list of your recent purchases.
3. **Locate the Specific Purchase**: Scan the list for the order with the number {{Order Number}}. Click on it to access the order details.
4. **Initiate Cancellation**: Within the order details page, you should see an option to '{{Online Order Interaction}}' or similar. Please click on it to proceed.
5. **Confirm Cancellation**: The system may ask for a confirmation to ensure your intention. Please follow the prompts and provide any feedback if requested.

If you encounter any challenges or have further inquiries, please don't hesitate to reach out. Our team is available during {{Customer Support Hours}} at {{Customer Support Phone Number}} or through the Live Chat on our website at {{Website URL}}. Remember, we're here to make this cancellation process as seamless as possible for you."""
cancel_order,can you help me canceling purchase {{Order Number}}?,"I'll get right on it! I'm here to provide you with the assistance you need to cancel your purchase with order number {{Order Number}}. Let's go through the process together:

1. Log in to Your Account: Begin by accessing our platform and signing in to your {{Online Company Portal Info}}.
2. Navigate to Your Orders: Once you're logged in, find your way to the '{{Online Order Interaction}}' or '{{Online Order Interaction}}' section.
3. Locate Your Purchase: Look for the purchase associated with order number {{Order Number}}. Click on it for more details.
4. Initiate the Cancellation: Within the purchase details, you will find an option labeled '{{Online Order Interaction}}'. Please select it to begin the cancellation process.
5. Follow Any Additional Steps: There might be further instructions or questions to confirm the cancellation. Make sure to complete them as instructed.

If you encounter any difficulties or have any questions along the way, our dedicated team is ready to assist you. Reach out to us during {{Customer Support Hours}} at {{Customer Support Phone Number}}, or use the Live Chat feature on our {{Website URL}} for immediate support. Your satisfaction is our top priority, and we appreciate your trust in us."
cancel_order,need help with cancelling purchase {{Order Number}},"I've decoded that you're seeking assistance with canceling your purchase of order number {{Order Number}}. I apologize for any inconvenience this may have caused you. To cancel your purchase, please follow these steps:

1. Sign in to your account: Visit our platform and log in using your credentials.
2. Go to your order history: Once you're signed in, navigate to the ""{{Online Order Interaction}}"" or ""{{Online Order Interaction}}"" section.
3. Locate your purchase: Find the purchase associated with the order number {{Order Number}} and click on it.
4. Initiate the cancellation: On the purchase page, you'll find an option labeled ""{{Online Order Interaction}}"". Please select this option to proceed with the cancellation.
5. Confirm your cancellation: The system may prompt you to provide a reason for cancellation or ask for additional feedback. Please complete the required steps to finalize the cancellation process.

If you encounter any difficulties during the cancellation process or have any further questions, our dedicated customer support team is available to assist you. You can reach us during {{Customer Support Hours}} at {{Customer Support Phone Number}} or through the Live Chat on our website at {{Website URL}}. We appreciate your understanding and patience, and we're here to ensure your satisfaction."
cancel_order,help me cancel ordere {{Order Number}},"I realized you need help canceling order {{Order Number}}. We apologize for any inconvenience caused by this challenge. Let's work together to find a solution:

1. Access Your Account: Please log into your {{Online Company Portal Info}} using your credentials.
2. Locate Your Orders: Once you're logged in, navigate to the '{{Online Order Interaction}}' or '{{Online Order Interaction}}' section.
3. Identify the Relevant Order: Search for the order with the number {{Order Number}}. Click on it to view the details.
4. Initiate the Cancellation: Look for the option labeled '{{Online Order Interaction}}' associated with the specific order. Please select it to proceed.
5. Confirm the Cancellation: Follow any additional steps that the system prompts to finalize the cancellation process.

If you encounter any difficulties or have further questions, our dedicated support team is available to assist you during {{Customer Support Hours}}. You can reach out to us via phone at {{Customer Support Phone Number}} or through the Live Chat on our website at {{Website URL}}. We appreciate your understanding as we work towards resolving this issue to your satisfaction."
cancel_order,i don want order {{Order Number}} I'd like to cancel it,"I certainly recognize that you no longer want to proceed with your order with the order number {{Order Number}}. I'm here to assist you in canceling it promptly and smoothly.

To cancel your order, please follow these steps:

1. Sign in to Your Account: Access our platform by signing in to your {{Online Company Portal Info}}.
2. Locate Your Order: Navigate to the '{{Online Order Interaction}}' or '{{Online Order Interaction}}' section to find your order.
3. Select the Order: Look for the specific order with the order number {{Order Number}} and click on it.
4. Initiate the Cancellation: You should see an option labeled '{{Online Order Interaction}}' associated with your purchase. Please select this to begin the cancellation process.
5. Confirm the Cancellation: The system may ask you to confirm the cancellation. Follow the prompts and provide any necessary feedback.

If you encounter any difficulties or have any further questions, our dedicated team is available to assist you during {{Customer Support Hours}}. Feel free to reach out to us at {{Customer Support Phone Number}} or use the Live Chat feature on our {{Website URL}}.

We appreciate your understanding and apologize for any inconvenience caused."
cancel_order,I can't aford order {{Order Number}},"I get it your concern about being unable to afford the order with the order number {{Order Number}}. Our team is here to assist you and explore possible options. We can discuss alternative solutions like adjusting the payment plan or exploring any ongoing promotions or discounts that can help reduce the cost. Rest assured, we prioritize your satisfaction and will work together to find a suitable resolution. Please reach out to us during {{Customer Support Hours}} at {{Customer Support Phone Number}} or through the Live Chat on our website at {{Website URL}}. Your happiness and financial comfort are important to us."
cancel_order,order cancelation,"I've noticed that you would like to cancel your order. Your request for cancellation is important to us, and we are here to assist you every step of the way. To proceed with the cancellation, please follow these instructions:

1. Log in to your {{Online Company Portal Info}}.
2. Navigate to the '{{Online Order Interaction}}' or '{{Online Order Interaction}}' section.
3. Locate the specific order you wish to cancel.
4. Click on the order to open the details page.
5. Look for the option to '{{Online Order Interaction}}'.
6. Select the cancellation option and follow any additional prompts or instructions.

If you encounter any difficulties or have further questions, please feel free to reach out to our dedicated customer support team. You can contact us during {{Customer Support Hours}} at {{Customer Support Phone Number}} or engage in a live chat on our website at {{Website URL}}. We are committed to ensuring your satisfaction and will do our best to assist you with the cancellation process."
cancel_order,i have a provlem with cancelling order {{Order Number}},"I comprehend that you're experiencing difficulties with canceling your order tied to the order number {{Order Number}}, and I'm here to guide you through the cancellation process. Rest assured, I'll do my best to assist you in resolving this issue. To cancel your order, please follow these steps:

1. Sign in to your account on our {{Online Company Portal Info}}.
2. Locate the ""{{Online Order Interaction}}"" or ""{{Online Order Interaction}}"" section.
3. Find the order with the order number {{Order Number}} and click on it to view the details.
4. Look for the ""{{Online Order Interaction}}"" option associated with your purchase and select it.
5. If prompted, provide any necessary additional information or feedback to complete the cancellation process.

If you encounter any difficulties or have any further questions or concerns, our dedicated support team is available to assist you. You can reach us during {{Customer Support Hours}} at {{Customer Support Phone Number}} or through the Live Chat feature on our website at {{Website URL}}. Your satisfaction is our priority, and we'll do everything we can to ensure a smooth resolution to this matter."
cancel_order,I have a probllem with canceling order {{Order Number}},"I fathom that you're encountering difficulties with canceling order {{Order Number}}, and I'm here to assist you in resolving this issue. To address your problem, follow these steps:

1. Sign in to Your Account: Access our {{Online Company Portal Info}} and log in using your credentials.
2. Navigate to Your Orders: Once you're logged in, locate the section that houses your order history, such as '{{Online Order Interaction}}' or '{{Online Order Interaction}}'.
3. Find the Relevant Order: Locate the order associated with the number {{Order Number}}, and click on it to access the details.
4. Initiate the Cancellation: Look for the option labeled '{{Online Order Interaction}}' that is linked with this specific purchase. Click on it to initiate the cancellation process.
5. Complete Any Necessary Steps: If prompted, answer any additional questions or provide feedback as required to finalize the cancellation.

If you encounter any further issues or have any questions, our dedicated customer support team is available to assist you during {{Customer Support Hours}}. You can reach us at {{Customer Support Phone Number}} or through the Live Chat feature on our website at {{Website URL}}. Your satisfaction is our top priority, and we're here to ensure a seamless cancellation experience."
cancel_order,help canceling order {{Order Number}},"I catch on to the fact that you need assistance in canceling your order with the number {{Order Number}}. I apologize for any inconvenience this may have caused you, and I'm here to help you through the process. Here's what you can do:

1. Sign into Your Account: Access our platform by logging in to your {{Online Company Portal Info}}.
2. Locate Your Order: Once logged in, navigate to your '{{Online Order Interaction}}' or '{{Online Order Interaction}}' section.
3. Find the Specific Purchase: Look for the order number {{Order Number}} and click on it to view the details.
4. Start the Cancellation Process: You will find an option labeled '{{Online Order Interaction}}' associated with your purchase. Please select that to initiate the cancellation.
5. Follow Any Additional Steps: The system may ask you a few questions or require additional information to complete the cancellation.

Remember, our dedicated team is available during {{Customer Support Hours}} to assist you. You can reach us at {{Customer Support Phone Number}} or use the Live Chat feature on our {{Website URL}}. Your satisfaction is our top priority, and we're here to ensure a smooth cancellation process for you."
cancel_order,"I do not want this article, cancel order {{Order Number}}","I've grasped that you no longer want to proceed with purchasing the article and would like to cancel your order with the order number {{Order Number}}. We appreciate your feedback and understand that circumstances may change. To cancel your order and initiate a refund, please follow these steps:

1. Log in to your account: Access our platform by signing in to your {{Online Company Portal Info}}.
2. Navigate to your order history: Once logged in, go to the '{{Online Order Interaction}}' or '{{Online Order Interaction}}' section.
3. Locate your order: Look for the purchase associated with the order number {{Order Number}}. Click on it to view the details.
4. Cancel the order: You should find an option labeled '{{Online Order Interaction}}' or similar. Select that to initiate the cancellation process.
5. Confirmation and refund: Our system may prompt you for additional confirmation or ask for feedback. Please provide the necessary information to complete the cancellation and refund process.

If you encounter any difficulties or have any further questions, our dedicated customer service team is available to assist you. You can reach us during our {{Customer Support Hours}} at {{Customer Support Phone Number}}, or you can use the Live Chat feature on our {{Website URL}}. Your satisfaction is our priority, and we are committed to ensuring a smooth cancellation process for you."
cancel_order,help  me cancelling purchase {{Order Number}},"I'm not mistaken that you require assistance with canceling purchase {{Order Number}}. I apologize for any inconvenience this may have caused you. To cancel your purchase, please follow these steps:

1. Sign in to your {{Online Company Portal Info}} using your credentials.
2. Go to your '{{Online Order Interaction}}' or '{{Online Order Interaction}}' section.
3. Locate the purchase associated with the order number {{Order Number}}.
4. Click on the purchase to view the details.
5. Look for the option labeled '{{Online Order Interaction}}' and select it to initiate the cancellation process.
6. Follow any additional instructions or provide any feedback if requested by the system.

If you encounter any difficulties or have any further questions, feel free to reach out to our dedicated team. They are available during {{Customer Support Hours}} at {{Customer Support Phone Number}} or through the Live Chat on our website at {{Website URL}}. We value your satisfaction and are here to assist you every step of the way."
cancel_order,cancel purchase370795561790,"I'm on your side your need to cancel your purchase with the order number {{Order Number}}. We don't want you to worry, and we'll be here to assist you every step of the way. Here's what you need to do:

1. Log into Your Account: Start by signing in to your {{Online Company Portal Info}}.
2. Access Your Order History: Once logged in, navigate to the '{{Online Order Interaction}}' or '{{Online Order Interaction}}' section.
3. Locate the Relevant Purchase: Look for the purchase associated with the order number {{Order Number}} and click on it to view the details.
4. Initiate the Cancellation: You should see an option labeled '{{Online Order Interaction}}' next to your purchase. Please select this to begin the cancellation process.
5. Follow Any Further Instructions: Depending on our system requirements, you may be asked to provide additional information or feedback. Please follow the instructions accordingly.

If you encounter any difficulties or have any questions, please don't hesitate to reach out to our dedicated support team. You can contact us during {{Customer Support Hours}} at {{Customer Support Phone Number}} or engage with our Live Chat feature on our {{Website URL}}. We value your satisfaction and are committed to ensuring a seamless experience for you."
cancel_order,i need help with canceling orer {{Order Number}},"I've picked up that you need help with canceling order {{Order Number}}. Rest assured, I'm here to assist you every step of the way. To cancel your order, please follow these instructions:

1. Log in to your {{Online Company Portal Info}} using your credentials.
2. Navigate to the '{{Online Order Interaction}}' or '{{Online Order Interaction}}' section.
3. Look for the specific order with the number {{Order Number}} and click on it to access the details.
4. Within the order details, you should find an option labeled '{{Online Order Interaction}}'. Please select it to initiate the cancellation process.
5. If prompted, provide any additional information or feedback required for cancellation.
6. Once the cancellation is confirmed, you will receive a confirmation notification.

If you encounter any difficulties or have further questions, please don't hesitate to reach out to our dedicated customer support team. They are available {{Customer Support Hours}} at {{Customer Support Phone Number}} or through the Live Chat feature on our {{Website URL}}. We are committed to ensuring your complete satisfaction and resolving any concerns you may have."
cancel_order,"I have gotr to cancel order {{Order Number}}, I need help","I've observed that you need assistance with canceling your order with the number {{Order Number}}. I'm here to guide you through the process. Here's what you can do:

1. Sign into Your Account: Access our platform by logging in to your {{Online Company Portal Info}}.
2. Navigate to Your Orders: Once logged in, find the '{{Online Order Interaction}}' or '{{Online Order Interaction}}' section.
3. Locate Your Order: Look for the purchase associated with the order number {{Order Number}}. Click on it.
4. Initiate the Cancellation: Within the order details, you should see an option labelled '{{Online Order Interaction}}'. Please select it.
5. Follow Any Additional Steps: The system might prompt you for additional information or ask for confirmation. Kindly complete those steps.

If you encounter any difficulties during the process or if you have any further questions, please don't hesitate to reach out to our dedicated customer support team. You can contact them during {{Customer Support Hours}} at {{Customer Support Phone Number}} or chat with them live on our website at {{Website URL}}. Your satisfaction is our top priority, and we're here to assist you every step of the way."
cancel_order,can ya help me cancel order {{Order Number}},"Indeed! I'm here to assist you with canceling order {{Order Number}}. I completely understand the urgency and will guide you through the process smoothly.

To proceed with canceling your order, please follow these steps:

1. Access Your Account: Log in to your {{Online Company Portal Info}} using your credentials.
2. Locate Your Orders: Once logged in, navigate to the '{{Online Order Interaction}}' or '{{Online Order Interaction}}' section.
3. Find the Specific Order: Look for the order corresponding to {{Order Number}} and click on it.
4. Initiate Cancellation: Within the order details, you should see a customizable option labeled '{{Online Order Interaction}}.' Please select this to proceed with cancellation.
5. Confirm Cancellation: The system may prompt you for confirmation or ask for any feedback on your decision. Kindly follow the instructions to complete the cancellation process.

If you encounter any issues or have further questions, our dedicated support team is available to help. You can reach us during {{Customer Support Hours}} at {{Customer Support Phone Number}} or through the Live Chat on our website at {{Website URL}}.

We value your trust as our customer and want to ensure your satisfaction with our services."
cancel_order,were can i cancel purchase {{Order Number}},"I realized, you're looking for the information on where to cancel purchase {{Order Number}}. Allow me to guide you through the process:

1. Sign into Your Account: Access our platform by signing in to your {{Online Company Portal Info}}.
2. Navigate to Your Orders: Once logged in, head over to the '{{Online Order Interaction}}' or '{{Online Order Interaction}}' section.
3. Find Your Order: Look for the purchase with the order number {{Order Number}}.
4. Initiate Cancellation: You should see an option labeled '{{Online Order Interaction}}' associated with your purchase. Click on it.
5. Complete Any Further Steps: If prompted, answer any questions or provide the necessary feedback to facilitate the cancellation process.

If you encounter any difficulties or have further questions, our dedicated team is available during {{Customer Support Hours}} at {{Customer Support Phone Number}} or via Live Chat on our {{Website URL}}. Rest assured, we're here to assist you in every step towards your satisfaction."
cancel_order,can uhelp me to cancel purchase {{Order Number}},"I've been informed that you're seeking assistance with canceling purchase {{Order Number}}. I apologize for any inconvenience this may have caused you. To help you with the cancellation process, please follow these steps:

1. Sign In to Your Account: Visit our {{Online Company Portal Info}} and log in using your credentials.
2. Access Your Order History: Once logged in, navigate to the '{{Online Order Interaction}}' or '{{Online Order Interaction}}' section.
3. Locate the Purchase: Look for the purchase associated with the order number {{Order Number}} and click on it for more details.
4. Initiate the Cancellation: Within the purchase details, you should find a '{{Online Order Interaction}}' option. Please select it to proceed.
5. Complete Any Additional Steps: The system might request some information or feedback related to the cancellation. Kindly provide the required details.

If you encounter any difficulties or have further questions, our dedicated customer support team is available during {{Customer Support Hours}} at {{Customer Support Phone Number}} or through the Live Chat on our website at {{Website URL}}. We value your satisfaction, and we'll do our best to assist you in canceling your purchase."
cancel_order,"I bought some bloody articles, cancel order {{Order Number}}","I certainly recognize that you're looking to cancel order {{Order Number}}. I apologize for any inconvenience caused by this purchase. Allow me to guide you through the cancellation process:

1. Sign in to Your Account: Please log in to your account on our {{Online Company Portal Info}}.
2. Access Your Orders: Once you're signed in, navigate to the '{{Online Order Interaction}}' or '{{Online Order Interaction}}' section.
3. Locate the Relevant Order: Look for the order with the number {{Order Number}} and click on it to view the details.
4. Initiate the Cancellation: You should find a ""{{Online Order Interaction}}"" option associated with your purchase. Click on it to start the cancellation.
5. Follow Any Prompts: The system may ask for additional information or feedback. Please provide the necessary details to proceed.

Should you encounter any difficulties or have any further questions, our dedicated team is ready to assist you. You can reach us during our {{Customer Support Hours}} at {{Customer Support Phone Number}} or connect with us through the Live Chat on our {{Website URL}}. We strive to ensure your satisfaction and appreciate your understanding throughout this cancellation process."
cancel_order,i can no longer afford order {{Order Number}} could i cancel it,"I'm sensitive to the fact that you're facing financial difficulties and are unable to afford your purchase with order number {{Order Number}}. We prioritize your satisfaction and are here to help. Cancelling the order might be an option, but I'd also like to propose an alternative solution that could be more suitable for you. Our customer support team is highly experienced and can assist you in finding a solution that meets your needs and budget. Please reach out to them during {{Customer Support Hours}} at {{Customer Support Phone Number}} or via the Live Chat on our website at {{Website URL}}. Your happiness is our top priority, and we're committed to finding a resolution that works for you."
cancel_order,I need help with canxeling purchase {{Order Number}},"I comprehend the importance of canceling purchase {{Order Number}} for you. I apologize for any difficulties you may be facing. Let's work together to resolve this issue:

1. Log in to Your Account: Start by accessing your {{Online Company Portal Info}} using your credentials.
2. Locate Your Order: Once logged in, navigate to your '{{Online Order Interaction}}' or '{{Online Order Interaction}}' section.
3. Find the Specific Purchase: Look for the purchase related to the order number {{Order Number}}. Click on it to proceed.
4. Initiate the Cancellation: You should see an option labeled '{{Online Order Interaction}}' associated with your purchase. Please select it.
5. Complete any Additional Steps: The system may prompt you for further confirmation or feedback. Kindly follow the instructions provided.

If you encounter any obstacles or have additional questions along the way, our dedicated team is always here to provide assistance. You can reach us during {{Customer Support Hours}} at {{Customer Support Phone Number}} or use the Live Chat feature on our {{Website URL}}. Your satisfaction is our top priority, and we appreciate your trust in our services."
cancel_order,i need assistance cancelling uprchase {{Order Number}},"I'm picking up what you're putting down, your need for assistance with canceling your purchase with the order number {{Order Number}}. To ensure a smooth and efficient cancellation process, please follow these steps:

1. Log into Your Account: Sign in to your {{Online Company Portal Info}} using your credentials.
2. Locate Your Orders: Navigate to the ""{{Online Order Interaction}}"" or ""{{Online Order Interaction}}"" section, where you will find a list of your purchases.
3. Find the Relevant Purchase: Look for the purchase associated with the order number {{Order Number}} and click on it to access the details.
4. Initiate the Cancellation: On the purchase details page, you should find an option labeled ""{{Online Order Interaction}}."" Please select this option to begin the cancellation process.
5. Confirm the Cancellation: The system may prompt you with some questions or confirmations to ensure the cancellation is done correctly. Please provide the necessary information and confirm the cancellation when prompted.
6. Receive Confirmation: Once the cancellation is completed, you will receive a confirmation message via email or in your account dashboard.

If you encounter any difficulties during this process or have any further questions, our dedicated customer support team is available to assist you. You can reach us during {{Customer Support Hours}} at {{Customer Support Phone Number}} or by using the Live Chat feature on our {{Website URL}}. We value your satisfaction and are here to make this cancellation process as smooth as possible for you."
cancel_order,have problems wth canceling purchase {{Order Number}},"I'm conscious of the reality that you're experiencing difficulties with canceling purchase {{Order Number}}. I apologize for any inconvenience this has caused. Rest assured, I'm here to help and guide you through the process. To resolve this issue, please follow these steps:

1. Sign into Your Account: Access our platform by logging into your {{Online Company Portal Info}}.
2. Navigate to Your Orders: Once you're logged in, go to the '{{Online Order Interaction}}' or '{{Online Order Interaction}}' section.
3. Locate Your Purchase: Look for the purchase associated with the order number {{Order Number}} and click on it.
4. Initiate Cancellation: Within the purchase details, you should find an option labeled '{{Online Order Interaction}}'. Please select it.
5. Troubleshooting Assistance: If you encounter any errors or issues during the cancellation process, please contact our support team directly at {{Customer Support Phone Number}} or through the Live Chat on our website at {{Website URL}}. Our team of experts will assist you in resolving the problem promptly.

Remember, we're here to provide the support you need. Reach out to us at any time, and we'll ensure that the cancelation of purchase {{Order Number}} is successfully completed."
cancel_order,would it be possible to cancel purchase {{Order Number}}?,"Unquestionably! I understand that you're requesting to cancel your purchase with the order number {{Order Number}}. Rest assured, we'll do our best to assist you with this. To initiate the cancellation process, please follow these steps:

1. Access Your Account: Log in to your {{Online Company Portal Info}} using your login credentials.
2. Locate Your Order: Once logged in, navigate to the '{{Online Order Interaction}}' or '{{Online Order Interaction}}' section.
3. Find Your Purchase: Look for the purchase associated with the order number {{Order Number}} and click on it.
4. Request Cancellation: On the order details page, you should see the option to '{{Online Order Interaction}}'. Please select this option.
5. Confirm Cancellation: The system may ask for a confirmation or request additional information related to the cancellation. Kindly provide the necessary details to proceed.

Should you face any challenges along the way or if you have any further questions, please don't hesitate to reach out to our dedicated support team. They are available during {{Customer Support Hours}} at {{Customer Support Phone Number}} or can be reached through the Live Chat feature on our {{Website URL}}. We appreciate your understanding and look forward to assisting you with your cancellation request."
cancel_order,i have a problem with canceling purchase {{Order Number}},"I've realized that you're having trouble canceling your purchase with the purchase number {{Order Number}}. I apologize for any difficulties you may be facing. Rest assured, I'm here to help you resolve this issue.

To assist you further, I will need some additional information about the problem you encountered during the cancellation process. Please provide specific details or error messages you received, if any. This will allow me to pinpoint the issue and suggest the most appropriate solution.

While I'm reviewing your situation, please feel free to explore other areas of our platform or reach out to our customer support team at {{Customer Support Phone Number}} for immediate assistance. Your satisfaction is our top priority, and we appreciate your patience as we work towards a resolution."
cancel_order,"I no longer want order {{Order Number}}, I would like to cancel it","I'm picking up what you're putting down, the importance of canceling order {{Order Number}} for you. Rest assured, I'm here to help you through the cancellation process. Here's what you need to do:

1. Log into Your Account: Access our platform by signing in to your {{Online Company Portal Info}}.
2. Navigate to Your Orders: Once you're logged in, go to the '{{Online Order Interaction}}' or '{{Online Order Interaction}}' section.
3. Locate Your Order: Look for the specific purchase associated with the order number {{Order Number}}. Click on it for more details.
4. Initiate Cancellation: You'll find an option labeled '{{Online Order Interaction}}' linked to your purchase. Please select this.
5. Follow Any Additional Steps: Our system may require a few more questions for confirmation or feedback. Please cooperate accordingly.

Should you encounter any obstacles or have further queries, feel free to reach out to our dedicated team. You can contact us during {{Customer Support Hours}} at {{Customer Support Phone Number}} or engage with our Live Chat feature on our {{Website URL}}. Remember, your satisfaction is our top priority, and we're committed to providing the assistance you need."
cancel_order,needassistance cancelling purchase {{Order Number}},"I've understood that you need assistance with canceling purchase {{Order Number}}, and I'm here to guide you through the process. Please follow these steps:

1. Access Your Account: Visit our {{Online Company Portal Info}} and log in using your credentials.
2. Locate Your Purchase: Navigate to the '{{Online Order Interaction}}' or '{{Online Order Interaction}}' section within your account.
3. Find the Relevant Purchase: Look for the purchase associated with the order number {{Order Number}} and click on it to view the details.
4. Initiate the Cancellation: You should see an option labeled '{{Online Order Interaction}}' or similar. Please select it to begin the cancellation process.
5. Follow Additional Instructions: The system may ask you to confirm the cancellation or provide feedback. Kindly complete any necessary steps.

If you encounter any difficulties or have further questions, our dedicated team is available to assist you. You can reach us during {{Customer Support Hours}} at {{Customer Support Phone Number}} or use the Live Chat feature on our {{Website URL}}. Your satisfaction is our top priority, and we're here to ensure a smooth cancellation experience."
cancel_order,need assistance to cancel orer {{Order Number}},"I recognize that you need assistance with canceling your order with the order number {{Order Number}}. Your satisfaction is our priority, and I'm here to guide you through the process. To cancel your order, please follow these steps:

1. Sign in to Your Account: Access our platform by logging in to your {{Online Company Portal Info}}.
2. Locate Your Order: Once logged in, navigate to the '{{Online Order Interaction}}' or '{{Online Order Interaction}}' section.
3. Find Your Order Number: Look for the order number {{Order Number}} and click on it.
4. Initiate Cancellation: On the order details page, you will find an option labeled '{{Online Order Interaction}}'. Please select this to initiate the cancellation process.
5. Confirm Cancellation: The system may prompt you to confirm the cancellation. Please review the cancellation details and proceed accordingly.
6. Follow Up: Once the cancellation is complete, you will receive a confirmation email with the details.

If you encounter any difficulties or have additional questions, our dedicated support team is available during {{Customer Support Hours}} to assist you. You can reach us at {{Customer Support Phone Number}} or via the Live Chat feature on our {{Website URL}}. We appreciate your understanding and are committed to resolving your request as quickly as possible."
cancel_order,i want assisgance cancelling order {{Order Number}},"I've taken note that you're seeking assistance with canceling order {{Order Number}}. Your request is important to us, and I'm here to guide you through the process. Please follow these steps:

1. Sign in to Your Account: Access our {{Online Company Portal Info}} and enter your login details.
2. Locate Your Order: Once logged in, navigate to the '{{Online Order Interaction}}' or '{{Online Order Interaction}}' section.
3. Find the Relevant Order: Look for the purchase associated with the order number {{Order Number}} and click on it.
4. Initiate the Cancellation: Within the order details page, you should find an option labeled '{{Online Order Interaction}}'. Please select this option.
5. Confirm the Cancellation: The system may ask for final confirmation to proceed with the cancellation. Please review the information and confirm your decision.

Should you encounter any difficulties or have further inquiries along the way, our dedicated support team is available to assist you. Feel free to reach out during {{Customer Support Hours}} at {{Customer Support Phone Number}} or utilize the Live Chat feature on our website at {{Website URL}}. We appreciate your patience and value your satisfaction."
cancel_order,"I can't afford purchase {{Order Number}}, could you cancel it?","I see what you mean that you're in a financial predicament and need assistance with canceling your purchase of item {{Order Number}}. We're here to support you and find a suitable solution. 

To proceed with the cancellation, please follow these steps:

1. Sign In to Your Account: Begin by accessing our {{Online Company Portal Info}} using your credentials.
2. Locate Your Order: Once you're signed in, navigate to the '{{Online Order Interaction}}' or '{{Online Order Interaction}}' section.
3. Identify the Specific Purchase: Look for the purchase associated with the order number {{Order Number}}.
4. Initiate the Cancellation: You should see an option labeled '{{Online Order Interaction}}' linked to the purchase. Please select it.
5. Follow Any Additional Prompts: Our system may ask you a few questions for confirmation or provide feedback. Help us by providing the necessary details.

If you encounter any difficulties during this process or have any further questions, our dedicated team is always ready to assist you. Reach out to us during {{Customer Support Hours}} at {{Customer Support Phone Number}} or use the Live Chat feature on our {{Website URL}}. We genuinely care about your satisfaction and want to ensure a seamless experience for you."
cancel_order,could you help me cancelling purchase {{Order Number}}?,"I perceive that you need assistance with canceling your purchase with the order number {{Order Number}}. I'm here to help guide you through the cancellation process and ensure a smooth experience. To cancel your purchase, please follow these steps:

1. Sign in to your account on our {{Online Company Portal Info}}.
2. Navigate to the ""{{Online Order Interaction}}"" or ""{{Online Order Interaction}}"" section.
3. Locate the purchase with the order number {{Order Number}} and click on it for more details.
4. Look for the ""{{Online Order Interaction}}"" option associated with the purchase and select it.
5. You may be asked to confirm or provide feedback. Please follow the prompts to complete the cancellation.

If you encounter any issues or have further questions, don't hesitate to reach out to our support team during {{Customer Support Hours}} at {{Customer Support Phone Number}} or through the Live Chat feature on our website at {{Website URL}}. We value your satisfaction and will do our best to assist you."
cancel_order,cancel purchase00123842,"I've observed that you need assistance with canceling purchase {{Order Number}}. Our top priority is to ensure a hassle-free cancellation process for you. Here's what you need to do:

1. Sign in to your account: Head over to our {{Online Company Portal Info}} and log in using your credentials.
2. Locate your order: Within the portal, navigate to the '{{Online Order Interaction}}' or '{{Online Order Interaction}}' section.
3. Find the correct purchase: Look for the purchase associated with the order number {{Order Number}} and select it to access the details.
4. Initiate the cancellation: You will see an option labeled '{{Online Order Interaction}}' or similar. Click on it to begin the cancellation process.
5. Follow any further instructions: Our system may ask a few questions to confirm the cancellation or gather feedback. Please complete these steps as indicated.

Should you encounter any challenges or require additional guidance, our dedicated support team is ready to assist you. Feel free to reach out during {{Customer Support Hours}} at {{Customer Support Phone Number}} or via the Live Chat on our {{Website URL}}. We appreciate your understanding and value your satisfaction."
cancel_order,I do not know how I can cancel order {{Order Number}},"I've got that you're unsure about how to cancel order {{Order Number}}, and I'm here to assist you with that. To cancel your order, please follow these steps:

1. Sign in to Your Account: Log in to your {{Online Company Portal Info}} using your credentials.
2. Access Your Order History: Once logged in, navigate to the '{{Online Order Interaction}}' or '{{Online Order Interaction}}' section. You should find a list of your recent purchases.
3. Find the Relevant Order: Look for the order associated with the number {{Order Number}} and click on it to view the details.
4. Initiate the Cancellation: Within the order page, you should see an option to '{{Online Order Interaction}}'. Please click on it to begin the cancellation process.
5. Follow any Additional Instructions: Depending on the system, you might need to provide further details or confirm your cancellation. Please follow the prompts and complete the necessary steps.

If you encounter any issues or have further questions, don't hesitate to reach out to our dedicated customer support team. You can contact us during {{Customer Support Hours}} at {{Customer Support Phone Number}} or use the Live Chat feature on our {{Website URL}}. We're committed to ensuring your satisfaction and resolving any concerns you may have."
cancel_order,i try to cancel purchase {{Order Number}},"I can relate to the understanding that you're trying to cancel purchase {{Order Number}} and I'm here to assist you with that. To cancel your purchase, please follow these steps:

1. Sign in to your account: Go to the {{Online Company Portal Info}} and log in using your credentials.
2. Access your order details: Navigate to the '{{Online Order Interaction}}' or '{{Online Order Interaction}}' section of your account.
3. Locate the specific purchase: Look for the purchase with the order number {{Order Number}}.
4. Initiate the cancellation process: Select the '{{Online Order Interaction}}' option associated with your purchase.
5. Confirm the cancellation: Follow any additional prompts or questions from the system to complete the cancellation process.

If you encounter any difficulties or have further questions, please don't hesitate to reach out to our dedicated customer support team. You can contact us during {{Customer Support Hours}} at {{Customer Support Phone Number}} or utilize the Live Chat feature on our website at {{Website URL}}. We value your satisfaction and are here to help you at every step of the way."
cancel_order,can uhelp me cancelling purchazse {{Order Number}},"I've ascertained that you're seeking assistance with canceling purchase {{Order Number}}. We apologize for any inconvenience this may have caused. To cancel your purchase, please follow these steps:

1. Log into your {{Online Company Portal Info}}.
2. Navigate to the ""{{Online Order Interaction}}"" or ""{{Online Order Interaction}}"" section.
3. Locate the purchase with the order number {{Order Number}}.
4. Click on the purchase to view the details.
5. Look for the option labeled ""{{Online Order Interaction}}"" and select it.
6. You may be asked to provide a reason for the cancellation. Please fill out the required information.
7. Confirm the cancellation and wait for a confirmation message.

If you encounter any difficulties during the cancellation process or have any further questions, our dedicated team is here to assist you. Please reach out to us during {{Customer Support Hours}} at {{Customer Support Phone Number}} or via the Live Chat feature on our {{Website URL}}. Your satisfaction is our top priority, and we appreciate your understanding."
cancel_order,questionn about canceling order {{Order Number}},Thank you for your inquiry regarding the cancellation of order {{Order Number}}. I'm here to help you out! Could you please provide me with more details about your question? Understanding the specific query you have will allow me to provide you with the most accurate and relevant assistance.
cancel_order,cancel purchase113542617735902,"I get it the importance of canceling purchase {{Order Number}} for you. To assist you with this, please follow these steps:

1. Sign in to Your Account: Head over to the {{Online Company Portal Info}} and log in with your credentials.
2. Access Your Orders: Once logged in, locate the '{{Online Order Interaction}}' or '{{Online Order Interaction}}' section.
3. Find the Relevant Purchase: Look for the purchase associated with the order number {{Order Number}} and click on it.
4. Initiate the Cancellation: Within the purchase details, you should see an option labeled '{{Online Order Interaction}}'. Please select it to begin the cancellation process.
5. Confirm and Provide Feedback (if required): Our system may prompt you to confirm the cancellation and provide any feedback you may have. Kindly complete these steps.

If you encounter any difficulties or have further questions, our dedicated support team is available to assist you. You can reach us during {{Customer Support Hours}} at {{Customer Support Phone Number}} or through the Live Chat on our website at {{Website URL}}. Your satisfaction is our top priority, and we're here to ensure a seamless cancellation process."
cancel_order,I have a proble with canceling purchase {{Order Number}},"I've become conscious that you're facing difficulties with canceling your purchase with the order number {{Order Number}}. Cancelling an order is an important process to ensure customer satisfaction, and I'm here to assist you every step of the way.

To resolve this issue, please follow these steps:

1. Access Your Account: Log in to your {{Online Company Portal Info}} using your credentials.
2. Navigate to Order History: Once logged in, locate the section labeled '{{Online Order Interaction}}' or '{{Online Order Interaction}}'.
3. Locate Your Purchase: Within this section, search for the order with the number {{Order Number}}.
4. Initiate Cancellation: Click on the order and look for the option '{{Online Order Interaction}}' associated with this specific purchase.
5. Confirm the Cancellation: The system may require you to provide feedback or confirm the cancellation. Please follow the prompts and complete the necessary steps.

However, if you encounter any further issues or need additional assistance, our dedicated customer support team will be more than happy to help. You can reach them during {{Customer Support Hours}} at {{Customer Support Phone Number}} or through the Live Chat feature on our {{Website URL}}.

I apologize for any inconvenience this may have caused, and we appreciate your patience. Your satisfaction is our top priority, and we're committed to resolving this matter for you as quickly as possible."
cancel_order,can uhelp me cancelling order {{Order Number}},"I can tell that you need assistance with canceling your order associated with the number {{Order Number}}. I apologize for any inconvenience this may have caused you, and I'm here to help you through the process.

To cancel your order, please follow these steps:

1. Sign in to Your Account: Access our platform by signing in to your {{Online Company Portal Info}}.
2. Go to Your Orders: Once signed in, navigate to the '{{Online Order Interaction}}' or '{{Online Order Interaction}}' section.
3. Locate Your Order: Within this section, you should see the purchase with the order number {{Order Number}}. Please click on it.
4. Initiate the Cancellation: Look for the option labeled '{{Online Order Interaction}}' associated with your purchase and select it.
5. Confirm the Cancellation: You may be prompted to provide a reason for cancellation or answer some quick questions. Please complete this step.

If you encounter any difficulties or have additional questions, our dedicated support team is available during {{Customer Support Hours}} at {{Customer Support Phone Number}} or through the Live Chat feature on our Website at {{Website URL}}. We are committed to ensuring your satisfaction, and we appreciate your patience throughout the cancellation process."
cancel_order,i cannot pay for these product how do i cancel the order,"I've realized you're unable to make payment for your products and would like to cancel the order. I apologize for any inconvenience this may have caused. Let's resolve this for you:

1. Check Payment Options: Ensure that you have selected a payment method that is valid and has sufficient funds or credit available.
2. Troubleshoot Payment Issues: If you're encountering any specific payment error messages or issues, please provide us with more details so we can assist you in troubleshooting.
3. Reach Out to Customer Support: Our dedicated customer support team can help you further with canceling the order and resolving any payment-related concerns. You can contact them during {{Customer Support Hours}} at {{Customer Support Phone Number}} or through the Live Chat feature on our website at {{Website URL}}.

We are committed to providing you with a seamless experience and will be happy to assist you further with canceling the order and addressing any payment-related issues."
cancel_order,"I have bought some item, I have to cancel order {{Order Number}}","I recognize that you've recently made a purchase and now wish to cancel the order with the order number {{Order Number}}. I apologize for any inconvenience this may have caused. To proceed with the cancellation, please follow these steps:

1. Sign in to Your Account: Access our platform by logging in to your {{Online Company Portal Info}}.
2. Find Your Order History: Once logged in, navigate to the '{{Online Order Interaction}}' or '{{Online Order Interaction}}' section.
3. Locate Your Purchase: Look for the specific purchase associated with the order number {{Order Number}} and click on it.
4. Initiate Cancellation: Within the purchase details, you should find an option labeled '{{Online Order Interaction}}'. Please select this option.
5. Confirm Cancellation: The system may request additional information or confirmation before finalizing the cancellation. Kindly provide any required details or follow the prompts to proceed.

If you encounter any difficulties or need further assistance during the cancellation process, please don't hesitate to reach out to our dedicated support team. They are available during {{Customer Support Hours}} at {{Customer Support Phone Number}} or through the Live Chat feature on our website at {{Website URL}}. Your satisfaction is our priority, and we're here to help you every step of the way."
cancel_order,I need assistance tocancel order {{Order Number}},"I understand your need for assistance in canceling your order with the order number {{Order Number}}. Your satisfaction is of utmost importance to us, and I'm here to help you through the process.

To cancel your order, please follow these steps:

1. Log into your {{Online Company Portal Info}}.
2. Navigate to the '{{Online Order Interaction}}' or '{{Online Order Interaction}}' section.
3. Locate the specific order with the order number {{Order Number}}.
4. Click on the order to access the order details.
5. Look for the option labeled '{{Online Order Interaction}}' and select it.
6. Follow any additional prompts or questions to complete the cancellation process.

If you encounter any difficulties or have further questions, our dedicated customer support team is available {{Customer Support Hours}}. You can reach us at {{Customer Support Phone Number}} or via the Live Chat feature on our website at {{Website URL}}.

We appreciate your understanding and apologize for any inconvenience caused. Rest assured, we are committed to resolving this matter promptly and ensuring your satisfaction."
cancel_order,i have a question about  canceling order {{Order Number}},"I understood, you have a question regarding canceling your order with the order number {{Order Number}}. I'm here to assist you. Please go ahead and let me know what specific question or concern you have about canceling this order, and I'll provide you with the information you need."
cancel_order,I need to cancel order {{Order Number}},"I've taken note that you would like to cancel your order with the number {{Order Number}}. I apologize for any inconvenience this may have caused.

To proceed with the cancellation, please follow these steps:

1. Log into your {{Online Company Portal Info}} using your credentials.
2. Navigate to the '{{Online Order Interaction}}' or '{{Online Order Interaction}}' section.
3. Locate the order with the number {{Order Number}} and click on it for more details.
4. Look for the option labeled '{{Online Order Interaction}}' and select it.
5. Confirm the cancellation if prompted by the system.

If you encounter any issues or have further questions, our dedicated team is ready to assist you. Please reach out during {{Customer Support Hours}} at {{Customer Support Phone Number}} or through the Live Chat feature on our {{Website URL}}.

Your satisfaction is important to us, and we appreciate your understanding."
cancel_order,can you help me  cancelling purchase {{Order Number}}?,"I'll take care of it! I'm here to assist you with canceling purchase {{Order Number}}. I understand that canceling a purchase can sometimes be a daunting task, but rest assured, I'll guide you through the process. Let's get started!

Firstly, please accept my apologies for any inconvenience caused. To cancel your purchase, please follow these steps:

1. Access Your Account: Log in to your {{Online Company Portal Info}}.
2. Locate Your Order History: Once logged in, navigate to the '{{Online Order Interaction}}' or '{{Online Order Interaction}}' section.
3. Find the Relevant Purchase: Look for the purchase associated with the order number {{Order Number}}.
4. Initiate Cancellation: Within the details of that purchase, you'll find a '{{Online Order Interaction}}' option. Click on it.
5. Confirm the Cancellation: The system may require you to confirm your cancellation by answering a few questions.
6. Receive Confirmation: Once cancellation is successful, you should receive a confirmation notification.

Remember, if you encounter any difficulties or have further questions, our dedicated team is available during {{Customer Support Hours}} at {{Customer Support Phone Number}} or through the Live Chat on our website at {{Website URL}}. Your satisfaction is our utmost priority, and we're here to ensure your cancellation process is seamless."
cancel_order,assistance with canceling order {{Order Number}},"I completely understand that you need assistance with canceling your order with the order number {{Order Number}}. We're here to help you navigate through the process smoothly. To cancel your order, please follow these steps:

1. Log into your {{Online Company Portal Info}}.
2. Navigate to the '{{Online Order Interaction}}' or '{{Online Order Interaction}}' section.
3. Locate the specific order with the order number {{Order Number}}.
4. Click on the order to access the details.
5. Look for the option labeled '{{Online Order Interaction}}' and select it.
6. Follow any additional instructions provided by the system to confirm the cancellation.

If you encounter any difficulties or have further questions, please don't hesitate to reach out to our dedicated support team. You can contact us during {{Customer Support Hours}} at {{Customer Support Phone Number}} or through the Live Chat feature on our website at {{Website URL}}. Rest assured, we're committed to ensuring your satisfaction and assisting you throughout the process."
cancel_order,where do i cancel order {{Order Number}},"I catch on to the fact that you're looking for information on where to cancel order {{Order Number}}. 

To cancel your order, you can follow these steps:

1. Sign in to your {{Online Company Portal Info}} using your credentials.
2. Navigate to the '{{Online Order Interaction}}' or '{{Online Order Interaction}}' section of your account.
3. Locate the specific order with the order number {{Order Number}}.
4. Click on the order to view the details.
5. Look for the option labeled '{{Online Order Interaction}}' or similar.
6. Follow the prompts and provide any required information to complete the cancellation process.

If you encounter any difficulties or have further questions, our dedicated customer support team is available to assist you. You can reach us during {{Customer Support Hours}} at {{Customer Support Phone Number}}, or you can use the Live Chat function on our website at {{Website URL}}. We are here to ensure your satisfaction with our services."
cancel_order,I want to cancel purchase {{Order Number}},"I can see that you want to cancel purchase {{Order Number}}. Please accept my sincere apologies for any inconvenience caused. To assist you with the cancellation process, please follow the steps below:

1. Sign in to your account: Access our platform by logging in to the {{Online Company Portal Info}}.
2. Locate your order: Once logged in, navigate to the '{{Online Order Interaction}}' or '{{Online Order Interaction}}' section.
3. Find the specific purchase: Look for the purchase associated with the order number {{Order Number}} and click on it.
4. Initiate cancellation: On the purchase page, there should be an option labeled '{{Online Order Interaction}}'. Please select this option.
5. Confirm cancellation: Follow any additional prompts or queries from the system to complete the cancellation process.

If you encounter any difficulties or have further questions, our dedicated team is available to assist you. Please reach out to us during {{Customer Support Hours}} at {{Customer Support Phone Number}} or utilize the Live Chat feature on our {{Website URL}}. Your satisfaction is our top priority, and we are committed to resolving any issues you may have."
cancel_order,can ya help me cancel purchzse {{Order Number}},"I'll do my best! I understand that you need assistance with canceling your purchase with the order number {{Order Number}}. To facilitate the cancellation process, please follow these steps:

1. Log into your {{Online Company Portal Info}} using your credentials.
2. Navigate to the '{{Online Order Interaction}}' or '{{Online Order Interaction}}' section.
3. Locate the purchase with the order number {{Order Number}} and click on it for more details.
4. Look for the '{{Online Order Interaction}}' option associated with the purchase and select it.
5. Follow any additional instructions or prompts from the system to complete the cancellation process.

If you encounter any difficulties during the process or have any questions, our dedicated support team is available to assist you. You can reach us during {{Customer Support Hours}} at {{Customer Support Phone Number}} or through the Live Chat feature on our website at {{Website URL}}. We are here to ensure a smooth cancellation experience for you."
cancel_order,assistance cancelling order {{Order Number}},"I realized you're seeking assistance in canceling order {{Order Number}}, and I'm here to guide you through the process. 

To cancel your order, please follow these steps:

1. Login to Your Account: Access our {{Online Company Portal Info}} and sign in using your credentials.
2. Locate Your Order: Navigate to the '{{Online Order Interaction}}' or '{{Online Order Interaction}}' section to find the specific order with the number {{Order Number}}.
3. Initiate Cancellation: Within the order details, look for the option labeled '{{Online Order Interaction}}' and click on it.
4. Confirm Cancellation: The system may require your confirmation to proceed with the cancellation. Please provide the necessary details as requested.
5. Confirmation Email: Once the cancellation is successful, you will receive a confirmation email with the details of your canceled order.

If you encounter any difficulties or have further questions, do not hesitate to reach out to our dedicated customer support team. They are available during {{Customer Support Hours}} at {{Customer Support Phone Number}} or through the Live Chat feature on our website at {{Website URL}}. We are here to provide you the assistance you need and ensure your satisfaction."
cancel_order,"I purchased some damn product, help me cancel order {{Order Number}}","I've understood, you're seeking assistance with canceling your order with the order number {{Order Number}}. I apologize for any frustration you may have experienced and I'm here to help you with the cancellation process. To cancel your order, please follow these steps:

1. Log into your account: Visit our {{Online Company Portal Info}} and sign in using your credentials.
2. Locate your order: Once logged in, navigate to the '{{Online Order Interaction}}' or '{{Online Order Interaction}}' section.
3. Identify the relevant purchase: Look for the order with the number {{Order Number}} and click on it for more details.
4. Initiate the cancellation: You should see an option labeled '{{Online Order Interaction}}' associated with your purchase. Please select this to initiate the cancellation process.
5. Complete any additional steps: The system might prompt you with a few questions or require additional information to confirm and process your cancellation. Kindly provide the requested details to proceed.

If you encounter any difficulties or have further questions, our dedicated support team is available to assist you during {{Customer Support Hours}}. You can contact us at {{Customer Support Phone Number}} or reach out through the Live Chat feature on our {{Website URL}}. We appreciate your patience and understanding, and we'll do our best to make sure your cancellation request is handled smoothly and efficiently."
cancel_order,"I ordered some article, cancel purchase {{Order Number}}","I'm fully aware that you ordered an article and now would like to cancel the purchase with the order number {{Order Number}}. I'm here to assist you with that. To cancel your purchase, please follow these steps:

1. Log into Your Account: Go to our {{Online Company Portal Info}} and sign in using your credentials.
2. Navigate to Your Orders: Once you're signed in, locate the '{{Online Order Interaction}}' or '{{Online Order Interaction}}' section.
3. Find Your Purchase: Look for the purchase that corresponds to the order number {{Order Number}} and click on it.
4. Initiate the Cancellation: Within the order details, you should see an option to '{{Online Order Interaction}}'. Please select that to proceed.
5. Confirm the Cancellation: The system may ask you to confirm your cancellation. Follow the instructions on the screen to complete the process.

If you encounter any difficulties or have further questions, our dedicated team is available to assist you. You can reach out to us during {{Customer Support Hours}} at {{Customer Support Phone Number}} or use the Live Chat feature on our {{Website URL}}. Your satisfaction is our priority, and we're here to help make this cancellation process as smooth as possible."
cancel_order,where do I cancel order {{Order Number}}?,"I'm clearly cognizant that you're looking for the specific location to cancel your order with the order number {{Order Number}}. To initiate the cancellation process, please follow these steps:

1. Access Your Account: Start by logging into your {{Online Company Portal Info}}.
2. Locate Your Order: Once you're signed in, navigate to the '{{Online Order Interaction}}' or '{{Online Order Interaction}}' section.
3. Find the Order in Question: Look for the specific purchase linked to the order number {{Order Number}} and select it.
4. Initiate Cancellation: Within the order details, you should find an option labeled '{{Online Order Interaction}}'. Please click on it to proceed.
5. Confirm Cancellation: The system may prompt you to confirm the cancellation. Follow the provided instructions to complete the process.

If you encounter any difficulties or have further questions, our dedicated team is available to assist you. Reach us through {{Customer Support Phone Number}} during {{Customer Support Hours}} or use the Live Chat feature on our {{Website URL}}. We're committed to ensuring your satisfaction and resolving any concerns you may have."
cancel_order,I cannot pay for purchase {{Order Number}},"I truly understand your frustration with the payment issue for purchase {{Order Number}}. I'm here to assist you in resolving this matter.

To resolve the payment problem, please follow these steps:

1. **Double-Check Payment Information**: Start by verifying that the payment details provided are accurate. Ensure that the payment method associated with your purchase has sufficient funds or is not expired.

2. **Contact Customer Support**: If the payment details are correct and the issue persists, I recommend reaching out to our customer support team. They have the expertise to identify the root cause of the payment problem and guide you through the necessary steps to rectify it. You can contact them during {{Customer Support Hours}} at {{Customer Support Phone Number}} or through the Live Chat feature on our {{Website URL}}.

Our team is committed to resolving this issue as quickly as possible. We apologize for any inconvenience caused and appreciate your patience while we work towards a solution. Rest assured, we will do everything we can to ensure your payment goes through smoothly.

Remember, you are a valued customer, and we are dedicated to your satisfaction."
cancel_order,i dont wat order {{Order Number}} cancel it,"I'm on the same page, your concern about canceling order number {{Order Number}}. Our team is here to assist you with that. In order to cancel your order, please follow these steps:

1. Sign in to Your Account: Log in to your {{Online Company Portal Info}} using your credentials.
2. Navigate to Your Orders: Once logged in, go to the '{{Online Order Interaction}}' or '{{Online Order Interaction}}' section.
3. Locate the Order: Look for the specific purchase with the order number {{Order Number}} and click on it for more details.
4. Initiate Cancellation: You should see a button labeled '{{Online Order Interaction}}' associated with the order. Please click on it to request the cancellation.
5. Provide Feedback (Optional): If you wish, you can provide any feedback or reason for canceling the order. This step is optional, but it helps us improve our services.

If you encounter any difficulties or have further questions, our dedicated customer support team is available during {{Customer Support Hours}}. You can reach us by calling {{Customer Support Phone Number}} or using the Live Chat feature on our website at {{Website URL}}. We are committed to ensuring your satisfaction with our services."
cancel_order,i dont want oredr {{Order Number}},"I comprehend your decision to no longer want to place order {{Order Number}}. We value your satisfaction and are here to assist you. To cancel your order, please follow these steps:

1. Sign into Your Account: Access our platform by signing in to your {{Online Company Portal Info}}.
2. Locate Your Orders: Once you're signed in, navigate to the '{{Online Order Interaction}}' or '{{Online Order Interaction}}' section.
3. Find Your Order: Within this section, you should see the order with the number {{Order Number}}. Please click on it for more details.
4. Initiate Cancellation: Look for the option labeled '{{Online Order Interaction}}' associated with your order. Please select this.
5. Complete Any Further Steps: The system may ask for confirmation or additional feedback. Please provide the necessary information to proceed with the cancellation.

If you encounter any difficulties or have further questions along the way, our dedicated team is ready to assist you. You can reach out to us during {{Customer Support Hours}} at {{Customer Support Phone Number}} or through the Live Chat feature on our {{Website URL}}. We appreciate your support and are committed to ensuring your satisfaction."
cancel_order,I do not know how I ca cancel order {{Order Number}},"I truly understand that you are unsure about how to cancel your order with the order number {{Order Number}}. Allow me to assist you with the process. Here's what you need to do:

1. Sign in to Your Account: Access the {{Online Company Portal Info}} and log in using your credentials.
2. Navigate to Order History: Once logged in, go to the '{{Online Order Interaction}}' or '{{Online Order Interaction}}' section.
3. Locate your Order: Look for the order with the order number {{Order Number}} and click on it.
4. Initiate Cancellation: You should find an option labeled '{{Online Order Interaction}}' associated with your purchase. Please select this option.
5. Follow the Prompts: The system might prompt you to confirm your cancellation or provide feedback. Please follow the prompts accordingly.

Should you encounter any difficulties or have further questions, our dedicated team is available to assist you during {{Customer Support Hours}}. You can reach us at {{Customer Support Phone Number}} or use the Live Chat feature on our {{Website URL}}. Your satisfaction is our top priority, and we are here to ensure a smooth cancellation process for you."
cancel_order,can you help me camceling the purchase I made?,I've been informed that you need assistance with canceling the purchase you made. I'm here to provide guidance and support throughout the process.
cancel_order,need assistance to cancel purchase {{Order Number}},"I acknowledge that you're seeking assistance with canceling your purchase of item {{Order Number}}. Your satisfaction is our priority, and I'm here to guide you through the process seamlessly.

To cancel your purchase, please follow these steps:

1. Sign In to Your Account: Access our platform by logging in to your {{Online Company Portal Info}}.
2. Navigate to Your Orders: Once you're logged in, go to the '{{Online Order Interaction}}' or '{{Online Order Interaction}}' section.
3. Locate Your Purchase: Look for the purchase linked to the order number {{Order Number}} and click on it.
4. Initiate the Cancellation: You will find a '{{Online Order Interaction}}' option associated with your purchase. Please select this option.
5. Complete Any Further Steps: The system may prompt you with additional questions or require feedback. Kindly provide the necessary information to complete the cancellation process.

If you encounter any difficulties during the process or have any further questions, our dedicated team is available to assist you. Reach out to us during {{Customer Support Hours}} at {{Customer Support Phone Number}} or through the Live Chat feature on our {{Website URL}}. We want to ensure that your experience with us remains pleasant and hassle-free."
cancel_order,i cannot poay for purchase {{Order Number}},"I've been informed that you're experiencing difficulties with payment for your purchase associated with the order number {{Order Number}}. I apologize for the inconvenience caused by this issue. To help resolve this, please follow these steps:

1. Double-Check Payment Details: Verify that the payment information you provided is accurate, including the card number, expiration date, CVV, and billing address.

2. Check Payment Method Availability: Ensure that your chosen payment method is supported by our platform. Some payment methods may have certain restrictions or limitations.

3. Contact Your Bank or Payment Provider: Reach out to your bank or payment provider to confirm if there are any issues on their end that may be preventing the payment from going through. They might be able to provide further assistance and insights.

4. Use an Alternative Payment Method: If all else fails, consider using a different payment method, such as a different debit or credit card, PayPal, or any other supported options.

If the issue persists after trying these steps, please don't hesitate to contact our dedicated support team during {{Customer Support Hours}} at {{Customer Support Phone Number}} or via Live Chat on our website at {{Website URL}}. We're here to help you resolve this payment issue and ensure that your purchase is processed successfully."
cancel_order,have a problem with cancelling order {{Order Number}},"I can relate that you're facing difficulties with canceling your order with the order number {{Order Number}}. Please allow me to assist you in resolving this issue. Here's what you can do:

1. Sign in to Your Account: Access our platform by logging in to your {{Online Company Portal Info}}.
2. Find Your Order: Once you're logged in, navigate to the '{{Online Order Interaction}}' or '{{Online Order Interaction}}' section.
3. Locate the Specific Order: Look for the order number {{Order Number}} and click on it to access the details.
4. Initiate Cancellation: On the order details page, you should see an option labeled '{{Online Order Interaction}}'. Please select this to proceed.
5. Follow Any Additional Steps: The system may prompt you to provide a reason for cancellation or ask for further confirmation. Kindly complete the necessary steps.

If you encounter any challenges or have more questions during the process, please don't hesitate to reach out to our dedicated support team. You can contact us during {{Customer Support Hours}} at {{Customer Support Phone Number}} or use the Live Chat feature on our {{Website URL}}. Rest assured, we are committed to resolving this matter for you promptly."
cancel_order,Iwant assistance canceling order {{Order Number}},"I've ascertained that you're seeking assistance with canceling your order with the order number {{Order Number}}. Rest assured, I'm here to help you with that. To proceed with the cancellation, please follow these steps:

1. Log in to your {{Online Company Portal Info}} using your credentials.
2. Navigate to the '{{Online Order Interaction}}' or '{{Online Order Interaction}}' section of your account.
3. Locate the purchase associated with the order number {{Order Number}}.
4. Click on the order to access the order details page.
5. Look for the option labeled '{{Online Order Interaction}}' and click on it.
6. Follow any additional prompts or provide necessary feedback to complete the cancellation process.

If you encounter any difficulties or have further questions, our dedicated team is available to support you. You can reach us during {{Customer Support Hours}} at {{Customer Support Phone Number}}, or you can connect with us through the Live Chat feature on our {{Website URL}}.

We appreciate your understanding and apologize for any inconvenience caused. Your satisfaction is our top priority, and we will do our best to assist you in canceling your order smoothly."
cancel_order,I want assistance canceling purchyase {{Order Number}},"I hear you loud and clear your need for assistance in canceling purchase {{Order Number}}. We are here to help you through the process and ensure your satisfaction. To cancel your purchase, please follow these steps:

1. Sign into Your Account: Access our platform by signing in to your {{Online Company Portal Info}}.
2. Locate Your Order: Once signed in, navigate to the '{{Online Order Interaction}}' or '{{Online Order Interaction}}' section of your account.
3. Find Your Purchase: Look for the purchase associated with the order number {{Order Number}} and click on it for more details.
4. Initiate Cancellation: Within the purchase details, you'll find the option to '{{Online Order Interaction}}'. Simply click on it to proceed with the cancellation process.
5. Provide Feedback (Optional): If you'd like, you can provide feedback regarding the cancellation to help us improve our services.

If you encounter any difficulties or have more questions along the way, our dedicated team is available during {{Customer Support Hours}} to provide further assistance. You can reach out to us by calling {{Customer Support Phone Number}} or by using the Live Chat feature on our website at {{Website URL}}. We are committed to resolving any concerns you may have and ensuring your complete satisfaction."
cancel_order,I do not knwo what I need to do to cancel order {{Order Number}},"I'm conscious of the reality that you're unsure of the steps to take in order to cancel your order with the order number {{Order Number}}. Rest assured, I'm here to guide you through the process. Here's what you need to do:

1. Sign in to Your Account: Begin by logging into your {{Online Company Portal Info}}.
2. Access Your Orders: Once logged in, navigate to the '{{Online Order Interaction}}' or '{{Online Order Interaction}}' section.
3. Locate Your Order: Look for the order with the order number {{Order Number}} and click on it for more information.
4. Initiate Order Cancellation: Within the order details page, you should find an option to '{{Online Order Interaction}}'. Please select this option to start the cancellation process.
5. Complete Any Necessary Steps: Depending on the system, you may be asked to provide a reason for the cancellation or provide feedback. Please follow the instructions provided to complete the cancellation process.

Should you encounter any difficulties or have further questions, our dedicated team is always available to assist you. Don't hesitate to reach out to us during {{Customer Support Hours}} at {{Customer Support Phone Number}} or through the Live Chat feature on our website at {{Website URL}}. We're committed to ensuring your satisfaction and will do our best to resolve any concerns you may have."
cancel_order,i cannot afford purchase {{Order Number}},"I grasp that you are facing financial constraints and cannot afford to proceed with your purchase associated with the order number {{Order Number}}. We apologize for any inconvenience this may have caused.

We prioritize our customers' satisfaction and understand that unexpected situations can arise. Our team is committed to assisting you. To explore your options, I recommend reaching out to our customer support. They can provide guidance on how to proceed, such as exploring a refund or cancellation policy best suited to your circumstances.

You can contact our customer support team during {{Customer Support Hours}} at {{Customer Support Phone Number}} or engage with our Live Chat feature on our {{Website URL}}. Our dedicated team is here to ensure you have a positive experience and to find the best solution for your situation.

We appreciate your understanding and look forward to assisting you further."
cancel_order,I need assistance canceling ordr {{Order Number}},"I realized, you need help canceling your order with the number {{Order Number}}. I apologize for any difficulties you may have encountered. To cancel your order, please follow these steps:

1. Sign into Your Account: Access our platform and log in using your credentials.
2. Navigate to Your Orders: Once logged in, locate the '{{Online Order Interaction}}' or '{{Online Order Interaction}}' section.
3. Find Your Order: Look for the order with the number {{Order Number}} and click on it to view the details.
4. Initiate Cancellation: Within the order details, you should find an option labeled '{{Online Order Interaction}}'. Please select this option.
5. Confirm Cancellation: The system may ask for additional confirmation to complete the cancellation process. Kindly provide the necessary information, if prompted.
6. Review Cancellation Status: After cancellation, check the order status to ensure it has been successfully canceled.

If you encounter any issues or have further questions during the cancellation process, our dedicated customer support team is here to assist you. You can reach us during {{Customer Support Hours}} at {{Customer Support Phone Number}} or through the Live Chat feature on our website at {{Website URL}}. We are committed to ensuring your satisfaction and resolving any concerns you may have."
cancel_order,I do not know what to do to cancel purchase {{Order Number}},"Thank you for getting in touch to us for assistance with canceling purchase {{Order Number}}. I'm here to guide you through the process. To cancel your purchase, please follow these steps:

1. Sign into your account: Access our platform by logging into your {{Online Company Portal Info}}.
2. Navigate to your order history: Once logged in, find the '{{Online Order Interaction}}' or '{{Online Order Interaction}}' section.
3. Locate your purchase: Look for the purchase associated with the order number {{Order Number}} and click on it for more details.
4. Initiate the cancellation: Within the order details, you should see an option labeled '{{Online Order Interaction}}'. Please select that to start the cancellation process.
5. Confirm and complete the cancellation: Our system may ask you a few questions or require some additional information to finalize the cancellation. Please provide the necessary details as prompted.

If you encounter any difficulties or have more questions along the way, our dedicated support team is available to help. You can reach us during {{Customer Support Hours}} at {{Customer Support Phone Number}} or through the Live Chat on our website at {{Website URL}}. We value your satisfaction and will do our best to assist you promptly."
cancel_order,need assistance withcanceling purchase {{Order Number}},"I've understood that you require assistance with canceling your purchase. I apologize for any inconvenience caused. Let's work together to resolve this:

1. Sign in to Your Account: Please log in to your {{Online Company Portal Info}} using your credentials.
2. Access Your Order History: Once logged in, navigate to the '{{Online Order Interaction}}' or '{{Online Order Interaction}}' section on the website.
3. Locate Your Purchase: Look for the purchase associated with the order number {{Order Number}} in the order history.
4. Initiate Cancellation: There should be an option next to the purchase labeled '{{Online Order Interaction}}'. Please click on it to initiate the cancellation process.
5. Follow Any Additional Steps: Depending on the system, there might be additional questions or prompts for cancellation confirmation. Kindly complete these steps as instructed.

If you encounter any difficulties or have further questions, our dedicated team is available to assist you. Contact us during {{Customer Support Hours}} at {{Customer Support Phone Number}} or use the Live Chat feature on our {{Website URL}}. Your satisfaction is our priority, and we are committed to resolving this for you."
cancel_order,i do not know how to cancel purchase {{Order Number}},"I comprehend that you're unsure about the process of canceling your purchase with the order number {{Order Number}}. Don't worry, I'm here to help you through it. 

To cancel your purchase, please follow these steps:

1. Sign into your account: Access our platform by logging into your {{Online Company Portal Info}}.
2. Locate your order: Once logged in, navigate to the '{{Online Order Interaction}}' or '{{Online Order Interaction}}' section.
3. Find the specific purchase: Look for your purchase with the order number {{Order Number}} and click on it for more details.
4. Initiate the cancellation: Within the purchase details, you should see an option labeled '{{Online Order Interaction}}' or something similar. Please select that to initiate the cancellation process.
5. Complete any required steps: The system may request additional information or confirmation during the cancellation process. Please follow the prompts and provide any necessary details.

If you encounter any difficulties or have further questions, our dedicated team is available during {{Customer Support Hours}} to assist you. You can reach us by calling {{Customer Support Phone Number}} or through the Live Chat feature on our website at {{Website URL}}. We value your satisfaction and are here to ensure a smooth cancellation process for you."
cancel_order,can you help me cancelling the bloody purchase I made?,"I grasp that you're seeking assistance in canceling the purchase you made, and I apologize for any frustrations you may be experiencing. Rest assured, I'm here to help you through this process. To initiate the cancellation, please follow these steps:

1. Access Your Account: Log in to your {{Online Company Portal Info}} using your credentials.
2. Locate Your Purchase: Once logged in, navigate to the '{{Online Order Interaction}}' or '{{Online Order Interaction}}' section.
3. Find the Specific Purchase: Search for the purchase you want to cancel. It should be associated with the order number {{Order Number}}.
4. Request Cancellation: Click on the purchase and look for the option to cancel, usually labeled '{{Online Order Interaction}}'.
5. Complete the Cancellation Process: Follow any further instructions provided by the system to finalize the cancellation.

If you encounter any difficulties or have additional questions along the way, our dedicated customer support team is available to assist you during {{Customer Support Hours}}. You can reach us at {{Customer Support Phone Number}} or utilize the Live Chat feature on our website at {{Website URL}}. We understand the importance of resolving this matter for you and appreciate your patience and cooperation throughout the process."
cancel_order,I want help cancelling order {{Order Number}},"I get it that you're seeking assistance with canceling your order with the order number {{Order Number}}. Our top priority is to ensure a seamless cancellation process for you. Here's what you need to do:

1. Sign in to Your Account: Begin by accessing our {{Online Company Portal Info}} and logging into your account.
2. Navigate to Your Orders: Once logged in, find the '{{Online Order Interaction}}' or '{{Online Order Interaction}}' section on the platform.
3. Locate Your Order: Look for the purchase linked to the order number {{Order Number}} and click on it to view the details.
4. Initiate the Cancellation: Within the order details, you'll see an option labeled '{{Online Order Interaction}}'. Please select this to begin the cancellation process.
5. Follow Any Additional Steps: The system may prompt you for some information or feedback to proceed with the cancellation. Kindly complete these steps as instructed.

Should you encounter any difficulties or have further questions, our dedicated support team is available during {{Customer Support Hours}}. You can reach us by phone at {{Customer Support Phone Number}} or via the Live Chat feature on our {{Website URL}}. We appreciate your trust in us and are committed to assisting you throughout the cancellation process."
cancel_order,i bought some product help me canceling order {{Order Number}},"I've realized that you need help with canceling your order with the number {{Order Number}}. I apologize for any inconvenience this may have caused you. Let's work together to resolve this:

1. Access Your Account: Start by logging into your {{Online Company Portal Info}}. This is the platform where you can manage your orders.

2. Locate the Order: Once you're logged in, navigate to the ""{{Online Order Interaction}}"" or ""{{Online Order Interaction}}"" section. Look for the purchase associated with the order number {{Order Number}}.

3. Initiate Cancellation: Find the ""{{Online Order Interaction}}"" option linked to your specific purchase. Click on it to begin the cancellation process.

4. Confirm and Provide Feedback: The system may ask for a confirmation or feedback regarding your cancellation. Please provide the necessary information to proceed.

If you encounter any difficulties or have further questions, please don't hesitate to reach out. Our dedicated team is available during {{Customer Support Hours}}. You can contact us at {{Customer Support Phone Number}} or use the Live Chat feature on our {{Website URL}}. We appreciate your patience and understanding as we assist you with canceling your order."
cancel_order,ihave bought some damn product cancel order {{Order Number}},"I realized you have purchased a product and would like to cancel order {{Order Number}}. I apologize for any inconvenience you may have experienced, and I'm here to help you with the cancellation process. To cancel your order, please follow these steps:

1. Log into your account: Access our {{Online Company Portal Info}} and sign in using your credentials.
2. Go to your order history: Once you're signed in, navigate to the ""{{Online Order Interaction}}"" or ""{{Online Order Interaction}}"" section.
3. Locate your order: Find the specific order with the order number {{Order Number}} and click on it to view the details.
4. Initiate cancellation: Look for the ""{{Online Order Interaction}}"" option associated with your purchase and select it.
5. Confirm cancellation: Follow any additional prompts or instructions to confirm the cancellation request.

If you encounter any difficulties during the process or have any further questions, please don't hesitate to reach out to our dedicated support team. You can contact us during {{Customer Support Hours}} at {{Customer Support Phone Number}} or chat with us live on our website at {{Website URL}}. We appreciate your understanding and apologize for any inconvenience caused by this cancellation."
cancel_order,i have a question about cancelling order {{Order Number}},"I've understood, you have a question about canceling your order with the order number {{Order Number}}. How can I assist you?"
cancel_order,question about cancellung purchase {{Order Number}},"I acknowledge that you have a question regarding canceling purchase {{Order Number}}. I'm here to provide you with the necessary information and assistance. Please feel free to ask any specific questions or concerns you have regarding the cancellation process, and I'll be happy to help you navigate through it."
cancel_order,cancel purchase00004587345,"I've picked up that you need assistance with canceling purchase {{Order Number}}. I apologize for any inconvenience this may have caused. To cancel your purchase, please follow these steps:

1. Sign in to your {{Online Company Portal Info}}.
2. Navigate to the ""{{Online Order Interaction}}"" or ""{{Online Order Interaction}}"" section.
3. Locate the purchase associated with the order number {{Order Number}}.
4. Look for the option labeled ""{{Online Order Interaction}}"" and select it.
5. Follow any additional prompts or questions to finalize the cancellation process.

If you encounter any issues or have further questions, our dedicated support team is available during {{Customer Support Hours}} at {{Customer Support Phone Number}} or through the Live Chat feature on our website at {{Website URL}}. We appreciate your understanding and value your satisfaction."
cancel_order,how to cancel order {{Order Number}}?,"I've been informed that you're looking for assistance with canceling your order with the order number {{Order Number}}. Don't worry, I'm here to help you through the process.

To cancel your order, please follow these steps:

1. Access Your Account: Log in to your {{Online Company Portal Info}} using your credentials.
2. Navigate to Your Orders: Once you're logged in, go to the '{{Online Order Interaction}}' or '{{Online Order Interaction}}' section.
3. Locate the Order: Look for the purchase associated with the order number {{Order Number}} and select it.
4. Initiate Cancellation: You will find an option labeled '{{Online Order Interaction}}' or something similar. Click on it to start the cancellation process.
5. Confirm the Cancellation: The system may prompt you to confirm the cancellation. Please provide any additional details if required.
6. Await Confirmation: After canceling, you should receive a confirmation email or notification regarding the cancellation.
7. Contact Support if Needed: If you encounter any issues or have further questions, please don't hesitate to reach out to our customer support team during {{Customer Support Hours}} at {{Customer Support Phone Number}} or connect with us through the Live Chat on our website at {{Website URL}}.

Please let me know if there's anything else I can assist you with."
cancel_order,i dont want this order cancel purchase {{Order Number}},"I certainly recognize your desire to cancel your purchase with the order number {{Order Number}}. We want to ensure that you have a seamless experience. To cancel your purchase, please follow these steps:

1. Sign into Your Account: Access our {{Online Company Portal Info}} by signing in to your account.
2. Locate the Order: Once you are logged in, navigate to the '{{Online Order Interaction}}' or '{{Online Order Interaction}}' section.
3. Identify Your Purchase: Look for the purchase associated with the order number {{Order Number}} and click on it to open the details.
4. Initiate Cancellation: You should see an option labeled '{{Online Order Interaction}}' associated with your purchase. Please select this option to proceed with the cancellation.
5. Follow Any Additional Steps: The system may request some additional information or confirmation to finalize the cancellation. Please provide the necessary details or respond accordingly.

If you encounter any difficulties during the cancellation process or have any further questions, our dedicated support team is here to assist you. You can reach us during {{Customer Support Hours}} at {{Customer Support Phone Number}} or through the Live Chat feature on our website at {{Website URL}}. Your satisfaction is our top priority, and we are committed to providing you with the best possible service."
cancel_order,need ot cancel purchase {{Order Number}},"I hear you loud and clear that you need assistance with canceling your purchase with the order number {{Order Number}}. Your satisfaction is our top priority, and I'm here to guide you through the process. Here's what you can do:

1. Log into Your Account: Start by logging into our {{Online Company Portal Info}} using your credentials.
2. Access Your Order History: Once you're logged in, navigate to the '{{Online Order Interaction}}' or '{{Online Order Interaction}}' section.
3. Locate Your Purchase: Look for the purchase associated with the order number {{Order Number}} and click on it.
4. Initiate the Cancellation: Within the details of your purchase, you'll find the option to '{{Online Order Interaction}}'. Please select it.
5. Confirm and Finalize: The system may ask you to confirm your cancellation, provide feedback, or follow additional steps. Kindly complete these for a smooth cancellation process.

If you encounter any difficulties or have further questions, our dedicated support team is ready to assist you during {{Customer Support Hours}} at {{Customer Support Phone Number}}. Alternatively, you can reach out via the Live Chat feature on our {{Website URL}}. We appreciate your understanding and trust in us to resolve this matter promptly."
cancel_order,"I ordered some items, need help cancelling the last purchase","I grasp that you're seeking assistance with canceling your last purchase. I'll be glad to help you with that. To cancel your last purchase, please follow these steps:

1. Sign into Your Account: Access our platform by signing in to your {{Online Company Portal Info}}.
2. Navigate to Your Orders: Once logged in, locate the '{{Online Order Interaction}}' or '{{Online Order Interaction}}' section.
3. Identify Your Last Purchase: Within the order history, find the most recent purchase that you wish to cancel.
4. Initiate Cancellation: Look for the option labeled '{{Online Order Interaction}}' associated with your last purchase. Click on it.
5. Complete Any Further Steps: The system may prompt additional questions or require some feedback. Please provide the necessary information to proceed.

If you encounter any difficulties or have further questions during the cancellation process, our dedicated support team is always available to assist you. You can reach us during {{Customer Support Hours}} at {{Customer Support Phone Number}} or through the Live Chat feature on our {{Website URL}}. Your satisfaction is our top priority, and we're here to ensure a seamless experience for you."
cancel_order,prfoblems with cancelling order {{Order Number}},"I acknowledge that you're experiencing difficulties in cancelling your order with the number {{Order Number}}, and I apologize for any inconvenience caused. Rest assured, I'm here to assist you in resolving this issue promptly.

To help you cancel your order successfully, please follow these steps:

1. Sign in to Your Account: Access our platform by logging in to your {{Online Company Portal Info}}.
2. Navigate to Your Orders: Once you're logged in, go to the '{{Online Order Interaction}}' or '{{Online Order Interaction}}' section.
3. Locate Your Order: Look for the order with the number {{Order Number}} and click on it to view the details.
4. Initiate the Cancellation Process: Within the order details page, you should find the option to '{{Online Order Interaction}}'. Please select it to proceed with the cancellation process.
5. Provide Feedback (if requested): Depending on our system, you might be asked to provide feedback or a reason for the cancellation. Kindly provide the necessary information as requested.

If you encounter any further issues or have additional questions along the way, our dedicated customer support team is available to assist you. You can reach us during {{Customer Support Hours}} at {{Customer Support Phone Number}} or through the Live Chat feature on our {{Website URL}}.

We genuinely appreciate your patience, understanding, and cooperation in this matter. Customer satisfaction is our top priority, and we are committed to ensuring a smooth cancellation process for you."
cancel_order,I canno longer afford purchase {{Order Number}},"I've grasped that you are facing financial difficulties and are unable to proceed with the purchase of item {{Order Number}}. Our goal is to ensure your satisfaction and provide you with the best possible assistance. I recommend reaching out to our customer support team to discuss your situation further. They will be able to guide you through the necessary steps to address your concerns and explore possible alternatives, such as postponing the purchase or canceling it if necessary. You can contact our team during {{Customer Support Hours}} at {{Customer Support Phone Number}} or through the Live Chat feature on our website at {{Website URL}}. We are here to support you and find a solution that meets your needs."
cancel_order,i need assistance cancelling order {{Order Number}},"I understood that you're in need of assistance with canceling the order with order number {{Order Number}}. We apologize for any inconvenience this may have caused you and we're here to help you through the cancellation process. Here's what you need to do:

1. Sign in to Your Account: Go to our {{Online Company Portal Info}} and sign in using your credentials.
2. Access Your Orders: Once you're logged in, navigate to the '{{Online Order Interaction}}' or '{{Online Order Interaction}}' section.
3. Locate the Relevant Order: Look for the order with the order number {{Order Number}} and click on it.
4. Initiate the Cancellation: You should see an option labeled '{{Online Order Interaction}}' associated with your purchase. Please select this option.
5. Follow Any Additional Steps: The system may prompt you with a couple of questions to confirm the cancellation. Please follow the instructions provided.

If you encounter any difficulties or have further questions, our dedicated support team is available during {{Customer Support Hours}}. You can reach us at {{Customer Support Phone Number}} or use the Live Chat feature on our {{Website URL}}. Your satisfaction is our top priority, and we're committed to resolving this issue for you as quickly as possible."
cancel_order,need help with cfanceling order {{Order Number}},"I acknowledge that you need assistance with canceling order {{Order Number}}, and I'm here to guide you through the process. We value your decision, and we want to make the cancellation as smooth as possible for you. Here's what you need to do:

1. Log in to Your Account: Access our {{Online Company Portal Info}} by entering your credentials.
2. Go to Your Orders: Once logged in, navigate to the '{{Online Order Interaction}}' or '{{Online Order Interaction}}' section.
3. Locate the Order: Look for the purchase associated with order number {{Order Number}} and click on it to view the details.
4. Initiate the Cancellation: On the order details page, you should find an option labeled '{{Online Order Interaction}}'. Please click on it to begin the cancellation process.
5. Follow any Additional Steps: If prompted, provide any necessary information or feedback to complete the cancellation.

Should you encounter any difficulties or have further questions, our dedicated team is available during {{Customer Support Hours}} at {{Customer Support Phone Number}} or through the Live Chat feature on our {{Website URL}}. We appreciate your understanding and cooperation, and we're committed to ensuring your satisfaction."
cancel_order,order cancellation,"I understood, you're seeking assistance with canceling an order. We're here to help you through the process. Please follow these steps:

1. Log into your account: Access our {{Online Company Portal Info}} and sign in using your credentials.
2. Navigate to your orders: Once you're logged in, locate the '{{Online Order Interaction}}' or '{{Online Order Interaction}}' section. 
3. Find the order to cancel: Look for the specific order you want to cancel. The order number should be displayed next to it.
4. Initiate the cancellation: Click on the order and look for the '{{Online Order Interaction}}' option. Select this to begin the cancellation process.
5. Complete any additional steps: It's possible that our system may ask you for confirmation or feedback during the cancellation process. Please provide the required information or feedback.

If you encounter any difficulties or have further questions, you can always count on our dedicated support team. Reach out to us during {{Customer Support Hours}} at {{Customer Support Phone Number}} or use the Live Chat feature on our {{Website URL}}. Your satisfaction is our top priority, and we'll do everything we can to assist you."
cancel_order,need assistance cancelinv purchase {{Order Number}},"I've understood, you're seeking assistance with canceling purchase {{Order Number}}. Canceling an order can be a straightforward process, and I'm here to guide you through it step by step. To cancel purchase {{Order Number}}, please follow these instructions:

1. Sign in to your {{Online Company Portal Info}} using your login credentials.
2. Navigate to your '{{Online Order Interaction}}' or '{{Online Order Interaction}}' section, which can usually be found on the main page or in the dropdown menu.
3. Locate the specific purchase with the order number {{Order Number}} and click on it to access the order details.
4. Look for the cancellation option associated with the purchase. It is typically labeled as '{{Online Order Interaction}}' or a similar phrase.
5. Click on the '{{Online Order Interaction}}' option and follow any additional prompts or instructions to complete the cancellation process.

If you encounter any difficulties or have further questions during the cancellation process, you can reach out to our dedicated customer support team. They are available {{Customer Support Hours}} at {{Customer Support Phone Number}} or through the Live Chat feature on our website at {{Website URL}}. We genuinely value your satisfaction and appreciate your understanding as we assist you with canceling purchase {{Order Number}}."
cancel_order,problem with canceling order {{Order Number}},"I realized that you're encountering difficulties with canceling your order bearing the number {{Order Number}}. We apologize for any inconvenience this may have caused. To assist you in resolving this problem, I kindly request you to provide more details about the specific issue you're facing during the cancellation process. This will enable our support team to identify the root cause and offer you a tailored solution promptly. You can share any error messages or any step in the cancellation procedure where you're experiencing issues. Rest assured, we're committed to rectifying this problem and ensuring your utmost satisfaction."
cancel_order,need help cancelling order {{Order Number}},"I've become conscious that you're seeking assistance with canceling your order bearing the number {{Order Number}}. Rest assured, I'm here to guide you through the process step by step, ensuring a seamless experience. Kindly follow these instructions:

1. Sign in to Your Account: Access our platform by logging in to your {{Online Company Portal Info}}.
2. Locate Your Order History: Once signed in, navigate to the '{{Online Order Interaction}}' or '{{Online Order Interaction}}' section.
3. Identify Your Order: Look for the order associated with the order number {{Order Number}}. Click on it to view the details.
4. Initiate the Cancellation: Within the order details, you should find an option labeled '{{Online Order Interaction}}'. Please select this to proceed.
5. Confirm Your Cancellation: Our system may prompt you with a few questions to confirm the cancellation. Please provide any necessary information and complete the process.

Should you encounter any difficulties or have further inquiries, our dedicated support team is available to assist you. Reach out to us during {{Customer Support Hours}} at {{Customer Support Phone Number}} or use our Live Chat feature on the {{Website URL}}. Your satisfaction is our utmost priority, and we're here to ensure a positive resolution to your request."
cancel_order,how do I cancel purchase {{Order Number}}?,"I've noticed that you're looking for guidance on canceling your purchase with the order number {{Order Number}}. We are here to assist you with the steps:

1. Sign into Your Account: Start by logging into our {{Online Company Portal Info}}.
2. Access Your Order Details: Once logged in, navigate to your '{{Online Order Interaction}}' or '{{Online Order Interaction}}' section.
3. Locate the Specific Purchase: Look for the purchase associated with the order number {{Order Number}} and click on it to view the details.
4. Initiate Cancellation: On the purchase details page, you should find an option labeled '{{Online Order Interaction}}'. Please select this to begin the cancellation process.
5. Follow Any Additional Instructions: Our system may ask you to provide feedback or confirm the cancellation. Kindly complete these steps as indicated.

If you encounter any difficulties or have further questions, our dedicated team is ready to assist you. You can reach out to us during {{Customer Support Hours}} at {{Customer Support Phone Number}} or through the Live Chat on our website at {{Website URL}}. We appreciate your trust in our service, and we are committed to ensuring your satisfaction."
cancel_order,have problems with cancelling purchase {{Order Number}},"I realized that you're experiencing difficulties with canceling your purchase related to the order number {{Order Number}}. As a valued customer, your satisfaction is our top priority, and we're here to help you resolve this issue. To better assist you, could you please provide more details about the specific problems you're encountering with the cancellation process? With this information, we will be able to identify the root cause of the issue and provide you with the appropriate guidance to successfully cancel your purchase."
cancel_order,"I cannot afford this article, cancel order {{Order Number}}","I can relate that you're facing financial constraints and would like to cancel your purchase with the order number {{Order Number}}. Your satisfaction is our top priority, and we're here to assist you with this process. To proceed with the cancellation, please follow these steps:

1. Open Your Account: Begin by logging into your {{Online Company Portal Info}}.
2. Locate the Order: Once you're logged in, navigate to the '{{Online Order Interaction}}' or '{{Online Order Interaction}}' section.
3. Identify the Purchase: Look for the order number {{Order Number}} and click on it to access the details.
4. Initiate Cancellation: You will find the option to '{{Online Order Interaction}}' associated with your purchase. Kindly select this option.
5. Confirm Cancellation: The system may require confirmation or further information related to the cancellation. Please complete the necessary steps.

If you encounter any difficulties or have any questions, please don't hesitate to contact our dedicated customer support team. They can be reached during {{Customer Support Hours}} at {{Customer Support Phone Number}} or through the Live Chat feature on our {{Website URL}}.

We appreciate your understanding and your trust in our services. We hope to assist you again in the future when the time is right for you."
cancel_order,i have problems with  cancelling purchase {{Order Number}},"I comprehend that you're encountering difficulties while trying to cancel your purchase with the purchase number {{Order Number}}. Our team is here to help you resolve this issue. To ensure a smooth cancellation process, please follow these steps:

1. Sign in to Your Account: Access our website and log in to your {{Online Company Portal Info}} using your credentials.
2. Navigate to Your Orders: Once logged in, locate the '{{Online Order Interaction}}' or '{{Online Order Interaction}}' section.
3. Find Your Purchase: Look for the purchase linked to the purchase number {{Order Number}} and select it.
4. Initiate Cancellation: Within the purchase details, you should find an option labeled '{{Online Order Interaction}}'. Click on it to begin the cancellation process.
5. Seek Assistance: If you encounter any further issues or have additional questions, please don't hesitate to contact our support team. You can reach us during {{Customer Support Hours}} at {{Customer Support Phone Number}} or through the Live Chat feature on our {{Website URL}}.

We apologize for any inconvenience caused and appreciate your patience. Our goal is to provide you with a seamless experience, so please don't hesitate to reach out if you need any further assistance."
cancel_order,I have got to cancel order {{Order Number}},"I realized you need to cancel your order with the order number {{Order Number}}. I apologize for any inconvenience caused. To initiate the cancellation process, please follow these steps:

1. Log into your account: Access our platform by signing in to your {{Online Company Portal Info}}.
2. Navigate to your order history: Once logged in, find the '{{Online Order Interaction}}' or '{{Online Order Interaction}}' tab and click on it.
3. Locate your order: Look for the order with the order number {{Order Number}}. Click on it to access the order details.
4. Initiate cancellation: Within the order details, you should see an option labeled '{{Online Order Interaction}}'. Please select this option to begin the cancellation process.
5. Complete any further steps: The system may require you to answer some questions or provide feedback for the cancellation process. Kindly follow the instructions and provide the necessary information.

If you encounter any issues during the cancellation process or have any further questions, our dedicated team is available to assist you. You can reach us during {{Customer Support Hours}} at {{Customer Support Phone Number}}, or use the Live Chat feature on our {{Website URL}}. Your satisfaction is our top priority, and we will do our best to ensure a smooth cancellation experience for you."
cancel_order,"I no longer want purchase {{Order Number}}, can you cancel it?","I'm sympathetic to your situation that you have changed your mind and would like to cancel your purchase with the order number {{Order Number}}. We are here to assist you in this process. To cancel your purchase, please follow these steps:

1. Sign in to your {{Online Company Portal Info}}.
2. Navigate to the '{{Online Order Interaction}}' or '{{Online Order Interaction}}' section.
3. Locate the purchase with the order number {{Order Number}} and click on it for more details.
4. Look for the option to '{{Online Order Interaction}}' and select it.
5. Follow any additional prompts or provide any necessary information to complete the cancellation process.

If you encounter any difficulties or have any questions along the way, please don't hesitate to reach out to our dedicated customer support team. You can contact them during {{Customer Support Hours}} at {{Customer Support Phone Number}}, or you can access our Live Chat feature on our {{Website URL}}. We are here to ensure your satisfaction and assist you with any concerns you may have."
cancel_order,cancel order,"I've realized that you're seeking assistance in canceling an order. I'll be happy to guide you through the process. Could you please provide me with the order number or any relevant details about the order you would like to cancel? With that information, I'll be able to provide you with the specific steps to cancel your order successfully."
cancel_order,"I can't afford purchase {{Order Number}}, I need help canceling it","I'm on your side your situation and I'm here to assist you with canceling your purchase with the order number {{Order Number}}. We value your satisfaction and want to ensure that you have a positive experience with us. 

To cancel your purchase, please follow these steps:

1. Log in to your {{Online Company Portal Info}} using your credentials.
2. Navigate to the '{{Online Order Interaction}}' or '{{Online Order Interaction}}' section, where you will find a list of your past purchases.
3. Look for the purchase with the order number {{Order Number}} and click on it to access the details.
4. Within the purchase details, you should see an option labeled '{{Online Order Interaction}}'. Please select this option to initiate the cancellation process.
5. Follow any additional prompts or instructions to complete the cancellation.

If you encounter any difficulties or have further questions during the cancellation process, don't hesitate to reach out to our dedicated customer support team. You can contact us during {{Customer Support Hours}} at {{Customer Support Phone Number}} or via the Live Chat feature on our {{Website URL}}.

We appreciate your understanding and we're here to help you every step of the way."
change_order,I try to change several bloody items of order {{Order Number}},"We understand that you would like to make changes to several items in order number {{Order Number}}. We apologize for any difficulties or frustrations you may have encountered. To assist you efficiently, could you please provide specific details about the items you wish to change? Our team is committed to ensuring your complete satisfaction, and we are here to help you resolve this matter quickly and effectively."
change_order,modifying purchase {{Order Number}},"Thank you for getting in touch to us about modifying purchase number {{Order Number}}. We understand that you may need to make changes or updates to your purchase, and we're here to assist you with that. To provide you with the best possible solution, could you please let us know specifically what modifications you would like to make to your purchase? We want to ensure that your purchase meets your expectations and requirements."
change_order,want help adding an item to order {{Order Number}},"Thank you for getting in touch to us for assistance with adding an item to your order. We understand the importance of getting your order just right. To help you with this, could you please provide us with the details of the item you would like to add? By having this information, we can ensure that your order is complete and meets your expectations. We appreciate your cooperation and look forward to assisting you further."
change_order,need to change order {{Order Number}} how to do it,"We've received your message to us for assistance with changing your order, specifically the one with order number {{Order Number}}. I understand that you would like to modify your existing order, and I'm here to help. To make any changes to your order, such as adding or removing products, updating shipping information, or canceling items, please follow these steps:

1. Log in to your account on our website or app.
2. Go to your Orders section or Order History.
3. Locate and select the desired order with order number {{Order Number}}.
4. Look for the ""Manage Order"" or ""Edit Order"" option and click on it.
5. Follow the on-screen instructions to update your order details.
6. If you encounter any issues or require further assistance, please don't hesitate to reach out to our customer support team, available {{Customer Support Hours}}, at {{Customer Support Phone Number}} or through the Live Chat on our website at {{Website URL}}.

We value your business and want to ensure that your order meets your needs. If there's anything else you'd like assistance with, please feel free to ask."
change_order,edit purchase {{Order Number}},"I've come to understand that you need assistance with editing your purchase with the number {{Order Number}}. Rest assured, I'm here to help you. Can you please provide me with the specific changes you would like to make? Whether it's adding, removing, or modifying items in your purchase, we'll work together to ensure your order is tailored to your satisfaction. Your feedback is important to us, and we appreciate your patience as we make the necessary adjustments."
change_order,remove item from order {{Order Number}},"I've decoded that you need assistance with removing an item from order number {{Order Number}}. Thank you for bringing this to our attention. To accurately address your request, could you please provide me with the specific details of the item you would like to be removed? Once I have this information, I will promptly assist you with the next steps to ensure the item is removed from your order to your satisfaction."
change_order,help me remove a product from purchase {{Order Number}},I've come to understand that you need assistance with removing a product from purchase number {{Order Number}}. Thank you for reaching out to us! We're here to help you with that. Could you please provide more details about the product you want to remove? This will allow us to quickly process your request and ensure your satisfaction.
change_order,i need assistance to add some products to order {{Order Number}},"We appreciate your inquiry to us for assistance in adding products to your order with the number {{Order Number}}. We understand that you would like to modify your order by including additional items. To help you with this, could you please provide us with the details of the products you wish to add? Our team will ensure that the necessary updates are made to your order promptly. Your satisfaction is our top priority, and we are here to assist you throughout the process."
change_order,how to edit order {{Order Number}}?,"We understand that you're looking for guidance on how to edit order number #{{Order Number}}. It's important to us that you have control over your order and can make the necessary changes. To edit your order, please follow these steps: 
1. Log in to your account on our website or app.
2. Go to your order history or account settings.
3. Locate and select the specific order you want to edit.
4. Look for the ""Edit"" or ""Modify"" option and click on it.
5. You will be redirected to a page where you can make changes to your order details such as item quantity, size, color, or even remove/add items.
6. After making the desired changes, review everything and ensure it's accurate.
7. Save the changes and proceed to checkout or payment if necessary.
If you encounter any issues or need further assistance while editing your order, please don't hesitate to let us know. We're here to help you throughout the process."
change_order,can you help me correcting purchase {{Order Number}}?,"I comprehend that you need assistance in correcting purchase number {{Order Number}}, and I'm here to help you with that. Could you please provide me with more details about the specific correction you would like to make? Whether it's updating the shipping address, changing the quantity, or modifying any other aspect of your purchase, our team is dedicated to ensuring your complete satisfaction. So please let me know the specific changes you would like to make, and I'll do my best to assist you further."
change_order,can I modify purchase {{Order Number}}?,"I'm happy to help! I understand that you would like to modify your purchase with the order number {{Order Number}}. We are here to help you with that. Could you please provide more details on the specific changes you would like to make? This will allow us to assist you accurately and efficiently. Your satisfaction is our top priority, and we want to ensure that your modified purchase meets your expectations."
change_order,"I want to remove an item from order {{Order Number}}, I need hepl","We've received your message to us with your request to remove an item from order number {{Order Number}}. We are here to assist you. To better understand your needs, could you kindly provide us with the details of the item you would like to remove? With this information, we will be able to help you process the necessary changes to your order."
change_order,want  help adding an item to purchase {{Order Number}},"We appreciate you reaching out to us for assistance with adding an item to purchase {{Order Number}}. We understand the importance of making sure your order is exactly what you want. To help you with this, could you please provide us with the details of the item you would like to add? Our team will do their best to accommodate your request and ensure a seamless shopping experience for you."
change_order,change several articles of order {{Order Number}},"We understand that you would like to change several articles in order number {{Order Number}}. Thank you for bringing this to our attention. To assist you with the changes, could you please provide us with the specific details of the articles you wish to modify? This will ensure that we accurately update your order to meet your requirements. Your satisfaction is our top priority, and we appreciate your patience as we make the necessary adjustments."
change_order,"I want to delete an item from purchase {{Order Number}}, help me","We understand your need to delete an item from purchase number {{Order Number}}. We appreciate your proactive approach in seeking assistance. To provide you with accurate guidance, could you please specify the item you would like to delete? By identifying the specific item, we can ensure a swift resolution that meets your expectations. Your satisfaction is our priority, and we are here to support you in streamlining your purchase."
change_order,add something to order {{Order Number}},I've been informed that you need assistance with adding something to your order with the number {{Order Number}}. We are here to help make the necessary adjustments to ensure your order meets your expectations. Could you please provide more details about what you would like to add? This will allow us to assist you more effectively and promptly. Thank you for reaching out to us.
change_order,I cannot modify purchase {{Order Number}},"I've deduced from your message that you're experiencing difficulty modifying purchase number {{Order Number}}. I apologize for any inconvenience caused. To better assist you, could you please provide more details about the specific changes you would like to make to the purchase? This information will allow us to explore alternative solutions and find the best way to assist you. Your satisfaction is our top priority, and we are committed to resolving any issues you may have with your purchase."
change_order,I want help to remove some products from order {{Order Number}},"Grateful you reached out to us! We understand that you need assistance with removing some products from order number {{Order Number}}. Our team is here to help you with that. To proceed with the removal of the products, please provide us with the specific details of the items you would like us to remove. Once we have the details, we will promptly take action to modify your order according to your preferences. We appreciate your patience and cooperation in this matter."
change_order,i cannot remove some fucking items from order {{Order Number}},"I can sense that you're facing some difficulties in removing certain items from your order with the number {{Order Number}}. I apologize for any inconvenience caused. To better assist you, could you please provide more details about the specific items you're having trouble removing? This will allow us to quickly address the issue and find a suitable solution. Your satisfaction is our top priority, and we're committed to resolving this matter for you as efficiently as possible."
change_order,need help with switching an item of purchase {{Order Number}},"We appreciate your request to switch an item in your purchase with number {{Order Number}}. We understand that sometimes you may need to make changes to your order and we are here to assist you. To proceed with the switch, could you please provide the details of the item you would like to switch and the item you would like to replace it with? This will help us ensure a smooth and accurate process. We want to make sure you are completely satisfied with your purchase, so feel free to share any additional information or preferences you may have. We appreciate your patience and understanding as we work together to resolve this for you."
change_order,need to swap an article of  purchase {{Order Number}},"Appreciate you reaching out to us regarding your purchase with order number {{Order Number}}. I understand that you would like to swap an article in your order. To facilitate the process, could you please provide the details of the article you would like to swap and the replacement item you would prefer? This will help us ensure that the requested change is implemented accurately. We appreciate your cooperation in helping us enhance your overall shopping experience."
change_order,help removing an article from order {{Order Number}},"We understand that you need assistance with removing an article from order number {{Order Number}}. Our team is here to help you with this request. To ensure accuracy, could you please provide us with the specific details of the article you would like to remove from your order?"
change_order,need help t add an item to order {{Order Number}},"I fathom that you require assistance in adding an item to order number {{Order Number}}. We appreciate your proactive approach in modifying your order. To ensure we provide accurate and efficient support, could you please provide the details of the item you would like to add? This will allow us to promptly update your order and ensure your satisfaction. Thank you for your cooperation!"
change_order,i have to switch some bloody products of order {{Order Number}},"Thank you for bringing this to our attention. I understand that you need to switch some products in your order with the number {{Order Number}}. We apologize for any inconvenience caused. To ensure we assist you accurately, could you please provide the details of the specific products that you would like to switch? We are here to help make the necessary adjustments and ensure your satisfaction."
change_order,want assistance to remove some items from order {{Order Number}},"We appreciate your request to remove some items from order number {{Order Number}}. Our team is here to assist you with this matter. To better understand your needs, could you please provide us with the specific items you would like to have removed? By doing so, we can ensure that your order aligns perfectly with your expectations. Your satisfaction is our top priority."
change_order,correct purchase {{Order Number}},"Thank you for bringing this to our attention. We understand that you need assistance with correcting purchase number #{{Order Number}}. Rest assured, we're here to help. To ensure accuracy, could you please provide more details about what needs to be corrected in the purchase? This will enable us to make the necessary adjustments and ensure your satisfaction. We appreciate your cooperation in resolving this matter."
change_order,I have to remove an item from order {{Order Number}},"Thank you for getting in touch to us regarding your order with number {{Order Number}} and your request to remove an item. We understand the importance of ensuring your order matches your expectations. To assist you with this, can you please provide us with the specific details of the item you would like to remove? We will do our best to accommodate your request and make sure you are completely satisfied with your order."
change_order,i have got to correct purcgase {{Order Number}},"We understand that you need to correct purchase number #{{Order Number}}. We apologize for any inconvenience caused by the error in your purchase. To assist you with the correction, could you please provide more details about the specific changes you would like to make? This way, we can ensure that the necessary adjustments are made accurately and promptly. Your satisfaction is our top priority, and we are committed to resolving any issues you may encounter."
change_order,I have problems with deleting an item from order {{Order Number}},"Thank you for contacting to us about the issues you're facing while deleting an item from order number {{Order Number}}. We apologize for any inconvenience caused and are here to assist you. To better understand the problem, could you provide more details about the specific item you're trying to delete and the challenges you encountered? This will help us identify the underlying issue and provide you with the most effective solution."
change_order,I have a question about correcting order {{Order Number}},"Thank you for reaching out! I'm here to help you with any questions you may have about correcting order number {{Order Number}}. Please feel free to ask me anything, and I'll do my best to provide you with the information you need to address your concerns."
change_order,I mised a product in purchase {{Order Number}},"Thank you for bringing this issue to our attention. I understand that you missed a product in your purchase with the number {{Order Number}}. I apologize for the inconvenience this may have caused. To assist you further, could you please provide me with the details of the product that you missed? This will allow me to take the necessary steps to rectify the situation promptly."
change_order,help me changing a fucking product of purchase {{Order Number}},"We value your request to change a product in purchase number {{Order Number}}. Our team is committed to providing timely assistance and ensuring your satisfaction. To better assist you, could you please provide more details about the product you'd like to change? This will allow us to take the necessary steps to fulfill your request efficiently. Your feedback is crucial to improving our services, and we appreciate your patience as we work on resolving this matter."
change_order,i need help removing several items from order {{Order Number}},"We completely understand your need to remove several items from order number {{Order Number}}. We apologize for any inconvenience this may have caused. To assist you with this, could you please provide us with the specific items you would like to remove? Once we have this information, we will promptly initiate the process and ensure that your order reflects the desired changes. Thank you for your patience and understanding as we work towards resolving this for you."
change_order,can I delete some article from order {{Order Number}}?,"I see what you mean your concern about removing an article from order {{Order Number}}. We value your satisfaction, and I'll be glad to assist you with this matter. Could you please provide me with the specific article(s) you would like to delete from your order? This will help us ensure that the necessary changes are made accurately. Thank you for reaching out to us for help, and I appreciate your patience as we work on resolving this for you."
change_order,need help to edit order {{Order Number}},We're here to help! I take note that you require assistance in editing order number {{Order Number}}. Our main goal is to ensure that your order is tailored perfectly to your needs. Could you provide me with the specific changes you would like to make? This information will allow us to process your request promptly and accurately.
change_order,i have got to remove something from order {{Order Number}},"It's great to hear from you! I can see that you need assistance with removing an item from your order with the number {{Order Number}}. To proceed with the removal, could you please provide me with the details of the item you would like to remove? This will help us ensure that we accurately process your request and make the necessary adjustments. Feel free to provide any additional information or ask any questions you may have. Our team is here to support you throughout the process."
change_order,I need to add some articles to purchase {{Order Number}},"We understand your desire to add articles to purchase number {{Order Number}}. To assist you with this, could you please provide the details of the articles you would like to add? This will ensure that we carry out the necessary changes accurately and promptly. We appreciate your cooperation and look forward to enhancing your purchase experience."
change_order,I need to remove an article from purchase {{Order Number}},Appreciate you reaching out to us! I understand that you need assistance with removing an article from purchase number {{Order Number}}. I'll be more than happy to help you with that. Could you please provide me with the specific details of the article you would like to remove? This will allow me to guide you through the process more effectively.
change_order,how to update order {{Order Number}}?,"I've observed that you're looking to update order number {{Order Number}}. We are here to assist you with that. To update your order, please provide us with the specific details of the update you would like to make. It could be changing the quantity, adding or removing items, or modifying the shipping address. Once we have the necessary information, we will promptly assist you in updating your order to ensure it meets your requirements."
change_order,modifying order {{Order Number}},"I'm aware that you're looking to modify order number {{Order Number}}. Thank you for bringing this to our attention. To assist you in making the necessary modifications, could you please provide more details on the changes you would like to make? Whether it's updating items, quantities, or any other adjustments, we're here to help ensure that your order meets your expectations. Your satisfaction is our priority, and we appreciate your patience as we work together to make the necessary modifications."
change_order,I can't swap an article of order {{Order Number}},"I've taken note that you're facing difficulties in swapping an item from order number {{Order Number}}. Our team is committed to resolving any issues you may encounter with your order. To provide you with the best assistance, could you please provide more details about the specific item you are unable to swap? This will help us identify the problem and find a suitable solution. We appreciate your patience and cooperation in helping us make your shopping experience seamless."
change_order,I want information about modifying order {{Order Number}},"Thank you for your inquiry about modifying order number {{Order Number}}. We appreciate your interest in making changes to your order. To provide you with accurate information, could you kindly specify what modifications you would like to make? This will help us assist you better and ensure that your order meets your expectations."
change_order,"I want to edit order {{Order Number}}, help me",We understand that you want to edit your order with order number {{Order Number}}. We are here to assist you with that. Could you please provide more details about the specific edits you would like to make? This will help us ensure that we address your request accurately and promptly.
change_order,I want to switch an article of purchase {{Order Number}},"Appreciate you reaching out to us with your request to switch an article in purchase number {{Order Number}}. We understand that sometimes mistakes happen, and we're here to help you resolve them. To assist you further, could you please provide us with the details of the article you would like to switch and the replacement item you have in mind? This information will allow us to process your request accurately and ensure a seamless experience for you."
change_order,i have got to add something to oprder {{Order Number}},"Glad you got in touch to us and expressing your need to add something to order number {{Order Number}}. We understand the importance of making adjustments to your order and we're here to assist you. To ensure we get this right, could you please provide us with the details of the item(s) you would like to add? We'll do our best to accommodate your request and make sure your order is just as you envision it."
change_order,"I want to correct order {{Order Number}}, can you help me?",I hear you! I'm following you that you would like to make corrections to your order with the number {{Order Number}}. We value your satisfaction and are here to assist you in resolving any issues. Could you please provide more details about the specific corrections you would like to make? This will help us ensure we address your needs accurately and efficiently.
change_order,updating order {{Order Number}},"I understood that you require assistance in updating your order with the number {{Order Number}}. I apologize for any inconvenience caused, and I'm here to help. Could you please provide me with the specific changes you'd like to make to your order? With this information, we'll ensure that your order is updated according to your preferences."
change_order,can I delete some articles from order {{Order Number}}?,We understand that you would like to delete some articles from your order with the number #{{Order Number}}. We're here to assist you with that. Could you please provide us with the specific articles you would like to remove? This will enable us to make the necessary adjustments to your order and ensure your satisfaction.
change_order,help me to add several products to order {{Order Number}},I'll make it happen! I understand that you need assistance in adding several products to your order with the number {{Order Number}}. We're here to help you make the necessary adjustments to ensure your satisfaction. Could you please provide me with the details of the products you would like to add? Feel free to ask any questions or share any concerns you may have.
change_order,change purchzse {{Order Number}},"We understand that you're requesting to make changes to purchase number {{Order Number}}. We apologize for any inconvenience caused. To assist you better, could you please provide specific details about the changes you would like to make? Our team is here to help you modify your purchase and ensure your satisfaction."
change_order,i try to switch several items of order {{Order Number}},"Thank you for contacting to us regarding the request to switch several items from order number {{Order Number}}. I completely understand that you may have changed your mind or found other products that better suit your needs. To assist you further, could you please provide me with the specific items you would like to switch and the alternative items you would like to replace them with? This will allow us to process your request efficiently and ensure your satisfaction."
change_order,i want assistance to edit order {{Order Number}},"I've realized you're seeking assistance in editing order number {{Order Number}}. We are here to help you make any necessary changes or modifications to your order. Please let us know the specific details of what you would like to edit, and we'll guide you through the process. Your satisfaction is our priority, and we want to ensure that your order meets your expectations."
change_order,is it possible to swap an item of purchase {{Order Number}}?,"Thank you for trusting to us regarding the possibility of swapping an item from purchase number {{Order Number}}. We understand the importance of making any necessary adjustments to your order. To proceed with a swap, please provide us with the details of the item you would like to replace and the item you would like to swap it with. Our customer service team will be more than happy to assist you with this request and ensure that you have a satisfactory shopping experience."
change_order,help adding some items to purchase {{Order Number}},"We understand that you need assistance in adding items to purchase number #{{Order Number}}. We're here to help! To add items to your purchase, you can follow these steps:
- Go to your account and navigate to the ""Orders"" section.
- Locate purchase number #{{Order Number}} and click on it.
- Look for the option to ""Add items"" or ""Edit items"" and click on it.
- Select the items you want to add to your purchase from the available options.
- Once you've made your selections, proceed to the checkout and complete your purchase.

If you encounter any difficulties or have further questions, please don't hesitate to let us know. We want to make sure you have a seamless experience while adding items to your purchase. Your satisfaction is our top priority!"
change_order,"I need to change an item of purchase {{Order Number}}, help me","I completely understand your need to change an item for purchase with the order number {{Order Number}}. We appreciate your proactive approach in seeking assistance. To provide you with accurate guidance, could you please let us know which item you would like to change? Our team is committed to ensuring a seamless experience for you."
change_order,can uhelp me swap some articles of purchase {{Order Number}},"We appreciate your request to swap some articles in purchase number {{Order Number}}. We understand that you may have changed your mind or found a better alternative. To assist you with this request, please let us know specifically which articles you would like to swap and the ones you would like to replace them with. Our goal is to ensure your complete satisfaction, and we are here to help you make the necessary adjustments to your purchase. How can we assist you further with this process?"
change_order,how to edt order {{Order Number}},"We understand that you would like to make edits to order number {{Order Number}}. We apologize for any inconvenience caused. To assist you with this, we recommend reaching out to our customer support team directly. They will be able to guide you through the process of editing your order and provide you with any necessary assistance. You can contact our customer support team through the Live Chat on our website at {{Website URL}} or by calling {{Customer Support Phone Number}}. They are available {{Customer Support Hours}} to help you with any order-related queries."
change_order,i cant switch several aritcles of purchase {{Order Number}},I'm sorry to hear that you're having trouble switching several articles for purchase number {{Order Number}}. I understand how important it is to have the flexibility to make changes to your order. Allow me to assist you further with this issue. Could you please provide me with more details about the specific articles you want to switch? This information will help us find the best solution for you.
change_order,is it possible to edit purchase {{Order Number}}?,"We understand that you would like to edit purchase number {{Order Number}}. Editing a purchase is possible in certain cases, depending on the status of the order and the specific changes you would like to make. To provide you with accurate information, could you please specify the specific edits you have in mind? This will help us determine the feasibility and guide you accordingly. We are committed to ensuring your satisfaction and will do our best to assist you with your request."
change_order,correct order {{Order Number}},"We appreciate you reaching out to us regarding your request to correct order number {{Order Number}}. Your satisfaction is our priority, and we are here to assist you with any necessary adjustments. To ensure accurate assistance, could you please provide us with the specific details of the corrections you would like to make? By understanding your requirements, we can promptly address your concerns and make the necessary changes to your order."
change_order,I am trying to delete some items from order {{Order Number}},"Thank you for bringing this to our attention. I understand that you would like to delete some items from order number {{Order Number}}. We apologize for any inconvenience this may have caused. To facilitate the deletion process, could you please provide the specific details of the items you wish to remove? Once we receive the information, we will work swiftly to ensure the necessary modifications are made. Our ultimate goal is to provide you with a seamless and satisfactory shopping experience."
change_order,modify purchase {{Order Number}},"We understand that you need to modify your purchase with order number {{Order Number}}. Our team is here to assist you with this request. To better understand the changes you would like to make, could you please provide more details on the specific articles you wish to modify? This will help us ensure that we accurately update your purchase according to your preferences. We appreciate your cooperation and look forward to resolving this matter for you."
change_order,changing order {{Order Number}},"Thank you for bringing your request to our attention. We understand that you need to make changes to your order with the number {{Order Number}}. Rest assured, we're here to assist you in the best way possible. To proceed with modifying your order, could you please provide us with the specific changes you would like to make? We want to ensure that your order aligns perfectly with your requirements."
change_order,"I would like to modify order {{Order Number}}, how can I do it?","We understand that you would like to modify order number #{{Order Number}}. Thank you for bringing this to our attention. To assist you in making the necessary modifications, we recommend reaching out to our customer support team. They will guide you through the process and ensure that your modifications are accurately reflected in the order. You can contact our customer support team via phone at {{Customer Support Phone Number}} or through the Live Chat option on our website at {{Website URL}}. They will be more than happy to assist you in modifying your order to meet your requirements. How else can we be of assistance to you today?"
change_order,editing order {{Order Number}},"We appreciate your request to edit order number {{Order Number}}. Our team is here to assist you in making the necessary changes. To provide you with the most accurate and efficient support, could you please specify the particular edits you would like to make to your order? Your satisfaction is our top priority, and we want to ensure that your order reflects your preferences. Feel free to let us know your requirements, and we will be happy to assist you further."
change_order,want help to update purchase {{Order Number}},"I've grasped that you need assistance with updating the details of purchase number {{Order Number}}. We are here to help you make the necessary changes. Could you please provide specific details about the changes you would like to make? Whether it's updating the shipping address, adding or removing items, or modifying any other aspect of the purchase, we'll ensure that your request is handled promptly and accurately. Your satisfaction is our top priority, and we are committed to providing you with a seamless shopping experience."
change_order,I try to remove some articles from order {{Order Number}},"I'm cognizant of the fact that you're trying to remove some articles from order number {{Order Number}}. We apologize for any inconvenience this may have caused. To assist you with this, could you please provide me with the specific articles you want to remove from your order? This will help us ensure that we make the necessary changes accurately."
change_order,I want help to edit order {{Order Number}},"Firstly, let me express my understanding of your request to edit order number {{Order Number}}. We are here to assist you in making any necessary changes to ensure your complete satisfaction. Could you please provide specific details regarding the edits you would like to make? This will help us proceed with the appropriate modifications and ensure that your order meets your expectations. Remember, your feedback is invaluable to us, and we appreciate the opportunity to make your experience exceptional. How can I assist you further?"
change_order,i cant add some items to order370795561790,"I acknowledge that you are facing difficulties adding items to your order with the number {{Order Number}}. I apologize for any inconvenience caused. To assist you further, could you please provide me with the specific items you are trying to add? With this information, I will be able to look into the issue and find a suitable solution for you. Thank you for bringing this to our attention, and I appreciate your patience as we work towards resolving this matter."
change_order,want help to deletd a damn article from order {{Order Number}},"Thanks for dropping us a line to us for help with deleting an article from order number {{Order Number}}. We understand how frustrating it can be when a mistake occurs. To assist you with this, could you please provide the specific details of the article you wish to delete? Once we have the necessary information, we will promptly make the necessary changes to your order."
change_order,add item to order {{Order Number}},"I appreciate your request to add an item to your order with number {{Order Number}}. To assist you with this, could you please provide me with the details of the item you would like to add? This will help us ensure that we make the necessary changes accurately and promptly. Thank you for your cooperation!"
change_order,could i swap an iem of order {{Order Number}},"Happy to get your message to us regarding your request to swap an item from order number {{Order Number}}. We understand that you would like assistance with this process. To proceed with the swap, please provide us with the details of the item you would like to swap and the desired replacement item. This will help us ensure a smooth and efficient exchange process for you. We appreciate your cooperation and look forward to assisting you further."
change_order,remove a product from purchase {{Order Number}},"Grateful you reached out to us for assistance in removing a product from your purchase with order number {{Order Number}}. We understand that sometimes changes need to be made to ensure your complete satisfaction. To proceed with the removal, could you please provide us with the specific details of the product you would like to remove? This way, we can promptly make the necessary adjustments to your order. We truly appreciate your patience and cooperation while we work on resolving this matter for you."
change_order,I want to remove some articles from order {{Order Number}},"I see your need to remove some articles from your order with number {{Order Number}}. We value your satisfaction, and we're here to assist you with any modifications you want to make. To accurately process your request, could you please provide the names or details of the items you wish to remove? This way, we can ensure that the necessary adjustments are made to meet your preferences. Thank you for bringing this to our attention, and we look forward to resolving this for you promptly."
change_order,help with deleting an item from order {{Order Number}},"I comprehend that you're requesting assistance with deleting an item from order number {{Order Number}}. We apologize for any inconvenience this has caused, and we're here to help you find a resolution. To better assist you, could you please provide the specific details of the item you would like to remove from your order? With this information, we can take the necessary steps to update your order accordingly. Thank you for your patience as we work together to resolve this matter."
change_order,how to delete an article from order {{Order Number}},"Thanks for getting in touch! I grasp that you would like to delete an article from your order with the number {{Order Number}}. I'm here to assist you with that. To proceed with the deletion, could you please provide me with the specific details of the article you wish to remove? This way, I can ensure that the correct item is removed from your order and make the necessary arrangements for you."
change_order,update purchase00004587345,"I've grasped that you need assistance with updating purchase number {{Order Number}}. We're here to help! Please provide us with the specific changes you would like to make to your purchase. Whether it's modifying the products, updating the shipping address, or any other modifications, we'll do our best to accommodate your request. Your satisfaction is our top priority, and we aim to ensure a seamless experience for you."
change_order,how do I add some items to order {{Order Number}}?,"Thank you for getting in touch with your inquiry about adding items to order number {{Order Number}}. To assist you with this, I recommend following these steps:

1. Visit our website and log in to your account.
2. Navigate to the ""Orders"" section or ""Order History"" page.
3. Locate and select the specific order number you mentioned.
4. Look for the ""Edit Order"" or ""Modify Order"" option. Click on it.
5. You should now be able to add additional items to your order.
6. Once you have added the desired items, review the changes and confirm the update.

If you encounter any difficulties or have any further questions, please don't hesitate to let us know. We're here to help you have the best shopping experience possible."
change_order,how can I modify order {{Order Number}}?,"We understand that you would like to modify order number {{Order Number}}. In order to assist you, could you please provide us with the specific changes you would like to make to your order? Whether it's adding or removing items, changing the shipping address, or any other modifications, we're here to help ensure your order meets your expectations."
change_order,need to change several products of purchase113542617735902,"Your message means a lot! I'm aligned with the idea that you would like to modify several products in your purchase with the number {{Order Number}}. We are here to assist you with this request. Kindly provide us with the specific details of the products you would like to change so that we can make the necessary adjustments for you. Your satisfaction is our top priority, and we want to ensure that your purchase meets your expectations."
change_order,I want information about correcting purchase {{Order Number}},"We're here for you to us with your request for information about correcting purchase number {{Order Number}}. We understand the importance of ensuring accuracy in your purchase, and we're here to assist you. To better address your concern, could you please let us know specifically what kind of correction you are looking to make? Providing additional details will help us provide you with the most accurate and tailored information."
change_order,change order {{Order Number}},We appreciate your request to change order number {{Order Number}}. We want to ensure that you have the best experience with us and that your order reflects exactly what you need. Could you please provide more details about the changes you would like to make? This will help us assist you better and ensure that we meet your expectations. Thank you for your cooperation.
change_order,i have got to modify purchase {{Order Number}} help me,"Thank you for trusting us! I'm fully aware of you need to modify purchase number {{Order Number}}. I'm here to assist you with that. Could you please let me know what specific modifications you would like to make? Whether it's changing items, quantities, or any other adjustments, we'll work together to ensure your purchase meets your expectations."
change_order,"I want to correct order {{Order Number}}, will you help me?","Definitely! I understand that you're seeking assistance with correcting your order with number {{Order Number}}. We're here to help you make the necessary changes and ensure your order is just as you intended. Could you please provide more details on what corrections you would like to make? This will allow us to guide you through the process and provide the most accurate support. Your satisfaction is our top priority, and we'll do everything we can to make sure your order is corrected to your liking."
change_order,i want help to add an item to purchase {{Order Number}},"We're here to help to us for assistance with adding an item to purchase number {{Order Number}}! We understand that you want to make some changes to your order, and we're here to help you. Could you please provide us with the details of the item you would like to add? Once we have the information, we can ensure that the item is included in your purchase. Your satisfaction is our top priority, and we appreciate your patience as we work on this for you."
change_order,want help to change something of order {{Order Number}},"We appreciate your request to adjust something in order number {{Order Number}}. Our team is here to assist you in making the necessary changes. Could you please provide more specific details about what you would like to modify? This will help us ensure that we are addressing your request accurately and promptly. Rest assured, we are committed to providing you with a seamless and satisfactory experience."
change_order,is it possible to update order {{Order Number}}?,"We understand that you're looking to update order number {{Order Number}}. We'll do our best to assist you with this request. To ensure we provide accurate information, could you please specify what updates you would like to make to your order? This will help us provide you with the most suitable solution. We're here to help!"
change_order,i catn add something to purchase {{Order Number}},"I'm sorry to hear that you're unable to add something to your purchase with number {{Order Number}}. I understand how important it is to make changes to your order, and I'm here to assist you. To better understand the issue, may I ask what items you would like to add? By providing these details, I'll be able to find a suitable solution for you."
change_order,add item to order,"Glad you contacted to us! We understand that you would like to add an item to your order. We're here to assist you with that. To ensure a smooth process, could you please provide us with the following details: the order number, the item you'd like to add, and any specific instructions related to this addition? Once we have this information, we'll be able to update your order accordingly."
change_order,I need to switch a product of order {{Order Number}},Thank you for reaching out to us. We understand that you need to switch a product in order number {{Order Number}}. We're here to assist you with this request. Could you please provide more details about the specific product you would like to switch? This information will help us ensure that we process your request accurately and efficiently.
change_order,can I remove an article from order {{Order Number}}?,"Thanks for reaching out to us regarding your request to remove an article from order number {{Order Number}}. We understand that sometimes changes need to be made, and we're here to assist you. To proceed with the removal, please provide us with the details of the article you would like to remove. This will enable us to resolve the issue promptly and ensure your satisfaction. We truly appreciate your patience and cooperation in this matter. How may I assist you further?"
change_order,help me adding some products to order {{Order Number}},"I understood that you need assistance with adding some products to your order with number {{Order Number}}. I'm here to help you with that. Could you please provide me with the details of the products you would like to add to your order? This information will allow me to assist you more efficiently and ensure that your order is updated accurately. Thank you for reaching out to us, and I look forward to helping you with this modification."
change_order,I have to add something to order {{Order Number}},"We understand that you would like to add something to order number #{{Order Number}}. We apologize for any inconvenience caused and we appreciate your patience. To assist you better, could you please provide more details on what you would like to add to your order? This will enable us to ensure a seamless ordering experience for you."
change_order,help me change something of order {{Order Number}},"Thank you for reaching out to us regarding the changes you'd like to make to order number {{Order Number}}. We understand the importance of ensuring your order meets your expectations. To better assist you, could you please provide more details about the specific changes you would like to make? This will enable us to provide you with the most accurate assistance and ensure your complete satisfaction. Your feedback is invaluable to us, and we are here to help you every step of the way."
change_order,could I update order {{Order Number}}?,"I understand your request to update order number {{Order Number}}. Our team is here to assist you in making any necessary changes to your order. To better assist you, could you please provide more details about the updates you would like to make? Whether it's modifying the items, delivery address, or any other specific requirement, we will do our best to accommodate your request. Your satisfaction is our top priority, and we appreciate your patience as we work on resolving this for you."
change_order,how do i delete a product from order {{Order Number}},"Thanks for dropping us a line to us with your query about removing a product from order number {{Order Number}}. I understand the importance of making adjustments to your order, and I'm here to help. To remove a product, you can follow these steps:

1. Log in to your account on our website.
2. Navigate to the ""Orders"" section or ""Order History.""
3. Locate and select the specific order (order number: {{Order Number}}).
4. Find the product you wish to delete and click on the ""Remove"" button or link next to it.
5. Confirm the deletion when prompted.
6. Your order will be updated, and the product will be removed.

If you encounter any difficulties or require further assistance, please don't hesitate to let me know. Your satisfaction is our priority, and we'll do our best to ensure a seamless ordering experience."
change_order,i need assistance switching an item of order {{Order Number}},"We appreciate your request to switch an item in order number {{Order Number}}. We acknowledge that sometimes changes are necessary to ensure you receive exactly what you need. To begin the process, could you please provide more details about the item you would like to switch and the replacement item you have in mind? Our team is here to help and make sure your satisfaction is met."
change_order,problem with deleting something from purchase {{Order Number}},"I certainly recognize the importance of being able to delete an item from your purchase with order number {{Order Number}}. Our goal is to ensure that you have complete control over your order and can make any necessary adjustments. To assist you better, could you please provide more details about the specific item you would like to delete? This will allow us to address your concern promptly and accurately. Thank you for your cooperation and for choosing our service."
change_order,I can't swap some items of purchase {{Order Number}},"Apologies for the inconvenience caused by the inability to swap some items in purchase number {{Order Number}}. We are committed to resolving this issue for you as quickly and efficiently as possible. To better assist you, could you please provide more details about the items you would like to swap? This will enable us to identify the problem and find a suitable solution. Thank you for your patience and cooperation."
change_order,problem with adding a product to order {{Order Number}},"Thank you for bringing this issue to our attention. I apologize for any inconvenience caused by the difficulties you're experiencing in adding a product to order {{Order Number}}. Our team is here to help resolve this for you. To better assist you, could you please provide more details about the problem you're facing? This will allow us to identify the issue and provide you with the most appropriate solution. We appreciate your patience and cooperation in this matter."
change_order,"I made a mistake, I want help editing order {{Order Number}}","We understand that you made a mistake and need help editing your order number {{Order Number}}. We apologize for any inconvenience caused, and we're here to assist you in making the necessary changes. Please provide us with the specific details regarding the edits you would like to make, such as adding or removing items, updating quantities, or modifying any other order details. Our team is dedicated to ensuring your satisfaction, and we'll do our best to accommodate your request."
change_order,I can't change order {{Order Number}},"I'm sorry to hear that you're facing difficulties in changing order number {{Order Number}}. I understand how frustrating this can be. To better assist you, could you please provide more details about the specific issues you're encountering? This information will enable me to offer you a solution tailored to your situation. Thank you for your patience and cooperation in resolving this matter."
change_order,"I need to add a product to purchase {{Order Number}}, help me","Firstly, thank you for contacting us and sharing your concern about adding a product to purchase number {{Order Number}}. We understand the importance of making adjustments to your purchase, and we'll do our best to assist you. In order to add a product to your purchase, we kindly request you to provide us with the following details: the name or description of the product you would like to add and any other relevant information such as its SKU or item number if available. This information will help us ensure that the product is added accurately and your purchase reflects your preferences. We appreciate your cooperation and look forward to resolving this for you. How can we further assist you today?"
change_order,change some items of order {{Order Number}},"I appreciate your request to change some items in your order with the number {{Order Number}}. We understand that sometimes adjustments are necessary to ensure your complete satisfaction. To facilitate this process, could you please provide me with the specific details of the items you would like to modify? Our goal is to assist you promptly and accurately."
change_order,i missed several items in purchase {{Order Number}},"Appreciate you reaching out to us regarding the missing items in your purchase with the number {{Order Number}}. I apologize for any inconvenience this may have caused. To assist you further, could you please provide the specific details of the items that were missing? This will help us take the necessary actions to address the issue and ensure your complete satisfaction. We appreciate your patience and cooperation in resolving this matter."
change_order,help to remove several items from order {{Order Number}},"I appreciate you reaching out to us for assistance with removing multiple items from order number {{Order Number}}. Rest assured, I'm here to help! To make sure I accurately address your request, could you please provide me with the specific items you would like to remove? Once I have this information, I'll proceed with the necessary actions to ensure your order is exactly as you desire. Thank you for your patience and cooperation."
change_order,updateorder {{Order Number}},"We're listening! I'm keyed into the fact that you need assistance with updating a product in your purchase with the number {{Order Number}}. I'm here to help you with that. To proceed with the update, please provide me with the details of the item you would like to change. This way, we can ensure that your purchase is exactly as you desire. Feel free to ask any questions or share any concerns you may have throughout this process."
change_order,how to switch a product of order {{Order Number}}?,"We understand that you would like assistance with switching a product for order number {{Order Number}}. We're here to help you with that! To proceed with the switch, please provide us with the details of the product you'd like to switch and the replacement product you would prefer. Once we have this information, we will guide you through the process and ensure a smooth transition. Your satisfaction is our priority, and we appreciate your patience as we work on resolving your request."
change_order,how to switch some items of purchase {{Order Number}},"We appreciate your inquiry to us about switching items in your purchase with the number {{Order Number}}. We understand that sometimes adjustments are necessary to ensure your satisfaction. To assist you further, please let us know which specific items you would like to switch, and we will be happy to help facilitate the change for you. Your feedback and requests are vital in helping us improve our services and meet your needs. How else can we assist you today?"
change_order,how can i swap several items of purchase {{Order Number}},"We understand that you are interested in swapping several items from purchase number {{Order Number}}. We appreciate your request and are here to assist you. To proceed with the item swap, we kindly ask you to provide us with the specific items you would like to exchange and the desired replacement items. Our team will then review the request and ensure that the swap is processed accurately. Feel free to provide us with any further details or questions you may have regarding the item swap process. Our goal is to make sure you are completely satisfied with your purchase."
change_order,could i delete a item from purchase {{Order Number}},"We understand that you need assistance with deleting an item from purchase number {{Order Number}}. Our team is here to help you with that. In order to provide you with the best possible solution, could you please let us know the specific item you would like to delete from your purchase? Your satisfaction is our top priority, and we want to ensure that your purchase meets your expectations."
change_order,want help deleting something from order {{Order Number}},We understand that you need assistance with deleting an item from order number {{Order Number}}. Our team is here to help you resolve this issue promptly. Can you please provide the details of the item you wish to delete? This will enable us to assist you more effectively.
change_order,I have to change an item of purchase {{Order Number}},"Thank you for letting us know that you need to change an item in purchase number {{Order Number}}. We understand that sometimes modifications are necessary to ensure your complete satisfaction. In order to proceed with the change, please provide us with the details of the item that you would like to replace or update. Once we have the necessary information, we will promptly assist you in making the necessary changes. We appreciate your cooperation and look forward to resolving this matter for you."
change_order,i want help to update order {{Order Number}},"We understand that you would like assistance with updating order number #{{Order Number}}. Our team is here to help you make the necessary changes to ensure your satisfaction. Please provide us with detailed information about the specific updates you would like to make so that we can assist you accurately and efficiently. Your feedback is important to us, and we want to ensure that your order meets your expectations."
change_order,how can i remove several items from purchaswe {{Order Number}},"Thank you for contacting us regarding the removal of several items from purchase number {{Order Number}}. We understand that you need assistance with this matter and we are here to help. To remove items from your purchase, you can follow these steps: 
1. Log in to your account on our website or app.
2. Go to your order history or purchase details page.
3. Look for the specific purchase with the number {{Order Number}}.
4. Within the purchase details, you should see a section or option to manage or edit your items.
5. Select the items you wish to remove and follow the prompts to complete the removal process.
If you encounter any difficulties or have any questions along the way, please don't hesitate to reach out to our customer support team. They are available {{Customer Support Hours}} at {{Customer Support Phone Number}} or through the Live Chat on our website at {{Website URL}}. We're here to ensure your satisfaction and make this process as smooth as possible."
change_order,assistance changing order {{Order Number}},"We understand that you are seeking assistance in changing your order with the number #{{Order Number}}. We apologize for any inconvenience caused by this. Rest assured, we are here to help you make the necessary modifications to your order. To better assist you, could you please provide more details about the changes you would like to make? This will enable us to provide you with accurate and efficient support. Thank you for reaching out to us, and we appreciate your patience as we work towards resolving this matter to your satisfaction."
change_order,adding article to order {{Order Number}},"Thanks for dropping us a line to us regarding adding an article to your order with the number {{Order Number}}. We understand the importance of ensuring your order meets your expectations. To assist you best, could you please provide us with the details of the article you would like to add? This will allow us to process your request accurately and efficiently. We appreciate your cooperation in making your shopping experience with us seamless and enjoyable."
change_order,can ya help me to switch an item oforder {{Order Number}},"I'll take care of it! I understand that you would like to switch an item for order number {{Order Number}}. Our team is here to help you make the necessary changes. To assist you further, could you provide me with the specific item you would like to switch and the item you would like to replace it with? This way, we can ensure that your order is updated accurately and to your satisfaction."
change_order,"I need to correct order {{Order Number}}, could you help me?","Thank you for getting in touch to us regarding your request to correct order number {{Order Number}}. We understand the importance of ensuring that your order is accurate and meets your expectations. To assist you with the necessary corrections, could you please provide us with more details about the specific changes you would like to make? This will help us resolve any issues promptly and ensure that your order is perfect."
change_order,"I want to edit order {{Order Number}} , will you help me?",I've understood you want to edit your order with number {{Order Number}}. We are here to provide the assistance you need. Please let us know specifically which details or items you would like to edit so that we can guide you accordingly. Our main goal is to ensure your satisfaction and make any necessary adjustments to your order.
change_order,help me to delete some products from purchase {{Order Number}},"We understand that you need assistance with deleting some products from purchase number {{Order Number}}. We apologize for any inconvenience caused, and we're here to help resolve this matter promptly. To proceed with your request, could you please provide us with the specific product names or item numbers that you would like to remove? Our team will take immediate action to make the necessary adjustments to your purchase. Your satisfaction is our priority, and we appreciate your patience as we work on resolving this for you."
change_order,how to switch an item of purchase {{Order Number}},"We appreciate you reaching out to us with your request to switch an item in purchase number {{Order Number}}. We understand the importance of making sure you're satisfied with your purchase. To assist you with this, could you please provide us with the details of the item you would like to switch and let us know the replacement item you'd prefer? This way, we can ensure a smooth and seamless process for you. Thank you for your cooperation as we work towards resolving this for you."
change_order,need to delete several items from order {{Order Number}},"First, let me express my understanding of your desire to delete several items from order {{Order Number}}. We value your satisfaction and are here to assist you with any adjustments you need to make to your order. To ensure we get it right, could you kindly provide me with a list of the items you wish to delete? Your input is highly appreciated as it helps us improve our services. How has your overall experience been with us so far?"
change_order,help me delete an article from purchase {{Order Number}},"We understand that you need assistance with deleting an article from purchase number {{Order Number}}. Rest assured, we are here to help you with that. To ensure accuracy, could you please provide us with the specific details of the article you would like to remove? Once we have the details, we will promptly proceed with the necessary changes. Your satisfaction is our priority, and we appreciate your cooperation in this matter."
change_order,I want help to modify purchase {{Order Number}},"We understand that you need assistance with modifying purchase number {{Order Number}}. We apologize for any inconvenience caused, and we are here to help address your concerns. Please provide us with specific details regarding the modifications you would like to make to your purchase, such as the items you want to add, remove, or any other changes you'd like to make. Your satisfaction is our top priority, and we will do our best to accommodate your request."
change_order,i cant swap an item of order {{Order Number}},"I apologize for any inconvenience caused by your inability to swap an item from order number {{Order Number}}. To assist you with this matter, could you please provide me with the details of the item you wish to swap and the desired replacement? Additionally, if there are any specific reasons preventing you from carrying out the swap, kindly let me know. I'm here to help find a suitable solution to address this issue promptly and ensure your satisfaction."
change_order,can i remove a product from purchase {{Order Number}},"I'm picking up what you're putting down, your need to remove a product from your purchase with the order number {{Order Number}}. Our team is here to assist you with this request. Please provide us with the details of the specific product you would like to remove, such as the name or SKU. Once we have this information, we will promptly proceed with the necessary actions to ensure your satisfaction."
change_order,I need assistance correcting purchase {{Order Number}},"We're here for you to us for assistance with correcting purchase number {{Order Number}}. We understand the importance of ensuring that your purchase is accurate and meets your expectations. To better assist you, could you please provide more details about the correction you need? This will help us provide you with the most appropriate solution and address your concern effectively. We appreciate your proactive approach in reaching out to us, and we're here to make sure your purchase is corrected to your satisfaction."
change_order,I want assistance editing purchase {{Order Number}},"Appreciate your message to us regarding the need to edit your purchase with the order number {{Order Number}}. I completely understand the importance of making changes to your order to ensure your complete satisfaction. To assist you with editing your purchase, could you please provide me with the specific details of the changes you would like to make? By providing us with the necessary information, we can swiftly address your request and make the necessary modifications. We appreciate your cooperation and look forward to resolving this matter for you."
change_order,i have to change purchase {{Order Number}} i need help,Thanks for dropping us a line to us for assistance with changing your purchase with order number {{Order Number}}. We understand that sometimes adjustments are necessary to ensure your complete satisfaction. Could you please provide more details about the changes you would like to make? This will allow us to better assist you in modifying your order accordingly.
change_order,can I change several articles of order {{Order Number}}?,"Positively! I understand that you're looking to change several articles in your order with the number {{Order Number}}. We're here to assist you with that. To proceed, could you please provide the specific details of the articles you would like to change? This will help us ensure that we accurately process your request and make the necessary adjustments. We appreciate your cooperation and look forward to resolving this matter for you."
change_order,wanna edit order {{Order Number}},"We appreciate your request to edit order number {{Order Number}}. It's important to us that we assist you in making any necessary changes to your order. Please provide us with the specific details of the modifications you would like to make, and we will ensure that they are taken care of promptly. Your satisfaction is our top priority, and we're here to help you every step of the way."
change_order,need help removing several products from order {{Order Number}},"Happy to get your message to us regarding your request to remove several products from order number {{Order Number}}. We understand the importance of having the order just the way you want it. To assist you better, could you please provide us with the specific details of the products you would like to remove? This will allow us to address your request accurately and ensure your satisfaction."
change_order,can I delete several products from order {{Order Number}}?,"We completely understand that you would like to delete several products from order number {{Order Number}}. Our main goal is to ensure your satisfaction with your order, so we are more than happy to assist you with this request. To proceed with the deletion, please provide us with the specific products you would like to remove from your order. This will allow us to promptly make the necessary changes for you. We appreciate your patience and cooperation as we work towards resolving this for you."
change_order,I cannot swap several articles of order {{Order Number}},"We understand your concern about swapping several items in order number {{Order Number}}. To assist you with this request, could you please provide us with more details about the specific articles you'd like to swap? This information will enable us to find the best solution and ensure your satisfaction."
change_order,"I have to correct order {{Order Number}}, could you help me?","We appreciate you reaching out to us regarding your request to correct order number {{Order Number}}. Our main goal is to ensure your complete satisfaction with your order. To assist you with correcting the order, could you please provide more details about the specific changes you would like to make? This will help us better understand your needs and provide you with the most accurate assistance."
change_order,assistance to remove an item from order {{Order Number}},"We understand your request to remove an item from order number {{Order Number}}. Our goal is to ensure your satisfaction, so we're here to help. To proceed with the removal, could you please provide the details of the item you wish to remove? This will allow us to process your request accurately and efficiently. We appreciate your patience and cooperation in this matter."
change_order,editing purchase {{Order Number}},"Glad you got in touch to us regarding your request to edit purchase number {{Order Number}}. We understand the importance of making adjustments to your purchase, and we are here to assist you with that. To ensure we provide you with accurate information and guide you through the process smoothly, could you please let us know specifically what changes you would like to make? We will do our best to accommodate your request and ensure your satisfaction."
change_order,how do I modify purchase {{Order Number}}?,"Thanks for dropping us a line to us regarding your purchase number {{Order Number}} and your request for modifications. We understand the importance of making changes to your order to ensure your satisfaction. To modify your purchase, you can follow these steps:

1. Login to your account on our website or app.
2. Navigate to your account dashboard.
3. Locate and click on the ""Orders"" or ""Purchase History"" section.
4. Find the specific purchase with the order number {{Order Number}}.
5. Click on the ""Modify"" or ""Edit"" option next to the order details.
6. Review the items in your purchase and make the necessary changes.
7. Update the quantity, remove items, or add new items to your order.
8. After making the modifications, click on the ""Save"" or ""Update"" button.

If you encounter any difficulties or need further assistance, please don't hesitate to reach out to our customer support team. We'll be happy to guide you through the process and ensure your purchase is modified according to your preferences."
change_order,I need assistanc with adding an item to order {{Order Number}},"We acknowledge your request to add an item to order number {{Order Number}}. Our team is here to assist you in making the necessary modifications. To better understand your requirements, could you please provide more details about the item you would like to add? This will allow us to ensure a seamless and satisfactory ordering experience for you. Feel free to share any specific preferences or requirements you may have. We appreciate your collaboration in helping us serve you better and look forward to resolving this request."
change_order,i have got to delete an article from purchase {{Order Number}},"We understand that you need to delete an article from purchase number {{Order Number}}. Our team is here to assist you with this request. Please provide us with the details of the article you would like to remove, such as the name or SKU. This will help us ensure that we take the necessary steps to delete the correct item from your purchase. We appreciate your cooperation and look forward to resolving this for you."
change_order,remove something from order {{Order Number}},"I understand your request to remove an item from order number {{Order Number}}. We apologize for any inconvenience caused and we're here to assist you with this modification. In order to proceed, could you please provide the details of the item you would like to remove? This will enable us to take the necessary steps to ensure your order is adjusted to your satisfaction. Thank you for your patience and cooperation in this matter."
change_order,I would like to add something to purchase {{Order Number}},"Assuredly! I understand that you're looking to add something to your purchase with the number {{Order Number}}. To assist you with this, could you please provide me with the specific item you would like to add? This way, I can ensure that we make the necessary adjustments and process your request accurately. Your satisfaction is our utmost priority, and we're here to make sure your purchase meets your expectations."
change_order,I want help to edit purchase {{Order Number}},"I've come to understand that you need assistance in editing purchase number {{Order Number}}. We want to make sure that your purchase meets your expectations, so please provide us with the specific details of the changes you would like to make. Whether it's modifying the quantity, updating the shipping address, or selecting different products, we're here to help you through the process. Feel free to let us know your preferences, and we'll do our best to accommodate your request. Your satisfaction is our priority!"
change_order,I forgot to include some products in purchase {{Order Number}},"We understand that you forgot to include some products in purchase number #{{Order Number}}. We apologize for any inconvenience caused. To assist you with adding these items, could you please provide the details of the products you would like to include? By doing so, we can ensure that your purchase is accurate and meets your expectations. Thank you for bringing this to our attention, and we appreciate your understanding as we work towards resolving this issue."
change_order,how canI change order {{Order Number}}?,"We appreciate your inquiry on how to make changes to order number {{Order Number}}. To assist you with this, please follow these steps:

1. Log in to your account on our website.
2. Navigate to the ""Orders"" or ""Order History"" section.
3. Locate and select the specific order you wish to modify.
4. Look for an option or button labeled ""Edit"" or ""Modify Order.""
5. Click on the ""Edit"" or ""Modify Order"" button to access the order details.
6. Review the items in your order and make the necessary changes, such as adding or removing items.
7. Once you have made the desired modifications, confirm the changes and proceed to the checkout page.
8. Complete the checkout process to finalize your modified order.

If you encounter any difficulties or have further questions, please feel free to reach out to our customer support team. We're here to assist you every step of the way and ensure your satisfaction."
change_order,"I want to switch an item of order {{Order Number}}, how can I do it?","Thank you for contacting to us about switching an item in order number {{Order Number}}. I understand the importance of getting your order just right. To assist you with this request, I would recommend reaching out to our customer service team directly. They will have access to your order details and be able to guide you through the process of switching the item. Our customer service team is available {{Customer Support Hours}} at {{Customer Support Phone Number}} or through the Live Chat on our website at {{Website URL}}. They will be more than happy to assist you promptly and ensure that your order is exactly what you desire."
change_order,"I missed a product in order {{Order Number}}, can I add it?","I'm glad you contacted us to us about missing a product in your order with the number {{Order Number}}. I understand that adding the missed product is important to you. To assist you further, may I know the details of the product that you would like to add? Once I have the information, I will do my best to help you include it in your order."
change_order,how to change something of order {{Order Number}},"I grasp that you would like to change something in your order with the number {{Order Number}}. We're here to assist you with this. Could you please provide more details about what exactly you would like to change? It could be the quantity of an item, the size, or any other specific modification you have in mind. By understanding your specific request, we can ensure that we provide accurate guidance to address your needs effectively."
change_order,problem with swapping something of order {{Order Number}},"Thank you for bringing this issue to our attention. I apologize for any inconvenience caused. In order to better assist you, could you please provide more details about the problem you are facing while swapping items in order number {{Order Number}}? This information will allow us to investigate and offer you an appropriate solution. Your satisfaction is our priority, and we are committed to resolving this issue for you as efficiently as possible."
change_order,itry to swap several damn products of order {{Order Number}},"We appreciate you reaching out to us for assistance with swapping several items in your order with order number {{Order Number}}. We understand how important it is for you to make these modifications. To ensure we can help you effectively, could you please provide the specific details of the items you would like to swap? Your satisfaction is our top priority, and we're here to assist you every step of the way."
change_order,can I add a damn item to purchase {{Order Number}}?,"Firstly, I appreciate your reaching out to us regarding the addition of an item to purchase with order number {{Order Number}}. I completely understand your eagerness to modify your order and ensure it meets your expectations. To assist you further, could you please provide the details of the item you wish to add? This will help us process your request accurately and make the necessary adjustments. We value your feedback and are committed to providing you with a seamless shopping experience."
change_order,hw can I modify purchase {{Order Number}}?,"We appreciate your inquiry regarding the modification of purchase {{Order Number}}. We are here to assist you with any changes you would like to make. To better understand your specific needs, could you please provide some details about the modifications you would like to make to your purchase? This will help us provide you with accurate guidance and ensure that your purchase meets your expectations. We are committed to your satisfaction and look forward to helping you with your purchase modification."
change_order,change purchase {{Order Number}},"Understood, you would like to change purchase number {{Order Number}}. I'm here to assist you with that. Could you please provide more details about what specific changes you would like to make to your purchase? This will help me better understand your requirements and offer appropriate solutions."
change_order,modify ordfer {{Order Number}},"Appreciate you reaching out to us regarding your request to modify order number {{Order Number}}. We understand the importance of making changes to ensure your complete satisfaction. To assist you better, could you please provide more details about the specific modifications you would like to make? Our team is here to help and will do our best to accommodate your needs."
change_order,i need help changing several articles of purchase {{Order Number}},"I've picked up that you need assistance with changing several articles in your purchase with the number {{Order Number}}. Thank you for reaching out to us. To ensure that we can provide you with the best possible support, could you please specify the articles you would like to change? This will allow us to assist you promptly and make sure your purchase meets your expectations."
change_order,chnaging order {{Order Number}},"Glad you contacted us! I'm clearly cognizant that you need assistance with changing order number {{Order Number}}. I apologize for any inconvenience caused, and I'm here to help. To better assist you, could you please provide more details about what changes you would like to make to your order? Whether it's modifying the items, quantities, or any other specific requests, please let me know so that we can work towards a solution together."
change_order,modify order {{Order Number}},"Thank you for bringing up the request to modify order number {{Order Number}}. We understand that you need assistance with making changes to your order, and we are here to help. To provide you with the most accurate support, could you please let us know specifically what modifications you would like to make? Your feedback is essential to ensuring your complete satisfaction."
change_order,problems with deleting some productsfrom order {{Order Number}},"We appreciate your message! It's clear to me that you're experiencing difficulties with deleting some products from your order with the number {{Order Number}}. I apologize for any inconvenience this may have caused you. To better assist you, can you please provide more details about the specific products you are trying to delete? This will allow us to investigate the issue and find the best solution for you. Your feedback is highly valuable to us, and we are committed to resolving this matter as quickly as possible."
change_order,i made a mistake i wanna change purchase {{Order Number}},"Glad you contacted to us. We completely understand that mistakes happen, and we're here to assist you in changing your purchase with order number #{{Order Number}}. To ensure we provide you with accurate information and guide you through the process, could you please specify the details of the mistake you made in your purchase? This will enable us to offer you the most appropriate solution and ensure you have a satisfactory experience. We appreciate your patience and cooperation in resolving this issue for you."
change_order,want help switching some damn products of purchase {{Order Number}},"We appreciate your reaching out regarding the need to switch some products of purchase order number {{Order Number}}. We understand that mistakes happen and sometimes you may need to make changes to your order. We are here to help you with that.

To assist you better, could you kindly provide us with the specific details of the products you would like to switch? Once we have the details, we can proceed with the necessary modifications to your purchase order.

Rest assured that our goal is to ensure your complete satisfaction with your purchase, and we will do everything we can to accommodate your request. Thank you for your understanding, and we look forward to resolving this matter for you."
change_order,I need help modifying order {{Order Number}},"We understand that you would like to make modifications to order number {{Order Number}}. Your request has been noted, and we are here to assist you. To better support you, could you please provide us with the specific changes you would like to make? Whether it's adding, removing, or updating items in your order, we are dedicated to ensuring your complete satisfaction. Feel free to let us know your requirements, and we will work together to make the necessary adjustments. Your feedback and input are valuable to us as we strive to improve our services. How can we assist you further?"
change_order,help me to add a goddamn item to purchase {{Order Number}},"We appreciate you reaching out to us for assistance with adding an item to your purchase with the number #{{Order Number}}. We understand the importance of this request and we're here to help. To proceed with the addition, could you please provide us with the details of the item you would like to add? Our team will ensure that the necessary adjustments are made to your purchase and that you have a seamless shopping experience."
change_order,I need assistance with adding a product to purchase {{Order Number}},"Thank you for contacting! I certainly recognize that you need assistance with adding a product to purchase number {{Order Number}}. I'm here to help you with that. To ensure accuracy, could you please provide me with the details of the product you would like to add? This way, we can make sure to update your purchase correctly. Your satisfaction is our top priority, and we want to make sure your purchase is exactly as you desire."
change_order,need help swapping a item of purchase {{Order Number}},"We understand that you are seeking assistance with swapping an item in purchase number {{Order Number}}. We apologize for any inconvenience caused and we're here to help. To proceed with the item swap, could you please provide us with more details about the item you would like to swap and the replacement item you have in mind? This information will enable us to process your request accurately and ensure your satisfaction. Thank you for your cooperation."
change_order,help me to change several products of purchase {{Order Number}},"I can relate to the understanding that you need assistance with changing several products in your purchase with number {{Order Number}}. Thank you for reaching out to us for support. To assist you better, could you please provide me with the specific details of the products you would like to change? We want to make sure we fulfill your request accurately and efficiently. Your satisfaction is our priority, and we are here to help you with any modifications you require."
change_order,i want assistance to swap something of purchase {{Order Number}},"We appreciate your request to swap an item in purchase number {{Order Number}}. We understand that sometimes you may need to make changes to your order. To provide you with the best assistance, could you please let us know which specific item you would like to swap and the alternative item you would prefer? This will help us ensure that your preferences are met and your satisfaction is guaranteed. We're here to help you throughout the process, so please feel free to ask any further questions or share any additional concerns you may have."
change_order,how to correct roder {{Order Number}},"I understand your need to correct order number {{Order Number}}. To assist you with this, please follow these steps:

1. Log in to your account on our website or app.
2. Go to the ""My Orders"" section.
3. Locate order number {{Order Number}} and click on it to open the order details.
4. Look for the ""Edit Order"" or ""Modify Order"" option and select it.
5. You will be able to make changes to the items in your order, such as removing or adding products.
6. Review your changes and confirm the modifications.
7. If there are any additional charges or refunds associated with the changes, the system will prompt you to proceed with the payment or issue a refund.
8. After confirming the changes and completing any necessary payment, your order will be updated with the corrected information.

Please note that the availability of the ""Edit Order"" or ""Modify Order"" option may vary depending on the specific order status and our company's policies. If you encounter any difficulties or require further assistance, please don't hesitate to reach out to our customer support team, available {{Customer Support Hours}} at {{Customer Support Phone Number}}, or through the Live Chat on our website at {{Website URL}}. We are here to help ensure your order is accurate and meets your expectations."
change_order,need to change several proucts of order {{Order Number}},"I understand your request to change several products in order number {{Order Number}}. We value your satisfaction and want to ensure that your order is exactly as you want it to be. To assist you with the necessary changes, could you please provide specific details regarding the products you would like to change? This will allow us to quickly process your request and make the necessary adjustments. Your feedback is important to us, and we appreciate the opportunity to serve you better."
change_order,how do I correct purchase {{Order Number}}?,"We understand that you have concerns about correcting your purchase with order number {{Order Number}}. We apologize for any inconvenience this may have caused you. To assist you in making the necessary corrections, could you please provide us with specific details about what needs to be corrected? This will enable us to take immediate action and ensure that your purchase is corrected to your satisfaction. Thank you for your patience and cooperation as we work together to resolve this issue."
change_order,need to edit order113542617735902 how to do it,"Happy to hear from you! I truly understand that you need assistance with editing order number {{Order Number}}. I'm here to help guide you through the process. To make changes to your order, please follow these steps:

1. Log in to your account on our website/app.
2. Navigate to the ""Orders"" section or your ""Account"" page.
3. Locate the specific order with the number {{Order Number}}.
4. Select the order and look for an option or button that allows you to ""Edit"" or ""Modify"" the order.
5. Click on the ""Edit"" or ""Modify"" option and follow the prompts to make the desired changes.
6. Review the changes carefully and confirm them before finalizing the edits.
7. If you encounter any difficulties or have further questions, feel free to reach out to our customer support team for further assistance.

Please note that certain changes may be subject to availability, and any additional costs or refunds will be adjusted accordingly. We appreciate your patience and understanding throughout this process. Let me know if there's anything else I can assist you with."
change_order,need to change something of purchase {{Order Number}},"We appreciate you reaching out to us for assistance in making changes to your purchase with the number {{Order Number}}. We understand that sometimes modifications are necessary to ensure your complete satisfaction. Could you please provide more details about the specific changes you would like to make? Our team is here to help you every step of the way, so please don't hesitate to let us know how we can assist you further."
change_order,could I edit order {{Order Number}}?,"I appreciate you reaching out to us for assistance with editing your order number {{Order Number}}. We understand that sometimes changes need to be made, and we're here to help you with that. To ensure we provide you with the most accurate information, could you please let us know specifically what changes you would like to make to your order? This will help us guide you through the process and ensure your complete satisfaction. Thank you for allowing us the opportunity to assist you."
change_order,remove product from purchase {{Order Number}},"Thank you for bringing your concern to our attention. We understand that you want to remove a product from purchase order number {{Order Number}}. We apologize for any inconvenience this may have caused. To assist you better, could you please provide us with the details of the product you wish to remove? Knowing the specific product will help us take immediate action to address your request and ensure your complete satisfaction."
change_order,I can't remove an item from purchase {{Order Number}},"Thank you for your message to us about the issue you're facing while trying to remove an item from purchase number {{Order Number}}. I apologize for the inconvenience caused. To assist you better, could you please provide more details about the item you wish to remove? Once we have the necessary information, we'll ensure that the item is promptly removed from your purchase. Your satisfaction is our priority, and we'll do our best to resolve this issue for you."
change_order,I cannot update purchase {{Order Number}},"I appreciate that you are unable to update purchase with order number {{Order Number}}. I apologize for any inconvenience this may have caused. To better assist you, could you please provide more details about the issue you are facing? This information will help us to find the best solution for you."
change_order,need help deleting some articles from order {{Order Number}},"We appreciate your inquiry to us about deleting some articles from your order with the number #{{Order Number}}. We understand that you would like assistance with this process, and we're here to help. To ensure we address your request accurately, could you please provide us with the specific articles you would like to delete from your order? Once we have this information, we will work swiftly to make the necessary updates. Your satisfaction is our top priority, and we appreciate your patience as we assist you with this matter."
change_order,swap some products of order {{Order Number}},"Thank you for bringing this to our attention. I understand that you would like to swap some products in your order with the number {{Order Number}}. Our team is here to assist you with this request. To ensure we handle the swap accurately, could you please provide the specific details of the products you would like to exchange and the replacements you would like to receive? This will enable us to quickly process the swap and ensure your satisfaction."
change_order,wanna add some articles to order {{Order Number}},Thank you for contacting us regarding your order number {{Order Number}} and your request to add articles. We are here to assist you with that. Could you please provide the specific articles you would like to add to your order? This information will help us ensure that your order is updated accurately.
change_order,would it be possible to swap an article of order {{Order Number}}?,"We appreciate your request to swap an article in order number {{Order Number}}. Our goal is to ensure your complete satisfaction with your purchase. To assist you further, could you please provide the details of the article you would like to swap and the desired replacement? This will help us process your request accurately and efficiently. We are here to make sure you have a smooth shopping experience."
change_order,can uhelp me to swap something of order {{Order Number}},"I've been informed that you need assistance with swapping an item in your order with the number {{Order Number}}. We value your satisfaction, and we're here to help. To proceed with the swap, can you please provide more details about the item you want to replace and the specific item you'd like to swap it with? This information will allow us to assist you better and ensure a smooth process. Thank you for bringing this to our attention, and we'll do our best to assist you promptly."
change_order,need help changing some articles  of order {{Order Number}},"I fathom that you need assistance with changing some articles in your order with number {{Order Number}}. We are here to help you with that. To ensure that we process your request accurately, could you provide specific details about the articles you would like to change? Your input will enable us to make the necessary adjustments and ensure your satisfaction. Thank you for reaching out to us!"
change_order,how can I delete several ites from purchase {{Order Number}}?,"We understand that you're looking to remove several items from purchase number {{Order Number}}. We apologize for any inconvenience this may have caused you. To assist you with this, could you please provide us with the specific items you would like to delete? This information will enable us to effectively address your request and ensure your satisfaction with your purchase."
change_order,I want to change several products of order {{Order Number}},"First of all, thank you for your request to change several products in order {{Order Number}}. We understand that sometimes you may need to modify your order to better suit your needs. To proceed with the changes, please provide us with the details of the specific products you wish to change. This will allow us to assist you more effectively and provide suitable alternatives if necessary."
change_order,"I have to change an item of purchase {{Order Number}}, help me","Thank you for contacting to us for assistance with changing an item in your purchase with order number {{Order Number}}. We understand the importance of having your order exactly as you desire, and we're here to help you with that. To make sure we make the correct changes, could you please provide us with the details of the item you want to change and the desired replacement? Additionally, if you have any specific preferences or requirements, please let us know so that we can accommodate them. Your satisfaction is our priority, and we'll do our best to ensure that the modification process is smooth and efficient."
change_order,assistance to remove an article from order {{Order Number}},"I've got that you require assistance in removing an article from your order with the number {{Order Number}}. I apologize for any inconvenience this may have caused you. To ensure accurate and prompt resolution, could you please provide me with the specific details of the article you would like to remove? Your satisfaction is our top priority, and we will do our best to fulfill your request."
change_order,hlw do I add several products to purchase {{Order Number}}?,"We appreciate you reaching out to us with your request to add several products to purchase number {{Order Number}}. We understand that you want to make changes to your order, and we're here to assist you. To add products, you can follow these simple steps: first, visit our website and log in to your account. Then, navigate to your order history or the specific purchase page. You should see an option to add items to your purchase. Click on that, and it will take you to our product catalog where you can browse and select the additional products you wish to include. Once you have made your selections, proceed to the checkout page and complete the purchase. If you encounter any difficulties or have further questions, please feel free to ask, and we will guide you through the process. We appreciate your business and are committed to ensuring your satisfaction."
change_order,need help to modify purchase {{Order Number}},"Thank you for getting in touch with us regarding the need to modify purchase number {{Order Number}}. We understand that sometimes changes are necessary to ensure that your order meets your expectations. To assist you further, could you please provide more details on the specific modifications you would like to make? This will allow us to address your request accurately and efficiently. Our goal is to ensure that you have a seamless shopping experience with us."
change_order,"I have to update purchase {{Order Number}}, how could I do it?","We understand that you need to update your purchase with the number #{{Order Number}}. Don't worry, we're here to assist you. To make any necessary changes to your purchase, please follow these steps:

1. Visit our website and log in to your account.
2. Navigate to the ""My Orders"" section.
3. Locate the order with the number #{{Order Number}} that you would like to update.
4. Select the option to modify or edit your purchase.
5. Follow the prompts to make the desired changes to your order, such as updating quantities, removing or adding items, or modifying shipping information.
6. Review the changes carefully and confirm the updates.
7. Once the changes are confirmed, you will receive a confirmation email with the updated details of your purchase.

If you encounter any difficulties during the process or have any further questions, please don't hesitate to reach out to our customer support team at {{Customer Support Phone Number}} or through our Live Chat on our website. We're available {{Customer Support Hours}} to assist you."
change_order,"I have got to modify purchase {{Order Number}}, how do I do it?","Glad you contacted to us with your request to modify purchase number {{Order Number}}. I completely understand your need to make changes to your purchase, and I'm here to guide you through the process. To modify your purchase, please follow these steps:
1. Log into your account on our website or app.
2. Navigate to your order history or purchase details.
3. Locate the specific purchase you want to modify.
4. Look for an option or button that allows you to make changes to your purchase.
5. Click on that option or button and follow any additional prompts or instructions.
6. Make the necessary modifications to your purchase, such as updating item quantities, changing item variants, or removing items.
7. Review the changes and ensure they are correct.
8. Proceed to checkout or save your modified purchase.

If you encounter any issues or need further assistance during the process, please don't hesitate to reach out to our customer support team. They are available {{Customer Support Hours}} at {{Customer Support Phone Number}} or through the Live Chat on our website at {{Website URL}}. We're here to help you every step of the way!"
change_order,problems with swapping a product of purchase {{Order Number}},"We understand that you're facing difficulties with swapping a product for purchase number {{Order Number}}. Our team is here to assist you in resolving this issue. Could you please provide us with more details about the specific problems or errors you're encountering? This information will help us find the best solution for your situation. Your satisfaction is our top priority, and we're committed to ensuring a smooth and seamless product swapping process for you."
change_order,I'm trying to swap a  product of order {{Order Number}},We understand that you're attempting to swap a product from order number {{Order Number}}. We are here to assist you with this request. Could you please provide us with the details of the specific product you would like to swap? This will help us process your request accurately and efficiently.
change_order,problem with changing some products of purchase {{Order Number}},"I'm glad you contacted us to us regarding the problem you're facing with changing some products in your purchase with the number {{Order Number}}. We understand that making changes to your order is important and we're here to assist you. To better address the issue, could you please provide more details about the specific products you would like to change? This will help us find the best solution for you. We appreciate your patience and cooperation as we work towards resolving this matter to your satisfaction."
change_order,remove an itemfrom purchase {{Order Number}},"I'm glad you contacted us to us regarding the removal of an item from purchase number {{Order Number}}. We understand that you may have changed your mind or no longer require a specific item. We are here to assist you in making the necessary modifications to ensure your complete satisfaction. To proceed with the removal, we kindly request you to provide us with the details of the item you wish to remove. Your feedback is invaluable in helping us refine your purchase and improve our services."
change_order,need help deleting something from purchase {{Order Number}},"I grasp that you need assistance with deleting something from your purchase with the number {{Order Number}}. We apologize for any inconvenience caused. To proceed with the deletion, could you please provide more details about the specific item you would like to remove? This information will help us accurately address your request and ensure your satisfaction. Thank you for your patience as we work on resolving this matter for you."
change_order,update purchase00123842,"Thank you for getting in touch to us regarding your purchase with the code {{Order Number}} and your request to update it. We value your satisfaction and would be happy to assist you with any changes you'd like to make. To better understand your needs, could you please provide more details about what specific updates or modifications you would like to make to your purchase? Your feedback is vital to ensuring that we meet your expectations and make the necessary adjustments."
change_order,could I add a product to order {{Order Number}}?,"We're here to help to us about your request to add a product to order number {{Order Number}}. We appreciate your proactive approach in making adjustments to your order. To ensure we are on the same page, could you please let us know the details of the product you would like to add? This will help us process your request accurately and efficiently. We're here to assist you in any way we can, so feel free to provide us with all the necessary information."
change_order,switch a product of order {{Order Number}},"I get it your request to switch a product in your order with number {{Order Number}}. Our team is dedicated to providing you with the best shopping experience, and we are here to assist you with this process. Kindly provide us with the specific details of the product you would like to switch, including the product name, SKU, or any other relevant information. Additionally, please let us know which product you would like to replace it with. This information will help us initiate the necessary actions to fulfill your request accurately and promptly."
change_order,change  order {{Order Number}},"We understand that you would like to make changes to your order with the number {{Order Number}}. Our team is dedicated to providing excellent customer service and assisting you with any modifications you need. To ensure we address your request accurately, could you please provide specific details about the changes you would like to make? Whether it's updating the products or adjusting the quantities, we are here to help customize your order. Feel free to let us know your preferences so we can proceed accordingly."
change_order,want assistance switching an item of purchase {{Order Number}},"I grasp that you need assistance in switching an item for purchase number {{Order Number}}. We're here to help! To proceed with the desired change, could you please provide us with more details about the item you would like to switch, such as its name or description? This information will allow us to make the necessary adjustments in your order. Rest assured, we'll make sure to help you with the item switch process smoothly."
change_order,how to switch some items of purchase {{Order Number}}?,"Appreciate you reaching out to us with your request to switch some items in purchase number {{Order Number}}. I understand that you would like to make changes to your order, and I'm here to assist you. To switch the items, please follow these steps:

1. Log in to your account on our website or app.
2. Go to your ""Order History"" or ""My Purchases"" section.
3. Locate the purchase with order number {{Order Number}}.
4. Click on the ""Modify"" or ""Edit"" option next to the purchase details.
5. On the modification page, you should see a list of the purchased items.
6. Select the items you wish to switch and choose the new items you want to replace them with.
7. Review the changes and confirm the modification.
8. If there are any price differences between the items you're switching, you may need to make a payment or receive a refund. The system will guide you through this process.
9. Once you've successfully switched the items, you will receive a confirmation email with the updated order details.

If you encounter any difficulties during this process or have any additional questions, please don't hesitate to reach out to our customer support team for further assistance. We're available {{Customer Support Hours}} at {{Customer Support Phone Number}} or through the Live Chat on our website at {{Website URL}}. We're here to help make your shopping experience as smooth as possible."
change_order,help correcting order {{Order Number}},"Appreciate your message to us for assistance in correcting order {{Order Number}}. We value your feedback and want to ensure that your order is accurate and meets your expectations. To better assist you, could you please provide more details regarding the corrections you would like to make? Whether it is updating the quantities, changing the items, or any other modifications, we are here to help. Your satisfaction is our top priority, and we appreciate your patience as we work together to resolve this issue."
change_order,i cannotedit purchase {{Order Number}},"I've noticed that you are facing difficulties in editing purchase number {{Order Number}}. I apologize for the inconvenience caused. To assist you further, could you please specify the changes you would like to make to your purchase? With this information, I will be able to find a suitable solution for you. Your satisfaction is our top priority, and we are committed to resolving any issues you may have."
change_order,i mised some items in purchase {{Order Number}} can i add them,"I recognize that you missed some items in purchase number {{Order Number}} and you would like to add them. I apologize for any inconvenience this may have caused. We would be happy to assist you with adding the items to your purchase. To ensure that we provide you with accurate information, could you please provide the details of the items you would like to add? This will allow us to process your request efficiently and make sure your purchase is complete. Thank you for bringing this to our attention, and we appreciate your patience as we work on resolving this issue for you."
change_order,help deleting some items from order {{Order Number}},"Thank you for contacting to us for assistance in deleting items from your order with the number {{Order Number}}. I understand that you want to make modifications to your order, and I'm here to help. To proceed with deleting the items, could you please provide me with the specific details of the items you want to remove? This will enable me to guide you through the process accurately and ensure that your order matches your preferences. Your satisfaction is our top priority, and we appreciate your patience and cooperation in resolving this matter."
change_order,i want herlp to update order {{Order Number}},"We're here to help with your request to update order number {{Order Number}}. We understand that you are in need of assistance in making changes to your order. We're here to help! Could you please provide us with the specific updates you would like to make? This will help us ensure that we address all your concerns and provide you with the best possible solution. Your satisfaction is our top priority, and we'll do our best to meet your expectations."
change_order,can i swap an article of purchase {{Order Number}},"Glad you got in touch to us for assistance with swapping an article in your purchase with order number {{Order Number}}. We understand that sometimes you may need to make changes to your order, and we're here to help. To proceed with the swap, please let us know the specific article you would like to exchange and the replacement article you would like to add. This way, we can ensure that the changes align with your preferences and fulfill your needs. We appreciate your patience and cooperation as we work together to make the necessary adjustments."
change_order,change a damn item of purchase {{Order Number}},"Thank you for reaching out to us and expressing your need to change an item from purchase number {{Order Number}}. I apologize for any inconvenience caused and I'm here to assist you with this. To proceed with the change, could you please provide me with the details of the item you want to replace and the alternative item you would like to add to your purchase? This will ensure that we make the necessary adjustments accurately. Your satisfaction is our priority, and we'll do our best to make sure your purchase meets your expectations."
change_order,assistance to delete something from purcahse {{Order Number}},"We understand that you need assistance with deleting an item from purchase number {{Order Number}}. We apologize for any inconvenience this may have caused. To better assist you, could you please provide more details about the item you wish to delete? This will allow us to quickly identify and process the change for you. Thank you for your cooperation."
change_order,can I delete an item from purchase {{Order Number}} ?,"Positively! I understand that you would like to delete an item from your purchase with the number {{Order Number}}. Deleting items from a purchase is possible, and I'm here to guide you through the process. To ensure accuracy, could you please let me know which item you would like to remove?"
change_order,update purchase113542617735902,"We acknowledge your request to update your purchase with order number {{Order Number}}. Thank you for bringing this to our attention. To better assist you, could you please provide more details about the changes you would like to make? By understanding your specific needs, we can work together to ensure a satisfactory resolution."
change_order,i cannot change several items of order {{Order Number}},I perceive that you're unable to change several items in order number {{Order Number}}. I apologize for any inconvenience this may have caused you. Allow me to look into this issue and find a suitable solution for you. Please bear with me while I investigate further and ensure that we resolve this matter promptly. Thank you for your patience.
change_order,update purchase732201349959,"We understand that you would like to update your purchase with the order number {{Order Number}}. Thank you for bringing this to our attention. To assist you further, could you please provide more information on the specific updates you would like to make? This will help us ensure that we address your request accurately and provide the best possible solution. Your satisfaction is our priority, and we are here to assist with any modifications you need for your purchase."
change_order,"I missed an item in purchase {{Order Number}}, could you add it?","I'm aware that you missed an item in your purchase with the order number {{Order Number}} and you would like to add it. I apologize for the inconvenience caused. To assist you further, could you please provide me with the details of the item you would like to add? This will help me ensure that we include the correct item and update your purchase accordingly. Your satisfaction is our top priority, and we appreciate your patience while we rectify this for you."
change_order,I want assistance to add a product to order {{Order Number}},"We understand that you would like to add a product to order number {{Order Number}}. We are here to help you with that. To proceed, could you please provide us with the details of the product you would like to add? This will enable us to ensure that the product is available and can be added to your order seamlessly. Thank you for your cooperation in this matter."
change_order,I'd like information about changing order {{Order Number}},"Thank you for reaching out! We understand that you would like some information regarding changing order number {{Order Number}}. We're here to assist you with any modifications you would like to make. Could you please provide more details about the changes you would like to make? Whether it's adding or removing items, updating shipping information, or any other adjustments, we will do our best to accommodate your request and ensure your satisfaction. Your feedback is valuable to us, and we strive to provide the best customer experience. Let us know how we can help!"
change_order,can I swap some items o order {{Order Number}}?,"We appreciate your inquiry about swapping items in order number #{{Order Number}}. Our goal is to assist you in making any necessary changes to ensure your complete satisfaction. To proceed with swapping items, please provide us with the specific details of the items you would like to swap. This information will enable us to promptly assist you with the necessary steps to exchange the items in your order. We are here to make your shopping experience as seamless as possible. How can we further assist you in this matter?"
change_order,help adding an item to purchase {{Order Number}},"I've got that you need assistance with adding an item to purchase number {{Order Number}}. We strive to make sure your purchase experience is seamless and convenient. Please provide me with the details of the item you would like to add, such as its name, quantity, and any specific requirements. I'll do my best to help you with the process."
change_order,I need help with adding a producft to order {{Order Number}},"We understand that you need assistance with adding a product to order number {{Order Number}}. We apologize for any inconvenience caused by the difficulty you encountered. To better assist you, could you please provide us with the details of the product you would like to add? We'll make sure to guide you through the process and ensure that your order is updated according to your preferences. Your satisfaction is our top priority, and we're here to help you every step of the way."
change_order,i cannot change order {{Order Number}},"We understand that you're unable to change order number {{Order Number}}. We apologize for any inconvenience this may have caused you. Our team is committed to resolving any issues you may encounter. Please let us know the specific details of the changes you would like to make, and we will do our best to assist you. Your satisfaction is important to us, and we appreciate your patience and understanding."
change_order,I want t update order {{Order Number}},"Happy to get your message to us regarding your request to update order number {{Order Number}}. We appreciate your proactive approach in ensuring that your order is accurate and meets your expectations. To proceed with updating your order, I would kindly request you to provide specific details regarding the changes you would like to make. This will allow us to take prompt action and ensure a seamless experience for you. Please let us know the specific updates you would like to make, and we will be more than happy to assist you further."
change_order,i made a mistake i want help to edit order {{Order Number}},"We appreciate you reaching out to us regarding the need to edit order number {{Order Number}}. We understand that mistakes happen, and we're here to assist you. Please provide us with specific details about the changes you would like to make to your order so that we can help you accordingly. Our main goal is to ensure your satisfaction, and we'll do our best to make the necessary modifications. Thank you for your patience and cooperation as we work towards resolving this issue for you."
change_order,"I need to swap an item of order {{Order Number}}, help me","Glad you got in touch to us with your request to swap an item in your order with the number {{Order Number}}. I understand that you would like to make changes to your order, and I'm here to assist you. To proceed with the item swap, could you please provide me with the details of the item you would like to swap and the replacement item you would like to include? This will help us ensure a smooth and accurate adjustment to your order."
change_order,i nmeed assistance removing some products,"We appreciate your inquiry to us regarding your need to remove some products from your order. We are here to assist you every step of the way. To proceed with removing the desired items, could you please provide us with the order number and the specific products you would like to remove? This information will help us ensure that we make the necessary adjustments accurately, and it will enable us to provide you with the best possible solution."
change_order,how do I correct order {{Order Number}}?,"We understand that you are looking for guidance on how to correct your order with the number #{{Order Number}}.  To assist you with this, we recommend following these steps:
1. Go to the 'Orders' section on our website or app.
2. Locate the specific order with the number #{{Order Number}}.
3. Click on the 'Modify' or 'Edit' option next to the order details.
4. Review the items in your order and make the necessary changes, such as removing or adding items.
5. Once you have made the desired modifications, proceed to the checkout process again.
6. Review the updated order summary and confirm the changes.
Please note that not all changes may be possible depending on the status of your order or the availability of certain items. If you encounter any difficulties or have specific requirements, please don't hesitate to reach out to our customer support team, who will be more than happy to assist you further."
change_order,modify order370795561790,"Glad you contacted with your request to modify order number {{Order Number}}. I appreciate your patience, and I'm here to assist you. To better understand the changes you want to make, could you please provide me with the specific details? This will help ensure that we accurately address your request and provide a satisfactory resolution. Your feedback is valuable to us as we strive to enhance our services."
change_order,"I made a mistake, help me to modify order {{Order Number}}","I'm not mistaken that mistakes happen, and I'm here to assist you in modifying your order with the number {{Order Number}}. To ensure we make the necessary changes accurately, could you please provide me with the specific details of the modification you would like to make? Whether it's updating the quantity, changing the color, or any other adjustments, I'll do my best to help you resolve this mistake and make your order just the way you want it. Your satisfaction is our utmost priority, and we appreciate your trust in our service."
change_order,how to swap several items of purchase {{Order Number}},"Thank you for your message to us for assistance with swapping several items in your purchase with the number {{Order Number}}. We understand the importance of having the right products in your order. To proceed with the swap, here's what you can do:

1. Review the items in your purchase: Go to your purchase details page and take note of the items you want to swap.

2. Contact our customer support: Reach out to our dedicated support team via phone or online chat and provide them with your purchase number and the specific items you wish to swap. They will guide you through the process, answer any questions you may have, and assist you in finding suitable replacements.

3. Return and reorder: Depending on our return policy, you may have the option to return the items you want to swap and place a new order for the desired products. Our customer support team will provide you with more information on how to proceed.

Please keep in mind that availability and eligibility for replacements may vary based on factors such as stock availability, the condition of the items, and our return policy. Our dedicated support team will work closely with you to ensure a smooth swapping process and address any concerns you may have."
change_order,how can i swap something of  order {{Order Number}},"We understand that you are looking to swap an item from order number #{{Order Number}}. We can definitely assist you with that. To proceed with the swap, please provide us with the details of the item you would like to exchange and the replacement item you would like to receive. This will help us ensure a smooth and accurate swap process. Once we have the necessary information, we will initiate the necessary steps to make the swap as per your request. Thank you for choosing our services, and we appreciate your patience while we assist you with the swap process."
change_order,need help to switch several articles of purchase {{Order Number}},"We understand that you need assistance with switching several articles in purchase number {{Order Number}}. We apologize for any inconvenience this may have caused, and we are here to help you make the necessary changes. To proceed with the switching process, could you please provide us with the specific items you would like to switch and the items you would like to replace them with? This will allow us to quickly and accurately process your request and ensure that your purchase meets your expectations. Thank you for bringing this to our attention, and we appreciate your patience as we work on resolving this matter for you."
change_order,upddate order {{Order Number}},"We understand that you would like to update order number {{Order Number}}. Our team is here to assist you with any changes or modifications you need to make to your order. Please provide us with specific details regarding the updates you would like to make, such as changes to the items, quantities, or any other specific instructions. This will help us ensure that we meet your requirements and provide you with the best possible service. We appreciate your patience and cooperation as we work together to update your order."
change_order,I can't swap several items of purchase {{Order Number}},"Thank you for trusting to us with your concern about swapping several items from purchase number {{Order Number}}. I apologize for any inconvenience this may have caused you. We understand that you're looking to make changes to your order, and we're here to assist you. To better assist you, could you please provide more details about the items you would like to swap? This will allow us to review your request and provide you with the necessary support to proceed with the changes. We appreciate your patience and look forward to helping you."
change_order,assistance with hcanging order {{Order Number}},"I can see that you need assistance with changing order number {{Order Number}}. We apologize for any inconvenience this may have caused. Our team is here to help you successfully make the necessary changes to your order. To ensure that we address your concerns accurately, could you please provide more details about the specific changes you would like to make? This will allow us to guide you through the process and ensure that your order meets your expectations."
change_order,need help to swap some products of purchase {{Order Number}},"Thank you for getting in touch to us for assistance with swapping some products from purchase number {{Order Number}}. I understand that you would like to make changes in your order, and I'm here to help you with that. To proceed with the swap, could you please provide me with the specific details of the products you want to swap, such as the names, quantities, or any other relevant information? This will allow us to quickly process your request and ensure that the new products meet your expectations. Your satisfaction is our top priority, and I'm committed to assisting you throughout this process."
change_order,can uhelp me switching somedthing of order {{Order Number}},"I'm sorry to hear that you're facing difficulties with switching an item in order number {{Order Number}}. I'll be more than happy to assist you with this. Please provide me with the details of the item you would like to switch, along with the new item you would like to replace it with. This will allow me to process the necessary changes for you. Your satisfaction is our priority, and we'll do our best to ensure a smooth transition."
change_order,help me modifying order {{Order Number}},"I appreciate you reaching out to us for assistance with modifying your order number {{Order Number}}. We understand that changes are sometimes necessary, and we're here to help make those changes for you. To better assist you, could you please provide more details about the modifications you would like to make? We're committed to ensuring your satisfaction, so please don't hesitate to let us know your specific requirements."
change_order,add some goddamn articles to order {{Order Number}},"We apologize for any inconvenience you may have experienced. We understand that you would like to add some articles to order number {{Order Number}}. We're committed to assisting you with this request. Could you please provide the specific articles you would like to add? It would be helpful if you could provide us with the item names, quantities, and any other relevant details. We'll make sure to update your order accordingly and ensure your satisfaction. Thank you for bringing this to our attention."
change_order,help with adding several damn articles to order {{Order Number}},"We appreciate you reaching out to us regarding the addition of several articles to order number {{Order Number}}. We understand the importance of making sure your order includes all the items you need. To assist you with this, could you please provide us with the specific details of the articles you would like to add? This will allow us to ensure that your order is updated accurately and to your satisfaction. Thank you for your patience and cooperation in this matter."
change_order,help to add some products to purchjase {{Order Number}},"Thank you for reaching out! We understand that you need assistance with adding some products to purchase number {{Order Number}}. We apologize for any inconvenience caused by the inability to make changes directly to an existing purchase. However, we can certainly help you place a new order for the additional products you would like to add. Our customer service team is available to assist you in placing the new order and ensuring that the products are added correctly. Please let us know if you would like us to initiate the process for you."
change_order,can uhelp me add some items to order {{Order Number}},"We've received your message to us for assistance with adding items to order number {{Order Number}}. We understand how important it is to ensure your order is complete and meets your expectations. To help you with this, could you please provide us with the details of the items you would like to add? This will allow us to make the necessary adjustments and ensure your satisfaction. We appreciate your patience and look forward to helping you further."
change_order,want help to delete some items from order {{Order Number}},"I realized you need assistance with deleting some items from order number {{Order Number}}. Thank you for bringing this to our attention, and I apologize for any inconvenience caused. To ensure that we provide you with accurate and efficient support, could you kindly let us know the specific items you would like to delete? Your feedback is essential in helping us improve our services. We appreciate your patience and collaboration in resolving this matter."
change_order,wanna edit ordr {{Order Number}} i need help,"We appreciate your inquiry to us regarding your request to edit order number {{Order Number}}. We strive to provide excellent customer service and are here to assist you. To better understand the changes you would like to make, could you please specify the items you wish to modify in your order? Once we have this information, we'll be able to guide you through the necessary steps to edit your order. Your satisfaction is our top priority, and we are committed to helping you with any changes you need."
change_order,corrrect order {{Order Number}},"We understand that you need assistance in correcting the order with number {{Order Number}}. We apologize for any inconvenience caused. Could you kindly provide more details on what needs to be corrected in the order? This will enable us to take the necessary actions and ensure that your order is accurate and meets your expectations. Your satisfaction is our priority, and we appreciate your patience and cooperation in resolving this matter."
change_order,"I have made a mistake, help me change purchase {{Order Number}}","I'm attuned to the idea that you have made a mistake and need assistance in changing purchase number {{Order Number}}. Mistakes happen, and we're here to help you resolve this issue. To better assist you, could you please provide more details about the specific changes you would like to make to your purchase? This will allow us to promptly address your concerns and ensure your complete satisfaction."
change_order,I can't edit order {{Order Number}},"I realized you're experiencing difficulty editing order number {{Order Number}}. I apologize for any inconvenience this may have caused. To better assist you, could you please provide me with more details about the changes you'd like to make? Our team is here to help resolve any concerns or issues you may have with editing your order."
change_order,change purxhase {{Order Number}},"Glad you got in touch to us regarding the need to change purchase number {{Order Number}}. I apologize for any inconvenience caused. To assist you with this request, could you please provide me with more details about the specific changes you would like to make? This information will help us ensure that we address your request accurately and efficiently."
change_order,wanna remove some items from order {{Order Number}},"We understand that you would like to remove some items from order number {{Order Number}}. We apologize for any inconvenience this may have caused. To assist you with modifying your order, could you please provide us with the specific items that you would like to remove? Our team will be more than happy to help make the necessary adjustments to ensure your satisfaction. Thank you for your patience and understanding."
change_order,i want help changing an item of order {{Order Number}},"Certainly, we are here to assist you with changing an item in order number {{Order Number}}. Your satisfaction is our top priority. To proceed with the item swap, could you please provide more details about the specific item you would like to change? This will help us ensure that we accurately update your order according to your preferences. Thank you for your cooperation!"
change_order,help me adding several rpoducts to order {{Order Number}},"Happy to get your message to us for assistance with adding several products to your order with number {{Order Number}}. We understand the importance of getting your order just right, and we're here to help. Could you please provide us with the specific details of the products you would like to add? This will allow us to make the necessary adjustments and ensure your satisfaction. We appreciate your patience and cooperation as we work on fulfilling your request."
change_order,can I edit purchase {{Order Number}}?,We understand that you are looking to edit your purchase with the order number {{Order Number}}. We apologize for any inconvenience caused. Our team is here to assist you with any modifications you'd like to make. Could you please provide us with specific details regarding the changes you would like to implement? This will help us provide you with the accurate and personalized support you need. We appreciate your patience and cooperation in this matter.
change_order,can uhelp me to change a product of purchase {{Order Number}},"We understand that you need assistance with changing a product in purchase number {{Order Number}}. Our team is here to help you with that. To better assist you, could you please provide us with the details of the product you would like to change and the specific changes you would like to make? This will enable us to process your request accurately and efficiently. We appreciate your patience and look forward to resolving this for you."
change_order,i have got to swap  an item of order {{Order Number}},"Thank you for getting in touch to us with your request to swap an item in your order with the number {{Order Number}}. I understand how important it is to ensure that your order is just as you envision. To proceed with the item swap, I would recommend contacting our customer service team directly. They will be able to assist you further and guide you through the necessary steps to swap the item in your order. You can reach out to them via phone at {{Customer Support Phone Number}} or through the Live Chat on our website at {{Website URL}}. They are available {{Customer Support Hours}} to provide you with prompt support. We appreciate your understanding as we work together to make sure your order is exactly what you need."
change_order,I want assistance to edit order {{Order Number}},Thank you for your message to us regarding the need to edit order number {{Order Number}}. We understand the importance of making adjustments to your order and we are here to assist you. Can you please provide us with more details on the specific edits you would like to make? This will help us ensure that we address all your concerns accurately and efficiently.
change_order,i need assistance to update purchase {{Order Number}},"I gather that you need assistance updating your purchase with order number {{Order Number}}. Updating orders is a common request, and I'm here to help. Could you please provide more details regarding the specific updates you would like to make to your purchase? By understanding your requirements, I can guide you through the process and ensure a smooth and satisfactory experience."
change_order,"I want to add a product to my order, could I get some help?","We appreciate you reaching out to us to add a product to your order. Rest assured, we're here to assist you. To ensure accuracy, could you please provide us with the order number and the specific product you would like to add? Your satisfaction is our top priority, and we'll do our best to accommodate your request."
change_order,help to swap something of order {{Order Number}},"We understand that you need assistance with swapping an item in order number {{Order Number}}. We apologize for any inconvenience caused and we're here to help you with this request. To proceed with the swap, could you please let us know the specific details of the item you would like to swap and the item you would like to replace it with? Once we have this information, we'll be able to guide you through the process and ensure a smooth swap of the products in your order."
change_order,add an item to order {{Order Number}},"I see that you would like to add an item to your order with the number {{Order Number}}. Thank you for reaching out to us regarding this request. To proceed with adding the item, could you please provide the following details: the name or description of the item you would like to add, the quantity, and any specific variations such as color or size. Once I have this information, I will be able to assist you further in adding the item to your order."
change_order,"I have to update order {{Order Number}}, how to do it?","We're here for you to us regarding your need to update order number {{Order Number}}. We appreciate your proactive approach in ensuring your order is accurate and up to date. To assist you with this, I recommend contacting our customer support team directly. They will provide you with the necessary instructions and guidance on how to update your order. Our dedicated team is available {{Customer Support Hours}} and can be reached at {{Customer Support Phone Number}} or through the Live Chat on our website at {{Website URL}}. They will be more than happy to assist you with any changes you need to make to your order."
change_order,how do I switch some goddamn products of order {{Order Number}}?,"We understand that you are looking to switch some products in your order with the number #{{Order Number}}. We apologize for the inconvenience caused. To assist you with this, we recommend reaching out to our customer support team who will be able to guide you through the process and make the necessary changes. They are available {{Customer Support Hours}} at {{Customer Support Phone Number}} or through the Live Chat on our website at {{Website URL}}. Rest assured, our team will do everything possible to ensure your desired changes are made seamlessly and to your satisfaction."
change_order,I am trying to hcange some articles of purchase {{Order Number}},"Thank you for trusting to us regarding your request to change some articles in purchase number {{Order Number}}. We understand that it's crucial for you to have the products you desire. To assist you with this, could you kindly provide us with the specific articles you would like to change? By providing us with the details, we can promptly check the availability of the new articles and guide you through the necessary steps to make the desired modifications. We appreciate your patience and cooperation in this matter."
change_order,wanna remoev a bloody article from order {{Order Number}},"I comprehend your concern about removing a specific article from your order with the number {{Order Number}}. We value your satisfaction and are here to help. To proceed with the removal, can you please provide more details about the article you'd like to remove? This will assist us in ensuring that we accurately update your order. Thank you for your patience while we resolve this for you."
change_order,wanna switch some articles of order {{Order Number}} help me,"We've received your message to us for assistance regarding switching some articles in your order with number {{Order Number}}. We understand that changes in your order may be necessary to ensure your complete satisfaction. To proceed with the switch, could you please provide us with the specific details of the items you would like to switch? Our team is here to help you navigate through this process smoothly and find suitable alternatives for you."
change_order,wanna edit purchgase {{Order Number}},"Thanks for dropping us a line to us with your request to edit purchase number {{Order Number}}. We understand that sometimes changes are needed to ensure your complete satisfaction with your order. To proceed with editing your purchase, please provide us with the specific changes you would like to make. This could include swapping items, adding or removing products, or making adjustments to quantities. Our team is here to assist you every step of the way to ensure that your purchase meets your expectations."
change_order,delete article from order {{Order Number}},"We're here to help to us! We understand that you need assistance with deleting an article from order number {{Order Number}}. We apologize for any inconvenience this may have caused. To provide you with the best solution, could you please specify the article you would like to remove? This will help us ensure that the necessary changes are made accurately and promptly. We appreciate your cooperation and look forward to resolving this matter for you."
change_order,"I missed a product in order {{Order Number}}, how can I add it?","Thank you for informing us about the missing product in order number {{Order Number}}. We apologize for the inconvenience caused. To add the missed product to your order, I recommend reaching out to our customer service team. They will assist you in updating your order and ensure that the additional product is included. Our customer service representatives are available {{Customer Support Hours}} at {{Customer Support Phone Number}} or through the Live Chat on our website at {{Website URL}}. They will be more than happy to help you with this matter."
change_order,can i change order {{Order Number}},"We understand that you would like to make changes to order number {{Order Number}}. We're here to help! Please provide us with the specific details of the changes you would like to make, such as updating the quantity, adding or removing items, or modifying any other order details. Once we have the necessary information, we'll work on processing the changes for you."
change_order,need to switch some products of purchase {{Order Number}},"We understand that you need to switch some products for your purchase with the number {{Order Number}}. We apologize for any inconvenience this may have caused you. To proceed with the product switch, could you please provide us with the specific details of the products you would like to switch? This information will help us ensure a smooth transition and assist you in finding suitable alternatives. Your satisfaction is our top priority, and we are here to help make this process as seamless as possible."
change_order,I cannot swap some items of order {{Order Number}},"I perceive that you're unable to swap some items in order {{Order Number}}. Thank you for bringing this to our attention. Our team is here to assist you in resolving this issue promptly. To better understand the situation, could you please provide more details about the items you want to swap? This will enable us to find the best solution for you. We appreciate your patience and look forward to helping you with your order modifications."
change_order,how do i change a product of purchase {{Order Number}},"We understand that you would like to change a product in your purchase with order number {{Order Number}}. Making changes to an order is an important aspect of ensuring customer satisfaction, and we are here to assist you with this. To change a product in your purchase, you can follow these steps:

1. Log in to your account on our website or app.
2. Go to your ""Order History"" or ""Account"" section.
3. Locate the purchase with order number {{Order Number}}.
4. Click on the ""Edit"" or ""Modify"" option next to the product you wish to change.
5. Select the new product you would like to add and proceed to update your order.
6. Review the changes and confirm the updated order.

If you encounter any difficulty or need further assistance, don't hesitate to reach out to our dedicated customer support team. We're available {{Customer Support Hours}} at {{Customer Support Phone Number}} or through the Live Chat on our website at {{Website URL}}. Our team is ready to guide you through the process and make sure your purchase meets your expectations. Let us know if there's anything else we can help you with!"
change_order,how to swap an article of purchase {{Order Number}}?,"We understand that you would like assistance with swapping an article in purchase number {{Order Number}}. Swapping an article can be done by following these steps:

1. Go to your account dashboard.
2. Navigate to the ""Orders"" section.
3. Locate the purchase with number {{Order Number}}.
4. Click on the purchase to view the order details.
5. Look for the article you want to swap and click on the ""Swap"" button next to it.
6. Select the new article you wish to replace it with from the available options.
7. Confirm the swap by following the on-screen instructions.
8. Review the updated order summary to ensure the swap was successful.

If you encounter any issues or have further questions, please don't hesitate to reach out to our customer support team. We're here to assist you throughout the process."
change_order,give em information about updating order {{Order Number}},"I see that you would like information about updating order number {{Order Number}}. We appreciate your concern, and we're here to assist you with the necessary details. To update your order, you can do it easily by accessing your account on our website/app and navigating to the 'My Orders' section. From there, you should be able to view your order and find the option to make modifications. If you encounter any issues or have specific instructions regarding the update, please feel free to let us know. We're available to ensure a smooth process for you."
change_order,add product to purchase {{Order Number}},We understand that you would like to add a product to purchase number {{Order Number}}. We're here to assist you with that. Could you please provide us with the details of the product you would like to add? This information will help us ensure that the product is added correctly to your purchase. Thank you for your cooperation.
change_order,i need help to delete an article from order {{Order Number}},"I'm clearly cognizant your desire to delete an article from order number {{Order Number}}. We're here to assist you with that. Could you please provide us with the details of the article you would like to remove? By providing us with this information, we can ensure that we accurately process your request. Our goal is to ensure your complete satisfaction, so please don't hesitate to reach out if you have any other questions or concerns."
change_order,swap an article of order {{Order Number}},"Thanks for dropping us a line to us regarding order number {{Order Number}}. We understand that you would like to swap an article in your order. We apologize for any inconvenience caused. To assist you with this change, can you please provide us with the details of the article you would like to swap and the article you would like to replace it with? Once we receive this information, we will review the possibilities and provide you with a suitable solution. Your satisfaction is our priority, and we appreciate your patience as we work on resolving this for you."
change_order,help with changing purchase {{Order Number}},"Appreciate your message to us for assistance with changing your purchase, specifically the one with order number #{{Order Number}}. We understand that sometimes changes or modifications are needed, and we're here to help you with that. In order to provide you with the most accurate and efficient assistance, could you please let us know exactly what changes you would like to make to your purchase? Our team is ready to support you throughout the process and ensure that your purchase meets your expectations."
change_order,I need to update order {{Order Number}},"Thanks for getting in touch! I grasp that you're looking to update order number {{Order Number}}. We're here to assist you in making any necessary changes. Can you please provide more details on the specific updates you would like to make? This way, we can ensure that your order is updated exactly as you wish."
change_order,I can't add some items to order {{Order Number}},"We apologize for the inconvenience you're facing while trying to add items to order number {{Order Number}}. We understand the importance of making changes to your order and we're here to help. To better assist you, could you please provide more details about the items you're trying to add? This will allow us to investigate the issue and find a suitable solution for you. We appreciate your patience and cooperation as we work towards resolving this matter for you."
change_order,can you help me switching a fucking item of order {{Order Number}}?,"We understand that you would like assistance with switching an item in order number {{Order Number}}. Our team is dedicated to helping you with your request. To ensure we provide you with the best support, could you please share the details of the item you would like to switch? We'll do everything we can to assist you promptly and efficiently."
change_order,i need help switching several items of order {{Order Number}},"Thank you for reaching out! I completely understand your request to switch several items in order number {{Order Number}}. We're here to assist you with this. To get started, could you please provide us with the specific items you would like to switch and the replacement items you'd like to include in your order? This way, we can ensure that the changes are accurately made and that your order meets your preferences. Your satisfaction is our top priority, and we're committed to making this process as smooth as possible for you."
change_order,help me add an item to purchase {{Order Number}},"I'm on your side your need to add an item to purchase number {{Order Number}}. Our goal is to ensure that your purchase reflects your requirements and preferences. To assist you with this, could you please provide us with the details of the item you would like to add? This will allow us to promptly update your purchase and ensure that you are completely satisfied with your order. We are committed to providing exceptional service and look forward to helping you finalize your purchase. How else may we assist you today?"
change_order,wanna delete some items from purchase {{Order Number}},"Thank you for bringing your request to our attention. We understand your need to delete some items from purchase number #{{Order Number}}. To assist you further, kindly provide us with the specific items you would like to remove, and we will make sure to process your request promptly and accurately. We appreciate your patience and cooperation in this matter."
change_order,need help with switching a product of order {{Order Number}},"I realized that you need assistance with switching a product in your order with the number {{Order Number}}. Thank you for bringing this to our attention. To proceed with the exchange, could you please provide me with the details of the item you would like to switch and the replacement product you would like to receive? This will help us ensure a seamless transition and make sure you're satisfied with your order."
change_order,I try to add some goddamn products to purchase {{Order Number}},"It's great to hear from you! I can see that you are attempting to add some products to your purchase with the number {{Order Number}}. I apologize for any inconvenience you may have experienced. To assist you further, could you please provide the details of the products you would like to add? This will allow us to proceed with the necessary modifications and ensure your satisfaction with your purchase."
change_order,how to add an article to order {{Order Number}},"We acknowledge your inquiry about adding an article to your order with number {{Order Number}}. We are here to assist you in making any modifications to your purchase. To add an article to your order, please follow these steps:

1. Go to our website and log into your account.
2. Navigate to the ""My Orders"" section or a similar option depending on our website's layout.
3. Find your order with number {{Order Number}} and click on it to open the order details.
4. Look for an option like ""Add Item"" or ""Edit Order"" and click on it.
5. Browse through our available products and select the article you want to add to your order.
6. Once you have chosen the article, follow the prompts to complete the addition process. You may need to provide any necessary details such as size, color, or quantity.
7. Review your updated order summary to ensure that the new article has been successfully added.

If you encounter any difficulties or have further questions, don't hesitate to reach out to our customer support team. We are available {{Customer Support Hours}} at {{Customer Support Phone Number}} or through the Live Chat on our website at {{Website URL}}. We are more than happy to assist you in any way we can."
change_order,"I have to edit order {{Order Number}}, how to do it?","Grateful you reached out to us with your request to edit order number {{Order Number}}. I completely understand your need for making modifications to your order. To assist you with this, please follow these steps:

1. Login to your account on our website or app.
2. Go to the ""My Orders"" section.
3. Locate and select the order with the number {{Order Number}}.
4. Look for the ""Edit"" or ""Modify Order"" option and click on it.
5. You should now be able to make the necessary changes to your order, such as updating quantities or substituting items.
6. Double-check the changes you made to ensure they are accurate.
7. Finally, proceed to confirm the changes to save them.

If you encounter any difficulties or need further assistance during this process, please don't hesitate to reach out to our customer support team. We're here to help and ensure that your order meets your expectations."
change_order,can I delete an item from order {{Order Number}}?,"Thank you for bringing your concern to our attention. I understand that you would like to delete an item from order number {{Order Number}}. Our team is here to assist you with that. Please provide me with the specific item you would like to remove, and I will ensure that it is taken care of promptly. Your satisfaction is our top priority, and we want to make sure that your order reflects exactly what you need."
change_order,how to swap a product of order {{Order Number}}?,"I've grasped that you're looking for assistance in swapping a product in your order with the number {{Order Number}}. We appreciate your concern, and we're here to help. To initiate the product swap process, please follow these steps:

1. Log in to your account on our website or app.
2. Navigate to your order history or account settings section.
3. Locate the order with the number {{Order Number}} and click on it.
4. Look for the ""Swap Product"" or ""Exchange"" option and select it.
5. Follow the on-screen instructions to choose the new product you want to swap and complete the process.

If you encounter any difficulties or have any further questions, please don't hesitate to reach out to our customer support team. We're available {{Customer Support Hours}} at {{Customer Support Phone Number}} or through the Live Chat on our website at {{Website URL}}. We're committed to ensuring your satisfaction and will be happy to assist you throughout the entire swapping process."
change_order,help to edit order {{Order Number}},"Glad you got in touch to us for assistance with editing your order. I understand that you would like to make some changes to order number {{Order Number}}. I'm here to help! Please provide me with the specific details of the edits you would like to make, such as updating quantities, changing shipping address, or modifying the payment method. With this information, we can ensure that your order is exactly how you want it."
change_order,I want assistance editing purchase  {{Order Number}},"We appreciate your reaching out to us for assistance with editing purchase number #{{Order Number}}. Your satisfaction is our top priority, and we're here to help you make any necessary changes. To ensure we address your request accurately, could you please provide more specific details about the edits or modifications you would like to make to your purchase? This will allow us to guide you through the necessary steps and provide you with the best solution. Thank you for your cooperation."
change_order,I am trying to remove a product from order {{Order Number}},"I acknowledge that you want to remove a product from order number {{Order Number}}. I apologize for any inconvenience this may have caused you. To assist you further, could you please provide the details of the product you would like to remove? This will allow me to promptly address your request and ensure your satisfaction. Thank you for bringing this to our attention, and I appreciate your patience."
change_order,deit purchase {{Order Number}},I've realized that you would like to edit purchase number {{Order Number}}. I apologize for the inconvenience caused. Could you please provide more details about the specific changes you would like to make to the purchase? This will help us better assist you in modifying your purchase according to your preferences. Thank you for your patience.
change_order,canm you help me to update purchase {{Order Number}}?,Unquestionably! We understand that you need assistance with updating purchase number {{Order Number}}. We're here to help you make any necessary adjustments to your order. Could you please provide us with the specific details of the updates you would like to make? This will help us ensure that we meet your expectations accurately and efficiently.
change_order,can i add some products to purchase {{Order Number}},"We understand that you're interested in adding some products to purchase number #{{Order Number}}. We are here to assist you with that. Please provide us with the details of the products you would like to add, such as the item names or SKUs. By gathering this information, we can ensure a seamless process and make the necessary updates to your purchase. Your satisfaction is our top priority, and we appreciate your patience throughout this process. Is there anything else we can help you with?"
change_order,I cannot remove some products from purchase {{Order Number}},"Thank you for bringing this to our attention. We understand that you are experiencing difficulty in removing some products from purchase number {{Order Number}}. We apologize for the inconvenience. To resolve this issue, could you please provide us with more details about the specific products you are unable to remove? Our team is here to assist you and ensure that we find a solution that meets your needs."
change_order,i have made a mistake  help me modify purchase {{Order Number}},"We understand that mistakes happen, and we're here to help you modify your purchase order number {{Order Number}}. Please provide us with the specific changes you would like to make, and we'll do our best to assist you in rectifying the mistake. Your satisfaction is our top priority, and we appreciate your patience and understanding while we work on this for you."
change_order,can I update order {{Order Number}}?,"Thank you for reaching out to us regarding your order with order number {{Order Number}}. We appreciate your desire to make updates to your order. To better assist you, could you please provide more details about the specific updates you would like to make? Once we have a clear understanding of your requirements, we will do our best to accommodate your request. Your satisfaction is our priority, and we are here to help you every step of the way."
change_order,help to swap an article of order {{Order Number}},"We understand that you would like to swap an article in order number #{{Order Number}}. No worries, we're here to assist you with that. To ensure we proceed with the correct item exchange, please provide us with the details of the article you'd like to swap, including the exact product name, size, color, or any other relevant information. Once we have the necessary information, we'll promptly guide you through the process of swapping the article in your order. Your satisfaction is our top priority, and we'll make sure you receive the item you desire."
change_order,I have got to add an article to order {{Order Number}},"We understand that you would like to add an article to order number {{Order Number}}. We're here to assist you with making this change. Could you please provide us with the details of the article you would like to add? This will help us ensure that we update your order accurately and promptly. Thank you for reaching out to us, and we look forward to helping you with this request."
change_order,"I want to update order {{Order Number}}, how do I do it?","Firstly, thank you for reaching out to us regarding your request to update order number {{Order Number}}. We understand the importance of making changes to your order to ensure your complete satisfaction. To assist you with this, you can follow these steps to update your order: 1) Log in to your account on our website. 2) Go to the ""Orders"" section. 3) Find your order with the number {{Order Number}}. 4) Click on the ""Modify Order"" button. 5) Follow the instructions provided to update your order details. Remember, our goal is to make your order just the way you want it. If you encounter any difficulties or have any additional questions, our dedicated customer support team is available to assist you. They can be reached through our website live chat or by calling {{Customer Support Phone Number}} during our {{Customer Support Hours}}. We appreciate your trust in our services and look forward to ensuring your order meets your expectations."
change_order,i cant delete some items from order {{Order Number}},"I'm conscious of the reality that you're facing difficulties in deleting specific items from order number {{Order Number}}. We apologize for any inconvenience caused. To assist you further, could you please provide us with the details of the items you wish to remove? Once we have the necessary information, we'll promptly take the necessary actions to resolve this for you. Thank you for your understanding and patience."
change_order,assistance adding something to purchase {{Order Number}},"We understand that you would like assistance with adding something to purchase number #{{Order Number}}. We're here to help! Could you please provide more details about the item you want to add? Once we have the necessary information, we can guide you through the process and ensure a seamless purchase experience. Your satisfaction is our priority, and we appreciate your trust in our services."""
change_order,want help to swap a product of purchase {{Order Number}},"I hear you! I'm following you that you would like assistance with swapping a product in your purchase with order number {{Order Number}}. Our team is here to help you with this process. Please provide us with the details of the product you would like to swap, including the name, size, and any specific variations or options. Once we have this information, we will work on making the necessary modification to your order. Your satisfaction is our priority, and we appreciate your patience as we resolve this for you."
change_order,can i switch a product of order {{Order Number}},"We understand that you're looking to switch a product for your order with the number #{{Order Number}}. We value your request and want to assist you in the best possible way. To proceed with the product switch, we kindly request you to provide us with the specific details of the item you would like to replace and the item you would like to replace it with. This will enable us to ensure a seamless and satisfactory resolution for you. We appreciate your cooperation and are here to help."
change_order,how can i find information about editing order {{Order Number}},"I'm attuned to the idea that you would like to find information about editing order number {{Order Number}}. Finding the right information about editing an order is crucial, so let me guide you. To begin, you can visit our website and navigate to the ""Order Management"" section. There, you will find detailed instructions on how to edit an order, including information on the specific products you can modify, any associated fees, and the deadlines for making changes. If you prefer, you can also reach out to our customer support team, available {{Customer Support Hours}}, who will be more than happy to assist you with any questions or concerns you may have. Remember, we are here to ensure that your order meets your expectations and that you have a seamless experience."
change_order,I want help deleting something from purchase {{Order Number}},"Thank you for contacting to us regarding your request to delete an item from purchase number {{Order Number}}. We understand the importance of ensuring accuracy in your order. To assist you further, could you please provide more details about the item you wish to delete? Providing specific information will help us facilitate the necessary modifications efficiently."
change_order,I want help to add a product to order {{Order Number}},"We understand that you would like assistance in adding a product to your order with the number {{Order Number}}. We're here to help! To proceed with adding the product, could you please provide us with the details of the product you wish to add? This information will allow us to ensure a smooth and accurate addition to your order. Thank you for your cooperation in resolving this matter."
change_order,how do ii modify order {{Order Number}},"We appreciate your inquiry to us with your request to modify order number {{Order Number}}. We're here to assist you in making the necessary changes. To modify your order, please follow these steps:

1. Log in to your account on our website.
2. Navigate to the ""Orders"" section or ""Order History.""
3. Locate the specific order that you want to modify.
4. Click on the order details to access the specific items.
5. Look for the ""Modify"" or ""Edit"" option next to each product you wish to make changes to.
6. Select the ""Modify"" or ""Edit"" option and follow the prompts to make the desired modifications, such as changing quantity, size, or color.
7. Once you have made the necessary changes, review your order to ensure everything is accurate.
8. Proceed to the checkout page to finalize your modified order.

If you encounter any difficulties or require further assistance during the modification process, please don't hesitate to reach out to our customer support team. They are available {{Customer Support Hours}} at {{Customer Support Phone Number}} or through the Live Chat on our website at {{Website URL}}. We appreciate your business and are committed to ensuring your satisfaction."
change_order,need to change something of order {{Order Number}},I'll do my best! I understand that you need to make some changes to order number {{Order Number}}. We're here to assist you with that. Could you please provide more details about the specific changes you would like to make? This will help us ensure that we address your request accurately and efficiently.
change_order,deeting something from order {{Order Number}},"We understand that you would like to remove something from order number {{Order Number}}. We apologize for any inconvenience this may have caused. To better assist you, could you please provide more details about the item you want to remove? This will help us ensure that we accurately modify your order. Thank you for your cooperation!"
change_order,is it possible to swap some items of purchase {{Order Number}},Thanks for dropping us a line to us regarding the possibility of swapping some items in purchase number {{Order Number}}. We understand the importance of having your order tailored to your needs. Our team is here to assist you with your request. Could you please provide us with more details about the specific items you would like to swap? We will do our best to accommodate your request and ensure your satisfaction.
change_order,how can i switch something of purchase {{Order Number}},"We appreciate your inquiry about switching an item in your purchase with the number #{{Order Number}}. To ensure that we assist you accurately, please provide us with more details regarding the item you would like to switch and the exact item you would like to switch it with. Our goal is to make your purchase exactly as you envisioned it, so your input is valuable in tailoring our services to your satisfaction. How can we assist you further in this process?"
change_order,help to correct order {{Order Number}},"We appreciate your reaching out regarding the need to correct order number {{Order Number}}. We understand the importance of ensuring that your order is accurate and meets your expectations. To assist you with this, could you please provide more details about the specific corrections you would like to make? This information will enable us to take the necessary steps to rectify any errors and ensure your satisfaction."
change_order,problem with switching a bloody product of order {{Order Number}},"We understand that you're facing an issue with switching a product in order number {{Order Number}}. We apologize for any inconvenience caused. To better assist you, could you please provide more details about the specific product you wish to switch and the reason for the switch? Our team is committed to resolving this matter promptly and ensuring your satisfaction."
change_order,help me to switch an item of order {{Order Number}},"It seems that you would like to switch an item in order number {{Order Number}}. I understand the importance of making sure your order is just right. Could you please provide me with the details of the item you'd like to switch and the item you'd like to switch it with? This will allow me to assist you in the best possible way. Your satisfaction is our top priority, and we're here to make sure your order meets your expectations."
change_order,how can i get information about updating order {{Order Number}},"We understand your desire to obtain information about updating order number {{Order Number}}. To assist you with this, you can follow these steps:

1. Log in to your account on our website.
2. Navigate to the ""Orders"" section or a similar option, where you can view your order history.
3. Locate the specific order number (in this case, {{Order Number}}).
4. Click on the order number to access the order details.
5. Look for the option to update or modify the order. This might be labeled as ""Edit Order"" or ""Modify Order.""
6. Click on the appropriate button or link to initiate the update process.
7. Follow the on-screen instructions to make the desired changes to the order.

If you encounter any difficulties or need further assistance during this process, our customer support team is available to help. You can reach them through our website's live chat or contact them at {{Customer Support Phone Number}}. They will gladly provide you with the necessary information and guidance to update your order successfully.

Please let us know if there's anything else we can assist you with. We're here to ensure your satisfaction."
change_order,assistance with switching something of order {{Order Number}},"We understand that you need assistance with switching something in your order with the number {{Order Number}}. We apologize for any inconvenience this may have caused. To better assist you, could you please provide more details about what you would like to switch? This will help us ensure that we address your request accurately and provide you with the best possible solution. Thank you for your patience and cooperation."
change_order,i need help to add several product to order {{Order Number}},"We understand that you need assistance with adding several products to your order. We are here to help you with that. Could you please provide us with the specific details of the products you would like to add? This information will allow us to make the necessary changes to your order and ensure that you receive all the items you need. Thank you for reaching out to us, and we look forward to resolving this for you."
change_order,I need to change order {{Order Number}},"We understand that you need to make changes to your order with the number #{{Order Number}}. We're here to assist you with that. Could you please provide us with the specific changes you would like to make? This way, we can ensure that your order meets your expectations. Your satisfaction is our priority, and we are committed to providing you with excellent service."
change_order,how do I switch several items of purchase {{Order Number}}?,"Your input is valuable! I'm picking up that you would like to switch several items in your purchase with the number {{Order Number}}. We apologize for any inconvenience caused. To assist you with this, I recommend contacting our customer support team directly. They will guide you through the process and provide the necessary steps to make the item switch successfully. You can reach our customer support team at {{Customer Support Phone Number}} or through the Live Chat on our website at {{Website URL}}. They are available {{Customer Support Hours}} to help you with this request."
change_order,i have to correct purchase {{Order Number}} how can i do it,"Thank you for your message to us regarding your request to correct purchase number {{Order Number}}. We apologize for any inconvenience this may have caused. To assist you with making the necessary correction, I recommend contacting our customer support team directly. They will be able to guide you through the process and ensure that your purchase is corrected accurately. You can reach them by phone at {{Customer Support Phone Number}} or through the Live Chat on our website at {{Website URL}}. Rest assured, our team is committed to providing you with the best possible resolution to meet your needs."
change_order,"I want to correct purchase {{Order Number}}, how can I do it?","We understand that you would like to correct your purchase with the order number #{{Order Number}}. To assist you with this, you can follow the steps mentioned below:
1. Log in to your account on our website.
2. Go to your order history or purchase history section.
3. Locate the purchase with the order number #{{Order Number}}.
4. Select the option to edit or make corrections to the purchase.
5. Follow the prompts or instructions provided to make the necessary corrections.
6. Review the changes and ensure that all the details are accurate.
7. Save or submit the corrections.

If you encounter any difficulties or require further assistance, please don't hesitate to reach out to our customer support team. They are available {{Customer Support Hours}} at {{Customer Support Phone Number}} or through the Live Chat on our website at {{Website URL}}. We're here to ensure that your purchase is exactly as you intended it to be."
change_order,how do I remove several items from purchase {{Order Number}}?,"Happy to get your message to us for assistance with removing several items from purchase number {{Order Number}}. We understand that you have some items that you no longer want to include in your purchase, and we're here to help you with that. To remove the items, you can follow these steps:

1. Log in to your account on our website.
2. Go to your purchase history or order details page.
3. Locate the specific purchase with the number {{Order Number}}.
4. Find the list of items included in the purchase.
5. Check the boxes next to the items you want to remove.
6. Look for the ""Remove"" or ""Delete"" option and click on it.
7. Confirm your choice to delete the selected items.

By following these steps, you will be able to successfully remove the items you no longer wish to include in your purchase. If you encounter any difficulties or have any further questions, please don't hesitate to reach out to our customer support team for further assistance."
change_order,how can I switch an article of purchase {{Order Number}}?,"I can sense that you're looking to switch an article for purchase number {{Order Number}}. To assist you with this, I recommend reaching out to our customer support team directly. They have the necessary tools and expertise to help you make the desired changes to your purchase. You can contact them at {{Customer Support Phone Number}} or through the Live Chat on our website at {{Website URL}}. They will guide you through the process and ensure that you can switch the article seamlessly."
change_order,I want help to swap several items of purchase {{Order Number}},"I'm sensitive to the fact that you need assistance with swapping several items in your purchase with the order number {{Order Number}}. Thank you for bringing this to our attention. To ensure that we can process your request accurately, could you please provide the details of the items you would like to swap? This will enable us to assist you promptly and make the necessary arrangements. We appreciate your patience and cooperation in resolving this matter to your satisfaction."
change_order,want assistance to switch several items of purchase {{Order Number}},"We understand that you're seeking assistance with switching multiple items in purchase number {{Order Number}}. We appreciate your request to modify your order and ensure it aligns perfectly with your preferences. To assist you further, we kindly request you provide us with the specific details of the items you would like to switch. This will allow us to promptly make the necessary updates and ensure your utmost satisfaction. We're here to help and look forward to hearing from you soon."
change_order,help removing several products from purchase {{Order Number}},"We understand your need to remove several products from purchase number {{Order Number}} and we're here to assist you with that. To ensure accuracy, could you please provide us with the specific products you would like to remove? Once we have the details, we will promptly make the necessary adjustments for you. We appreciate your patience and cooperation in this matter. Is there anything else we can help you with?"
change_order,how to change order {{Order Number}}?,"Indeed! I understand that you're looking for guidance on how to change your order with the number {{Order Number}}. To assist you with this, please follow the steps below:

1. Log in to your account on our website.
2. Navigate to the ""Orders"" section.
3. Find the specific order you want to change and select it.
4. Look for the option to make changes or modify the order.
5. Follow the prompts or instructions provided to make the necessary changes.
6. Review the changes you have made to ensure they are accurate.
7. Once you are satisfied with the modifications, proceed to check out or save the changes.

If you encounter any difficulties or have further questions, please don't hesitate to reach out to our customer support team. We are here to assist you throughout the process."
change_order,could ya help me changing an item of order {{Order Number}},"Sure! I'm here to assist you with changing an item in your order with the number {{Order Number}}. Please provide me with the details of the item you wish to modify, such as the product name or SKU. Once I have the necessary information, I'll guide you through the process and ensure that the changes are made to your satisfaction. Let's work together to make sure your order is exactly as you want it!"
change_order,how can I change some articles of order {{Order Number}}?,"Appreciate your message to us with your request to change some articles in order number {{Order Number}}. We understand the importance of ensuring that your order is exactly what you desire. To assist you with making the necessary changes, please provide us with the specific articles you would like to modify. Once we have this information, our team will work diligently to fulfill your request. We greatly appreciate your patience and understanding as we strive to provide you with the best possible service."
change_order,i have to delete som items from purchase {{Order Number}},"We understand that you need to delete some items from purchase number {{Order Number}}. We apologize for any inconvenience caused. To assist you with this, could you please provide us with the specific items you would like to delete? This will help us ensure that we accurately make the adjustments to your purchase. Thank you for bringing this to our attention, and we appreciate your patience as we work on resolving this for you."
change_order,updating purchase {{Order Number}},"We understand that you are looking to update your purchase with the number #{{Order Number}}. We appreciate your proactive approach to making adjustments to ensure your satisfaction. To assist you with this, could you please let us know what specific updates you would like to make to your purchase? Our goal is to ensure that your purchase meets your expectations, and we are here to help you with any modifications you may need."
change_order,help me update purchase {{Order Number}},I've grasped that you need assistance with updating purchase number {{Order Number}}. We are here to help you make the necessary adjustments. Could you please provide more details about the changes you would like to make to your purchase?
change_order,help with editing order {{Order Number}},"We're here for you to us regarding your request to edit order number {{Order Number}}. We understand how important it is for you to make changes to your order, and we're here to assist you every step of the way. Can you please provide more details about the specific changes you would like to make? This will allow us to better understand your needs and provide you with the appropriate guidance. We appreciate your patience and cooperation as we work together to ensure your order is just as you envisioned."
change_order,i have to delete an product from order {{Order Number}},"Thank you for your message to us about your order with the number #{{Order Number}}. We understand that you need to delete a product from this order. To assist you with this, could you please provide us with the specific details of the product you wish to remove? Once we have the necessary information, we will take immediate action to update your order accordingly."
change_order,wannha add a goddamn item to order {{Order Number}},"We understand that you want to add an item to order number {{Order Number}}. We apologize for any inconvenience you may have experienced. To assist you with this, could you please provide us with the details of the item you would like to add? This will enable us to process your request promptly and accurately. We appreciate your patience and look forward to resolving this matter for you. Let us know how we can help!"
change_order,need help to correc order {{Order Number}},I've observed that you need assistance with correcting order number {{Order Number}}. I'm here to help you with that. Could you please provide more details about the correction you would like to make? This will help me provide you with the most accurate solution.
change_order,I need to switch several items of order {{Order Number}},"We understand that you would like to switch several items in order number {{Order Number}}. We apologize for any inconvenience this may have caused. To assist you with this request, could you please provide us with the specific items you would like to switch? Once we have this information, we will do our best to accommodate your request and ensure your satisfaction."
change_order,swap an item of order {{Order Number}},"Thank you for reaching out! We understand that you would like to swap an item in your order with the number #{{Order Number}}. We are here to assist you with this request. Please provide us with the details of the item you wish to swap, including the product name, size, and quantity. Once we have the necessary information, we will ensure that the item is exchanged promptly. Your satisfaction is our top priority, and we appreciate your patience as we work to resolve this matter for you."
change_order,edit order {{Order Number}},"We've received your message to us regarding the need to edit order number {{Order Number}}. We appreciate your attention to detail and your desire to ensure your order is just as you envision it. To assist you further, could you please let us know the specific changes you would like to make to your order? Whether it's updating the quantity, changing the color, or any other modifications, we want to ensure we fulfill your requirements to the best of our ability. Your feedback and input are valuable to us, and we're here to make your shopping experience as seamless as possible."
change_order,I forgot to include an item in purchase {{Order Number}},"I appreciate you reaching out to us regarding your purchase with order number {{Order Number}}. We understand that you forgot to include an item in your purchase, and we genuinely apologize for any inconvenience caused.
To assist you further, could you please provide us with the details of the item you would like to include in your purchase? Our team will do their best to accommodate your request and make the necessary adjustments for you.
We truly value your satisfaction and want to ensure that your purchase fulfills all your needs."
change_order,help updating purchase {{Order Number}},"Appreciate you reaching out to us for assistance with updating your purchase with order number {{Order Number}}. Rest assured, we are here to help you navigate through this process seamlessly. Could you please provide more details on the specific changes you would like to make? This will help us understand your needs better and provide you with accurate guidance. We value your satisfaction and are committed to ensuring that your purchase meets your expectations."
change_order,help swapping an article of purchase113542617735902,"Appreciate your message to us regarding your request to swap an article in purchase number {{Order Number}}. We understand that you may have changed your mind or made a mistake with one of the articles included in your purchase. Rest assured, our team is here to assist you in resolving this matter.

To proceed with swapping the article, we kindly ask you to provide us with the following details: 
1. The name or description of the article you wish to swap.
2. The replacement article you would like to add to your purchase.

With this information, our team will promptly process the swap and make the necessary adjustments to your purchase order. If there are any additional concerns or questions you have, feel free to let us know, as we are committed to ensuring your satisfaction.

Please note that any price differences or potential shipping adjustments may be applied accordingly. We appreciate your understanding and patience during this process.

We look forward to assisting you further and providing you with a seamless shopping experience."
change_order,i need assistance editing purchase {{Order Number}},"We understand that you need assistance editing purchase number {{Order Number}}. We are here to help you make the necessary adjustments. Could you please provide more details about the specific changes you would like to make? Whether it's updating the items or modifying the delivery address, our team is ready to assist you. Your satisfaction is our priority, and we want to make sure your purchase is exactly as you envisioned it."
change_order,question about changing purchaes {{Order Number}},"Glad you contacted with your question about changing purchases. We value your concerns and aim to provide the assistance you need. To better understand your query, could you please provide further details on the specific changes you would like to make to purchase number {{Order Number}}? This will allow us to provide you with accurate and tailored guidance. We are committed to ensuring your satisfaction and are here to help in any way we can."
change_order,switch something of order {{Order Number}},Thank you for reaching out! I completely understand that you're looking to switch something in your order with the number {{Order Number}}. I'm here to help you with that. Could you please provide me with more details about what you'd like to switch? This will allow me to assist you more effectively.
change_order,help updating order {{Order Number}},"We understand that you need assistance with updating order number {{Order Number}}. We're here to help! To provide you with the most accurate information and guidance, could you please let us know specifically what changes you would like to make to your order? This will allow us to address your request efficiently and ensure that your order meets your expectations. We appreciate your patience and look forward to assisting you further."
change_order,i have to change something of oirder {{Order Number}} i need help,"Thank you for bringing this to our attention. I understand that you need assistance with making changes to order number {{Order Number}}. Rest assured, I'm here to help. Could you please provide more specific details about the changes you would like to make? This will allow me to provide you with the most accurate assistance."
change_order,update purchase {{Order Number}},Appreciate you reaching out to us regarding the need to update your purchase with order number {{Order Number}}. We value your satisfaction and will do our best to assist you. Could you please provide more details on the specific updates you would like to make to your purchase? This will help us ensure that we address your request accurately and efficiently. We are here to help!
change_order,help me to change a goddamn product of order {{Order Number}},"I appreciate your request to change a product in order {{Order Number}}. I understand that it can be frustrating when you need to make modifications to your order. Rest assured, I'm here to assist you with this process. To get started, could you please provide me with the details of the product you would like to change? This information will help me ensure that I address your request accurately and efficiently."
change_order,can I edit order {{Order Number}}?,"We understand that you would like to edit order number #{{Order Number}}. We are here to assist you with that. Please provide us with the specific changes you would like to make to your order, such as adding or removing items, changing quantities, or updating shipping information. Our team will do their best to accommodate your request and ensure that your order meets your expectations. Thank you for reaching out to us for assistance in modifying your order."
change_order,how can i remove some articles from purchase {{Order Number}},"We understand that you would like to remove items from purchase number {{Order Number}}. To assist you with this, please follow these steps:

1. Visit our website and log in to your account.
2. Navigate to your order history.
3. Locate the purchase with order number {{Order Number}}.
4. Click on the order details to view the items.
5. Identify the articles you wish to remove.
6. Select the option to remove or delete the items.
7. Confirm the changes.
8. Verify that the items have been successfully removed from your purchase.

If you encounter any difficulties or need further assistance, our customer support team is available {{Customer Support Hours}} at {{Customer Support Phone Number}} or through the Live Chat on our website at {{Website URL}}. We're here to help make sure your purchase is exactly as you desire."
change_order,wanna remove something from order {{Order Number}} can ya hnelp me,"We understand that you would like to remove an item from order number {{Order Number}}. We apologize for any inconvenience caused. To assist you better, could you please provide us with the specific item(s) you wish to remove? Once we have this information, we can proceed with the necessary modifications. Thank you for your cooperation in making your order exactly as you desire."
change_order,can you help me adding an itm to order {{Order Number}}?,"I appreciate your request for assistance with adding an item to order number {{Order Number}}. Rest assured, I'm here to help. To proceed, please provide me with the details of the item you'd like to add, such as the item name or SKU. With this information, I'll ensure that the item is successfully added to your order. Thank you for your patience and cooperation."
change_order,can you help me to update order {{Order Number}}?,"We understand that you need assistance in updating order number {{Order Number}}. We apologize for any inconvenience caused and we're here to help you with this. To provide you the most accurate information, could you please specify what changes you would like to make to your order? By understanding your preferences, we'll be able to ensure that your order is exactly how you want it."
change_order,want assistance to switch something of purchase {{Order Number}},"We appreciate you reaching out to us for assistance with modifying your purchase with the number #{{Order Number}}. We understand that you need to make a switch regarding something in your purchase, and we're here to help. To better assist you, could you please provide specific details about what you would like to switch? This will enable us to provide you with the most accurate guidance. We value your satisfaction and look forward to resolving this issue for you."
change_order,edit order  {{Order Number}},"I understood, you would like to edit order number {{Order Number}}. Our team is here to assist you in making the necessary changes. Could you please provide more details about the specific edits you would like to make? This will help us ensure that your order is customized to your exact preferences. Thank you for reaching out, and we appreciate your patience as we work together to modify your order in the best possible way."
change_order,how do i delet some items from order {{Order Number}},"Thank you for bringing this to our attention. We understand that you would like assistance in deleting some items from order number {{Order Number}}. We apologize for any inconvenience caused. To ensure we can assist you effectively, could you please provide us with the specific items you would like to remove from your order? This will allow us to promptly proceed with the necessary changes. Thank you for your patience and cooperation."
change_order,I am trying to swap some goddamn items of purchase {{Order Number}},"Thank you for bringing this to our attention! I understand that you are looking to swap some items in your purchase with the number {{Order Number}}. Our goal is to ensure that you have the best shopping experience and that your order meets your expectations. To assist you further, could you please provide the details of the specific items that you would like to swap? This will allow us to promptly process your request and make the necessary adjustments. We appreciate your patience and look forward to resolving this for you."
change_order,i have made a mistake i wanna edit order {{Order Number}},"I've become conscious that you have made a mistake and would like to edit order number {{Order Number}}. I apologize for any inconvenience caused, and I'm here to assist you with the necessary changes. Can you please provide me with the specific details of the modifications you would like to make to your order? This will help us ensure that your order is exactly as you expect it to be. Thank you for bringing this to our attention, and we'll work together to make the necessary adjustments to your order."
change_order,I'd like to add a prdouct to purchase {{Order Number}} will uhelp me,"Thank you for reaching out to us with your request. I understand that you would like to add a product to your purchase with the purchase number {{Order Number}}. I'll be glad to assist you with this. To better assist you, can you please provide me with the details of the product you would like to add? This way, we can ensure that the product is successfully included in your purchase. Thank you for your cooperation, and I'm here to help you throughout the process."
change_order,"I hav got to change order {{Order Number}}, help me",I've understood that you need assistance in changing order number {{Order Number}}. Our team is here to help you with that. Could you please provide more details about the specific changes you would like to make? This will help us ensure that we provide you with the most accurate and efficient support. Thank you for reaching out to us.
change_order,I do not know how to switch some items of order {{Order Number}},"I'm attuned to the idea that you're unsure about how to switch some items in your order with the number {{Order Number}}. Allow me to guide you through the process. To begin, you can go to your account page and locate the order details for order {{Order Number}}. From there, you should see an option to modify the items in your order. If you're unable to find this option or encounter any difficulties, please don't hesitate to let me know, and I'll be more than happy to assist you further. We want to ensure that switching your items is a smooth and hassle-free experience for you."
change_order,question about changing purchase {{Order Number}},"Glad you contacted to us with your question about changing purchase number {{Order Number}}. We're here to assist you with any modifications you need to make. Please let us know the specific changes you would like to make to your purchase, and we will do our best to accommodate your request. Your satisfaction is our top priority, and we appreciate your patience as we work towards resolving your inquiry."
change_order,how to edit order {{Order Number}},"I appreciate your inquiry about editing order number {{Order Number}}. To make modifications to your order, you have a few options. Firstly, you can reach out to our customer service team either through our website's live chat or by calling {{Customer Support Phone Number}}. They will be happy to assist you with any changes you need to make. Additionally, you can also log in to your account on our website, go to your order history, and select the order you want to modify. From there, you should be able to find an option to edit the order details or add/remove items. If you encounter any difficulties during the process, please let me know, and I'll be glad to provide further guidance."
change_order,I want to correct purchase {{Order Number}},We understand your desire to correct purchase number {{Order Number}}. Making sure your order is accurate and satisfactory is our priority. Could you please let us know specifically what correction you would like to make? This information will enable us to assist you effectively and ensure that your purchase reflects your preferences.
change_order,I'm trying to modify purchase {{Order Number}},"We understand that you're looking to make modifications to purchase number {{Order Number}}. Your satisfaction is our priority, and we're here to assist you with any changes you'd like to make. Could you please provide us with more details about the modifications you want to make? With this information, we'll be able to better understand your needs and provide appropriate guidance."
change_order,I am trying to add an article to order {{Order Number}},"I appreciate your request to add an article to order number {{Order Number}}. We understand the importance of customizing your order to meet your needs, and we're here to assist you with that. Could you please provide us with the details of the article you would like to add? This will allow us to ensure your order is tailored exactly to your specifications."
change_order,correcting order {{Order Number}},"We understand that you want to make corrections to order number #{{Order Number}}. We apologize for any inconvenience caused and are committed to assisting you in resolving this issue. To ensure that we accurately address your concerns, could you please provide more details about the specific corrections you would like to make? This will help us better understand your requirements and provide you with the appropriate solutions. We appreciate your patience and cooperation as we work together to rectify any errors and ensure your complete satisfaction."
change_order,i amde a mistake i wanna edit order {{Order Number}},"We understand that you made a mistake with your order number {{Order Number}} and would like to make some edits. We apologize for any inconvenience this may have caused. To assist you further, could you please provide us with the specific changes you would like to make to your order? Our goal is to ensure that your order meets your expectations. Your feedback is essential in helping us improve our services."
change_order,I want help to update order {{Order Number}},"We're here for you to us for assistance in updating your order with the number {{Order Number}}. We understand that sometimes there may be changes or modifications needed for your order, and we're here to help. To ensure we provide you with the most accurate assistance, could you please specify the updates you would like to make? Whether it's adding or removing items, changing quantities, or updating the shipping address, we're here to ensure your order meets your expectations. Please provide us with the details, and we'll work together to make the necessary updates."
change_order,add article to order {{Order Number}},"Thank you for contacting us regarding your request to add an article to order number {{Order Number}}. I'm here to assist you with that. To ensure an accurate and seamless experience, I need a little more information. Could you please provide the details of the article you would like to add? This will help me to make the necessary arrangements to accommodate your request and update your order accordingly. Let me know how I can further assist you."
change_order,help editing purchase {{Order Number}},"We understand that you need assistance with editing purchase number {{Order Number}}. We are here to help! To ensure that we provide you with the best possible assistance, please let us know what specific changes you would like to make to your purchase. Whether it's updating the quantity of an item, changing the shipping address, or modifying any other details, just let us know and we'll guide you through the process step by step. Your satisfaction is our top priority, and we are committed to ensuring that your purchase meets your expectations."
change_order,could you help me update order {{Order Number}}?,"I'll get right on it! We understand that you need assistance with updating order number {{Order Number}}. We're here to help you through the process and make any necessary changes to your order. To start, could you please provide more details about the specific updates you would like to make? This will allow us to better assist you and ensure your order is exactly as you want it."
change_order,I want assistance to change purchase {{Order Number}},"Thank you for contacting to us regarding your request to change purchase number {{Order Number}}. We understand that you would like assistance with this matter, and we are here to help. Please provide us with the specific details of the changes you would like to make, such as the items you want to modify or any other requirements you may have. Our team will work diligently to ensure that your purchase is tailored to your needs and preferences. Feel free to ask any questions or share any additional information you think is relevant."
change_order,need help removing several items from order {{Order Number}},"We understand that you need assistance with removing several items from your order with order number {{Order Number}}. We apologize for any inconvenience this may have caused you. In order to assist you further, could you please provide us with the specific items you would like to remove? This will help us ensure that the necessary changes are made accurately and promptly. Thank you for bringing this to our attention, and we appreciate your patience as we work to resolve this matter for you."
change_order,give me information aout editing order {{Order Number}},"I acknowledge that you're seeking information regarding editing order number {{Order Number}}. Making changes to an existing order is an important aspect of our service, and we want to ensure that you have all the necessary information to proceed. Could you please provide more specific details about the changes you'd like to make? This will allow us to give you accurate and personalized guidance on how to edit your order successfully. We're here to assist you every step of the way."
change_order,"I would like to correct order {{Order Number}}, will you help me?","We understand that you have a request to correct order number {{Order Number}}. We're here to assist you with that. Could you please provide more details about the correction you would like to make? Your satisfaction is our priority, and we want to ensure we address your concerns accurately."
change_order,how could I switch some products of order {{Order Number}}?,"We appreciate your reaching out for assistance with switching some products in your order with the number {{Order Number}}. To proceed with the switch, please follow these steps:

1. Log in to your account on our website.
2. Navigate to the ""My Orders"" section.
3. Locate the order with the number {{Order Number}} and click on it.
4. You will see a list of items included in the order. Identify the product(s) you wish to switch.
5. Contact our customer support team through the Live Chat feature or the provided phone number, and inform them about the specific products you want to switch. They will guide you through the process and provide further instructions.

Rest assured, we are here to ensure a smooth and satisfactory experience throughout the switch. For any additional queries or concerns, please don't hesitate to reach out."
change_order,how to correct order {{Order Number}}?,"I appreciate you reaching out to us regarding the correction of order number {{Order Number}}. We understand the importance of ensuring the accuracy of your order, and we're here to help. To correct your order, please follow these steps:

1. Log in to your account on our website.
2. Navigate to the ""My Orders"" section.
3. Locate the order with number {{Order Number}}.
4. Click on the order to view the details.
5. Look for the option to make changes or edit the order.
6. Follow the instructions provided to make the necessary corrections.
7. Double-check the changes you made for accuracy.
8. If necessary, save the changes before proceeding.

Please note that the availability of the editing feature may depend on the specific order status and our system capabilities. If you encounter any difficulties or have further questions, don't hesitate to reach out to our customer support team for further assistance. We're here to ensure your order is just as you want it to be."
change_order,I want help swapping an item of order {{Order Number}},"I gather that you're looking to swap an item in your order with the number {{Order Number}}. I apologize for any inconvenience caused by this situation. To assist you with this request, could you please provide the details of the item you wish to swap, as well as the replacement item you would like to add? This information will enable us to process the swap accurately and efficiently. Your satisfaction is our priority, and we are here to ensure a smooth and seamless shopping experience for you."
change_order,how could I swap some products of purchase {{Order Number}}?,"We appreciate you reaching out to us regarding your purchase with order number {{Order Number}} and your desire to swap some products. We understand the importance of ensuring you receive the items that meet your expectations. To facilitate this process, we recommend contacting our customer support team directly. They have the expertise to assist you in making the necessary changes to your purchase. Our team is available {{Customer Support Hours}} at {{Customer Support Phone Number}} or through the Live Chat on our website at {{Website URL}}. They will guide you through the process of swapping the products in your purchase. We value your satisfaction and will do everything we can to ensure your order meets your needs."
change_order,help me editingorder {{Order Number}},"I'm here to assist you with editing order number {{Order Number}}. Thank you for reaching out! To better assist you, could you please provide more details about the specific changes you would like to make? This will help us ensure that we accurately address your request. Your satisfaction is our top priority, and we'll do our best to make the necessary adjustments."
change_order,need help to swap an item of order {{Order Number}},"We're here to help to us for assistance with swapping an item from order number {{Order Number}}. We are here to help you with this request. Please provide us with the details of the item you would like to swap, including the specific product name or SKU. Once we have this information, we can guide you through the process and ensure that the item swap is completed successfully. Your satisfaction is our top priority, and we appreciate your patience and cooperation in resolving this matter."
change_order,"I have to swap some items of purchase {{Order Number}}, help me","We value your outreach! I'm in tune with the fact that you need assistance with swapping some items in your purchase with the number {{Order Number}}. Rest assured, I'm here to help. To ensure we get this right, could you please provide me with the details of the items you would like to swap? Once I have more information, I will guide you through the process and make sure your purchase is just as you envision."
change_order,how to modify order {{Order Number}}?,"I'll get right on it! I understand that you would like to modify order number {{Order Number}}. To make modifications to your order, please follow these steps:
1. Log in to your account on our website/app.
2. Go to your ""Order History"" or ""My Orders"" page.
3. Locate the order with the number {{Order Number}}.
4. Click on the ""Modify"" or ""Edit"" option next to the order.
5. Choose the specific changes you would like to make, such as adding or removing items, updating quantities, or changing shipping details.
6. Review the changes and confirm them.
7. If you encounter any issues or need further assistance, please feel free to reach out to our customer support team, and they will be happy to help.
Thank you for choosing our service, and we appreciate your flexibility in modifying your order to better suit your needs."
change_order,add item to purchase {{Order Number}},"We appreciate your request to add an item to purchase number {{Order Number}}. We understand that sometimes there may be a need to modify your purchase and we're here to assist you with that. To ensure accuracy, could you please provide us with the details of the item you would like to add? Our team will work promptly to update your purchase and provide you with the best service possible."
change_order,want assistance deleting some items from order {{Order Number}},"Thank you for trusting to us for assistance with deleting some items from order number {{Order Number}}. We understand that you may have changed your mind or no longer require certain articles in your order. We apologize for any inconvenience caused. To ensure we provide accurate and prompt assistance, please provide us with the specific details of the items you would like to remove. Our team will work diligently to make the necessary adjustments and ensure your satisfaction. Your feedback is invaluable in helping us improve our services. How can we assist you further?"
change_order,edtiing order {{Order Number}},"Thank you for contacting us regarding the editing of order number {{Order Number}}. I apologize for any inconvenience caused by the need for modifications. To assist you further, could you please provide specific details about the changes you would like to make to this order? Your satisfaction is our priority, and we appreciate your patience and collaboration in ensuring that your order meets your expectations."
change_order,i try to change some items of order {{Order Number}},"Thank you for bringing up your concern about changing some items in order number #{{Order Number}}. We understand that having the ability to customize your order is crucial. To assist you further, could you please specify the items you would like to modify? Providing us with this information will help us ensure that we accurately process your request and make the necessary adjustments to your satisfaction."
change_order,can I update purchase {{Order Number}}?,"I'll make it happen! I understand your desire to update your purchase with order number {{Order Number}}. We want to ensure that your order meets your expectations. Please provide us with the specific changes you would like to make, such as adding or removing items, modifying quantities, or updating shipping details. Our team is here to assist you in making the necessary updates to your purchase. Let us know how we can help!"
change_order,help to correct purchase {{Order Number}},"Happy to get your message to us for assistance with correcting your purchase with order number {{Order Number}}. We understand the importance of ensuring that your purchase is accurate and meets your expectations. To make the necessary corrections, could you please provide more details about the specific changes you would like to make? Our team is ready to help you throughout the process and ensure that your purchase is just as you intended."
change_order,i made a mistake help me change order {{Order Number}},"We understand that mistakes can happen, and we're here to help you resolve this issue with order number {{Order Number}}. Could you please provide us with more details about the changes you'd like to make? Whether it's updating the items, delivery address, or any other specific modification, our team is dedicated to assisting you with your request. Your satisfaction is our top priority, and we want to ensure that your order meets your expectations."
change_order,"I have to change purchase {{Order Number}}, help me",I'm on it! We understand that you need to make changes to purchase number {{Order Number}}. Our team is here to assist you in resolving this issue. Could you please provide details about the specific changes you would like to make? This will help us ensure that we address your request accurately and efficiently. We appreciate your cooperation and will do our best to assist you.
change_order,cqn i swap several items of purchase {{Order Number}},"We understand that you would like to swap several items from purchase number {{Order Number}}. We apologize for any inconvenience caused by the items not meeting your expectations. To assist you with the swap, could you please provide more details on the items you wish to swap? This will help us ensure a smooth and hassle-free process for you. We value your satisfaction and will make every effort to fulfill your request promptly."
change_order,remove article from purchase {{Order Number}},"We appreciate you reaching out to us for assistance in removing an article from purchase number {{Order Number}}. Your satisfaction is our top priority, and we are here to help. Could you please provide the specific details of the article you would like to remove? This will allow us to take the necessary steps to assist you further and ensure a seamless process. Thank you for your cooperation."
change_order,i want help to delete a product from order {{Order Number}},"We understand that you would like assistance in deleting a product from order number {{Order Number}}. We apologize for any inconvenience caused. To better assist you, could you please provide us with the details of the product you wish to remove from your order? This will help us ensure that the necessary actions are taken promptly. Your satisfaction is our top priority, and we appreciate your patience as we work towards resolving this matter."
change_order,add some products to order {{Order Number}},"Thanks for dropping us a line to us regarding an addition to your order with the number {{Order Number}}. We appreciate your continued support! To assist you further, could you please provide the details of the products you would like to add? This will help us ensure that your order is accurate and meets your expectations. We look forward to assisting you with your purchase!"
change_order,i need help to add a product to order {{Order Number}},"We truly understand your need to add a product to order number {{Order Number}}. We're here to assist you with that. Could you please provide us with the details of the product you'd like to add? Once we have the information, we'll ensure the necessary steps are taken to include it in your order. Your satisfaction is paramount, and we're committed to making your experience seamless. Let us know how we can further assist you."
change_order,can i modify order {{Order Number}},Thank you for reaching out! We understand that you would like to modify order number {{Order Number}}. We're here to assist you with that. Could you please provide more details on the specific modifications you'd like to make to your order? This will help us ensure we provide you with the most accurate and efficient support.
change_order,help to change an article of purchase {{Order Number}},"Thank you for your message to us for help with changing an item in your purchase with order number {{Order Number}}. We understand that sometimes you may need to make adjustments to your order, and we're here to assist you with that. To ensure we provide you with the best possible solution, could you please provide us with the details of the article you would like to change? Once we have this information, we'll be able to guide you through the process and make sure your purchase meets your expectations. Your satisfaction is our top priority."
change_order,"I have to modify purchase {{Order Number}}, I need assistance","We understand that you need assistance in modifying your purchase with the number #{{Order Number}}. Our team is here to help you with any changes you would like to make. Could you please provide us with more details about the modifications you would like to make? This will enable us to offer you the best possible solution. Your satisfaction is our priority, and we appreciate your trust in our services."
change_order,help me edit order {{Order Number}},"We understand that you need assistance editing your order with the number {{Order Number}}. We're here to help you make any necessary modifications to ensure your satisfaction. Please provide us with specific details about the changes you would like to make, such as adding or removing items, updating quantities, or modifying shipping information. Your input is valuable in helping us tailor your order to your preferences."
change_order,can you help me changing purchase {{Order Number}}?,Of course! I understand that you need assistance with changing purchase number {{Order Number}}. We're here to help you navigate through this process smoothly. Could you please provide more details about the changes you would like to make to your purchase? This will enable us to address your request accurately and efficiently.
change_order,I cannot add a product to purchase {{Order Number}},"Thank you for bringing this issue to our attention. I understand that you're experiencing difficulties adding a product to your purchase with order number {{Order Number}}. I apologize for any inconvenience this may have caused. To better assist you, could you please provide more details about the error message or steps you've taken so far? Our team is committed to finding a solution and making sure your purchase is as seamless as possible."
change_order,can uhelp me to delete an item from purchase {{Order Number}},"We appreciate your reaching out to us for assistance with deleting an item from purchase number #{{Order Number}}. We understand the importance of getting your order just right. To help us assist you better, could you please provide us with the specific item you would like to delete? Our team is here to ensure your satisfaction and make the necessary adjustments to your order. Let us know, and we'll take care of it promptly for you."
change_order,how to remove an item from order {{Order Number}},"We understand that you would like to remove an item from order number {{Order Number}}. We're here to assist you with that. To proceed with removing the item, please follow these steps:

1. Log in to your account on our website.
2. Navigate to your order history or account settings.
3. Locate the specific order with the order number {{Order Number}}.
4. Click on the order to view the details.
5. Identify the item you wish to remove and select the option to remove or delete it.
6. Confirm the removal of the item when prompted.

By following these steps, you should be able to successfully remove the item from your order. If you encounter any difficulties or have any further questions, please don't hesitate to reach out to our customer support team for additional assistance."
change_order,need help to swap a fucking article of purchase {{Order Number}},"We understand that you would like assistance with swapping an article in purchase number #{{Order Number}}. We apologize for any frustration caused, and we're here to help you resolve this issue as quickly as possible. Please provide us with the details of the article you wish to swap so that we can assist you further. Your satisfaction is our top priority, and we want to ensure that your purchase meets your expectations. How can we assist you further today?"
change_order,I have got to change an article of purchase {{Order Number}},"We're here for you to us with your request to change an article from purchase number {{Order Number}}. We understand that sometimes adjustments need to be made to your orders, and we're here to assist you. To proceed with the modification, could you please provide us with the details of the article you wish to change and the desired replacement? Our team will work diligently to ensure the best possible outcome for you."
change_order,need help to deete a fucking item from order {{Order Number}},"Thank you for trusting to us with your request for assistance. I can understand your frustration and I apologize if you have encountered any difficulties. Rest assured, we are here to help you resolve the issue efficiently. To assist you further, could you please provide me with the details of the item you would like to delete from order number {{Order Number}}? Our team will take immediate action to address your concern and ensure your satisfaction."
change_order,help switching an article of order {{Order Number}},"Thank you for reaching out to us with your request to switch an article in order number #{{Order Number}}. We understand that sometimes changes are needed to ensure your complete satisfaction with your purchase. In order to assist you with this, could you please provide us with the details of the article you would like to switch and the replacement article you have in mind? This way, we can work together to find the best solution for you. We appreciate your patience and cooperation as we strive to make your shopping experience exceptional."
change_order,could I delete an item from purchase {{Order Number}}?,"Thank you for contacting us. I understand that you would like to delete an item from your purchase with the number {{Order Number}}. I'm here to assist you with this matter. To proceed with the deletion, we will need some details from you. Could you please provide the specific item(s) you wish to remove? Once we have the necessary information, we will take the necessary steps to process your request. Our goal is to ensure your complete satisfaction with your purchase."
change_order,could you help me to delete something?,"Assuredly! I understand that you're seeking assistance with deleting an item. To better assist you, could you please provide the order or purchase number associated with the item you wish to delete? With this information, I'll be able to guide you through the process and ensure that your request is handled accurately and efficiently."
change_order,how do I edit order {{Order Number}}?,"We appreciate you reaching out to us for assistance with editing your order. To make changes to order number {{Order Number}}, please follow these steps:

1. Log in to your account on our website or app.
2. Go to the ""My Orders"" or ""Order History"" section.
3. Locate order number {{Order Number}} and click on it to view the order details.
4. Look for an option or button that says ""Edit Order"" or ""Modify Order"" and click on it.
5. You will be directed to a page where you can make the desired changes to your order, such as updating quantities, removing or adding items, or changing the shipping address.
6. After making the necessary edits, review the changes carefully and click on the ""Save Changes"" or ""Update Order"" button.
7. You may be prompted to confirm the changes before finalizing them.
8. Once you've successfully edited your order, you will receive a confirmation email with the updated order details.

If you encounter any difficulties or have further questions, please don't hesitate to reach out to our customer support team. They are available {{Customer Support Hours}} at {{Customer Support Phone Number}} or through the Live Chat on our website at {{Website URL}}. We are here to assist you throughout the process and ensure that your order is modified to your satisfaction."
change_order,can you help me to delete something from order {{Order Number}}?,I'm not mistaken your request to delete an item from order number {{Order Number}}. It's important to us that you have full control over your order and we're here to assist you. Could you please provide more details about the item you would like to delete? This will allow us to make the necessary adjustments and ensure your complete satisfaction.
change_order,I try to delete a product from order {{Order Number}},"We understand your request to delete a product from order number {{Order Number}}. We apologize for any inconvenience you may have faced while trying to make this change. To help you with this, could you please provide the specific details of the product you would like to delete? Our team will do their best to assist you in making the necessary adjustments to your order. Thank you for bringing this to our attention."
change_order,I want help to change purchase {{Order Number}},"We're here to help to us for assistance with changing your purchase with the number {{Order Number}}. We understand that sometimes plans change, and we're here to help. Could you please provide more details about what specific changes you would like to make to your purchase? This will enable us to assist you better and ensure that your purchase meets your expectations."
change_order,i hasve got to update purchase {{Order Number}},"We're here to help to us regarding the need to update your purchase with order number {{Order Number}}. We appreciate your proactive approach in making sure your purchase is exactly as you desire. To assist you with the update, could you please specify the changes you would like to make? Our team is ready to help you and ensure your complete satisfaction."
change_order,i have got to remove an item from order {{Order Number}} help me,"Thank you for contacting us for assistance with removing an item from order number {{Order Number}}. We understand the importance of addressing your request promptly. To ensure we provide you with the correct instructions, could you please provide us with the details of the item you would like to remove? Your satisfaction is our priority, and we are here to help you every step of the way."
change_order,I have to delete several items from purchase {{Order Number}},"Thanks for dropping us a line to us with your inquiry about deleting several items from purchase with the number {{Order Number}}. We understand that you may have changed your mind or encountered any other reasons for modifying your order. Our team is here to provide the necessary assistance. To help you with this request, could you please provide us with the specific items you would like to remove? This way, we can ensure that the necessary changes are made promptly and accurately. We appreciate your cooperation and look forward to helping you with your purchase modification."
change_order,help deleting some products from purchase {{Order Number}},"Thank you for your message to us for assistance with deleting some products from purchase number {{Order Number}}. We understand that you would like to make modifications to your order, and we're here to help you. To proceed with the deletion, could you please provide us with the specific details of the products you wish to remove? By having this information, we will ensure that the required changes are accurately made to your purchase. Your satisfaction is our priority, and we appreciate your cooperation in this matter."
change_order,want help to swap several items of order {{Order Number}},"I appreciate your request for assistance with swapping several items in order number {{Order Number}}. We acknowledge the importance of ensuring that your order meets your expectations. To proceed with the exchange, kindly provide us with the specific details of the items you would like to swap. Our team will promptly address your request and make the necessary changes. Your satisfaction is our utmost priority, and we are here to ensure a seamless experience for you."
change_order,deleting item from order {{Order Number}},"We understand that you would like to delete an item from order number {{Order Number}}. We appreciate your desire to modify your order and ensure that it meets your requirements. To assist you properly, could you please provide us with the item that needs to be deleted? Our team is committed to resolving this matter promptly and ensuring your complete satisfaction."
change_order,how to swap some articles of order {{Order Number}}?,"We appreciate your inquiry about swapping articles for your order with the number #{{Order Number}}. To proceed with the swap, I recommend reaching out to our customer support team. They are equipped with the necessary tools to assist you in modifying your order. You can contact them at {{Customer Support Phone Number}} or through the Live Chat on our website at {{Website URL}}. They will guide you through the process and ensure that your order is adjusted according to your preferences. Please let me know if there is anything else I can assist you with."
change_order,I want information about updating order {{Order Number}},"We understand that you are seeking information regarding updating order number #{{Order Number}}. Our team is here to assist you with this request. Could you please provide us with more specific details on the updates or changes you would like to make to the order? This will enable us to provide you with accurate and helpful guidance. We are committed to ensuring your satisfaction, and we appreciate your patience and cooperation in resolving this matter."
change_order,help me change purchase {{Order Number}},"We understand that you need assistance with changing your purchase with the number #{{Order Number}}. We're here to help! To better assist you, could you please provide some more details about the changes you would like to make? This will enable us to provide you with the most accurate guidance and support."
change_order,i made an mistake could i modify order {{Order Number}},"Apologies for any inconvenience caused by the mistake in your order with the order number {{Order Number}}. I completely understand your desire to rectify it. We are here to help. Please provide us with the specific details of the modification you would like to make, and we will do our best to assist you in making the necessary changes. Your satisfaction is our priority, and we appreciate your understanding and patience as we work to resolve this issue."
change_order,update order {{Order Number}},"Thank you for getting in touch with us regarding your request to update order number {{Order Number}}. We understand that you may need to make changes to your order, and we are here to assist you with that. To provide you with the best possible solution, could you please let us know specifically what updates you would like to make? Once we have this information, we will do our best to accommodate your request and ensure your satisfaction with your order."
change_order,help me to change a product of purchase {{Order Number}},"Thank you for trusting to us for assistance with changing a product in purchase number {{Order Number}}. I completely understand the importance of having the correct products in your purchase. To better assist you, could you please provide me with the specific details of the product you would like to change? This information will help us ensure that we accurately update your purchase to meet your needs."
change_order,wanna add an article to order 370795561790will uhelp me,"Glad you got in touch to us regarding your request to add an article to order number {{Order Number}}. We understand that you may have changed your mind or found another item that you would like to include in your order. 

To assist you with this, we kindly ask you to provide us with the details of the article you would like to add, such as the item name, size, color, or any other specifications. Once we receive this information, we will do our best to accommodate your request and update your order accordingly. 

Please let us know the specific details of the article you would like to add, and we'll be more than happy to help you further!"
change_order,I need help to switch several articles of order {{Order Number}},"I can see that you need assistance in switching several articles for order number {{Order Number}}. We apologize for any inconvenience caused. To proceed with the switch, could you please provide the specific details of the articles you would like to switch and the ones you want to switch them with? This information will help us ensure that the changes are accurately made to your order. Thank you for your cooperation and patience as we work on resolving this for you."
change_order,can you help me edit purchase {{Order Number}}?,"We sincerely appreciate your inquiry about editing purchase number {{Order Number}}. Our team is fully committed to assisting you with any modifications you need to make. To make sure we provide you with accurate guidance, could you please specify the changes you would like to make to your purchase? Your satisfaction is our top priority, and we will do our best to accommodate your request promptly. Please provide us with the details, and we will assist you accordingly."
change_order,I need help to add several articles to order {{Order Number}},"I've picked up that you require assistance in adding multiple articles to order number {{Order Number}}. Our team is here to ensure a seamless and satisfying shopping experience for you. Could you please provide me with the specific articles you would like to add to your order? This way, we can promptly make the necessary adjustments and ensure that your order reflects your preferences accurately. Your satisfaction is our top priority, and we appreciate your patience as we work on this for you."
change_order,how to edit purchase {{Order Number}},"I acknowledge that you need assistance with editing your purchase with the number {{Order Number}}. We want to ensure that your purchase meets your expectations, so I'm here to help. Please provide me with specific details about the changes you would like to make, such as adding or removing items, updating quantities, or modifying any other aspects. With these details, I'll be able to guide you through the process and ensure that your purchase is just the way you want it."
change_order,how can I delete some products from purchase {{Order Number}} ?,"We genuinely understand your need to delete some products from purchase number {{Order Number}}. To assist you with this, you can follow these steps:

1. Log in to your account and navigate to the ""Order History"" section.
2. Locate the specific order with purchase number {{Order Number}}.
3. Click on the order details to view a list of products included in the purchase.
4. Identify the products you wish to delete and click on the ""Remove"" or ""Delete"" option next to each item.
5. Confirm your action when prompted to ensure the removal of the selected products.
6. Review your updated purchase details to verify that the desired changes have been made.

Feel free to reach out to our customer support team if you encounter any difficulties during this process. We are here 24/7 to assist you in every step of the way. Rest assured, we are committed to providing you with excellent service and ensuring your complete satisfaction."
change_order,deleting something from order {{Order Number}},"Thank you for bringing this to our attention. I understand the difficulties you're facing while deleting an item from order number {{Order Number}}. We apologize for any inconvenience caused. To assist you further, could you please provide more details about the specific item you would like to remove? This information will enable us to take immediate action and resolve the issue. Your satisfaction is of utmost importance to us, and we appreciate your patience as we work to resolve this matter."
change_order,can you help me changing a product of a purchase?,"Absolutely! We are here to assist you with any changes you would like to make to your purchase. To ensure that we handle your request accurately, could you please provide the purchase number and the product you would like to change? With this information, we can proceed with making the necessary adjustments to your order and make sure you are completely satisfied with your purchase experience."
change_order,I can't remove some articles from purchase {{Order Number}},"We understand that you're experiencing difficulties in removing some articles from purchase number {{Order Number}}. We apologize for any inconvenience this may have caused. Our team is here to assist you in resolving this issue promptly. To better assist you, could you please provide more information about the specific articles you're trying to remove? This will allow us to provide you with the most accurate and efficient solution. Thank you for bringing this to our attention, and we appreciate your patience as we work to resolve this matter."
change_order,i want help to edit order {{Order Number}},"We appreciate your request to edit order number {{Order Number}}. We understand that sometimes changes need to be made, and we're here to assist you. Could you please provide specific details on the edits you would like to make to your order? By working together, we can ensure that your order meets your expectations."
change_order,I cannot add some products to purchase {{Order Number}},"We understand your frustration with not being able to add some products to purchase number {{Order Number}}. Rest assured, we're here to help you troubleshoot and find a solution. Can you please provide us with more details about the products you're having trouble adding? This information will assist us in identifying the issue and assisting you effectively."
change_order,"I need to edit order {{Order Number}}, could I get some help?","Indeed! Thank you for reaching out to us for assistance with editing order number {{Order Number}}. We understand that sometimes adjustments need to be made to ensure your satisfaction. Could you please provide more details about the specific changes you would like to make? This will enable us to assist you better and make the necessary modifications to your order. Let us know how we can help!"""
change_order,how could I switch several articles of purchase {{Order Number}}?,"We understand that you would like to switch several articles from purchase number #{{Order Number}}. Our goal is to assist you in making the necessary changes to ensure your satisfaction. To proceed with the article switch, please provide us with the details of the articles you would like to swap, including their names and quantities. Our team will then review the request and guide you through the process. We appreciate your patience and cooperation while we work on modifying your purchase."
change_order,"I have to add an article to order {{Order Number}}, help me","We've received your message to us with your request to add an article to order number {{Order Number}}. We understand the importance of making adjustments to your order and ensuring your satisfaction. To assist you further, could you please provide us with the details of the article you would like to add? Your feedback and questions are valuable to us, and we are here to make sure we fulfill your requirements. How can we assist you with this addition?"
change_order,I need assistance with adding an item to order {{Order Number}},"Glad you got in touch to us! We appreciate your request for assistance with adding an item to your order number {{Order Number}}. We understand that you are looking to modify your existing order by adding a new item, and we're here to help you with that. To proceed with adding the item, please provide us with the details of the specific item you would like to include in your order. This will enable us to make the necessary arrangements and ensure that you receive the updated order as desired. We look forward to your response and assisting you further!"
change_order,I want help to switch something of order {{Order Number}},"Thank you for bringing this to our attention! We understand that you need assistance with making a switch in your order, specifically order number {{Order Number}}. We are here to help you resolve this matter. Could you kindly provide more details about the specific item or items you would like to switch? This information will enable us to better assist you in making the necessary changes. Your satisfaction is our priority, and we want to ensure that your order meets your expectations."
change_order,how do i remove some articles from purchase {{Order Number}},"Thank you for reaching out to us for assistance with removing some articles from your purchase with order number {{Order Number}}. To remove specific items, please follow these steps:

1. Go to your ""{{Order Number}}"" page.
2. Locate the list of items in your purchase and identify the articles you wish to remove.
3. Click on the ""{{Remove}}"" button or link, usually located beside each item.
4. A confirmation message may appear to verify your decision. If prompted, select ""Yes"" or ""Remove"" to proceed.
5. Repeat steps 3-4 for any additional items you want to remove.
6. Once done, review your updated purchase summary to ensure the selected articles have been successfully removed.

If you encounter any difficulties or need further assistance during this process, please don't hesitate to let us know. We're here to help!"""
change_order,I have got to edit order {{Order Number}},"I see what you mean your need to edit order number {{Order Number}}. We're here to assist you in making the necessary changes. To better help you, could you please provide more details about the specific edits you would like to make? Our goal is to ensure your complete satisfaction with your order, and your input is highly valued. Let us know how we can assist you further."
change_order,how can I switch an item of order {{Order Number}}?,"We understand that you are looking to switch an item in your order with the number {{Order Number}}. Our team is here to assist you with this request. In order to provide you with the most accurate solution, could you please provide us with the details of the item you would like to switch and the item you would like to replace it with? Once we have this information, we will be able to guide you through the process and ensure that your order is updated according to your preferences. Your satisfaction is our top priority, and we are committed to making this process as seamless as possible for you. We appreciate your patience and cooperation as we work towards resolving this issue."
change_order,can you help me remove something from purchase {{Order Number}}?,"We understand that you are looking for assistance in removing an item from your purchase with the order number {{Order Number}}. We apologize for any inconvenience caused. To better assist you, could you please provide us with the specific item you would like to remove? Once we have this information, we will promptly assist you in updating your purchase. Your satisfaction is our top priority, and we appreciate your patience and cooperation in resolving this matter."
change_order,i try to edit purchase {{Order Number}},"Thank you for reaching out to us regarding editing purchase number {{Order Number}}. We understand that you may need to make changes to your order, and we are here to assist you. To better assist you, could you please provide more details about the specific changes you would like to make? Our goal is to ensure your complete satisfaction, and your feedback helps us improve our services. We appreciate your patience and look forward to helping you with your purchase."
change_order,i wnt help swapping several items of order {{Order Number}},We appreciate your request for assistance with swapping several items in order number {{Order Number}}. Our team is here to help you make the necessary changes to your order. Can you please provide the specific items you would like to swap? This information will allow us to process your request accurately and efficiently. Thank you for your cooperation in improving your order experience.
change_order,"I want to modify order {{Order Number}}, how to do it?","We acknowledge your request to modify order number {{Order Number}}. We are here to assist you with this customization. To proceed with the modification process, please provide us with specific information regarding the changes you would like to make. Are you looking to update the items in your order, change the shipping method, or make any other modifications? Your satisfaction is our top priority, and we are committed to ensuring that your order meets your expectations."
change_order,wanna modify purchase {{Order Number}},"I realized you would like to make modifications to purchase number {{Order Number}}. Rest assured, we are here to assist you with that. Could you please clarify the specific changes you would like to make to your purchase? Providing us with these details will help us ensure that we accurately update your purchase according to your preferences. Your satisfaction is our top priority, so please don't hesitate to let us know how we can best assist you."
change_order,wanna change something of order {{Order Number}},"We understand that you would like to make changes to your order with order number {{Order Number}}. We apologize for any inconvenience caused. To better assist you, could you please provide more details about the specific changes you would like to make? Once we have more information, we will be able to help you further and ensure that your order meets your expectations. Thank you for reaching out to us."
change_order,can I delete a damn article from order {{Order Number}}?,I'm fully aware of your frustration in wanting to delete a specific article from order number {{Order Number}}. We are here to assist you with making the necessary adjustments. Could you please provide the details of the article you would like to remove? This will allow us to promptly resolve the issue and ensure your satisfaction.
change_order,i dont know how i can delete something from order {{Order Number}},"Appreciate your message to us for help with deleting an item from order number {{Order Number}}. I understand that you're unsure of the process, and I'm here to guide you through it. To delete an item from your order, you can either visit your account page or contact our customer support team. They will be able to assist you further and ensure that the item is removed successfully. Let me know if there's anything else I can do to assist you."
change_order,is it possible tomodify order {{Order Number}},"We understand that you are requesting to modify order {{Order Number}}. Our team is here to assist you and we'll do our best to accommodate your request. To proceed with the modification, could you please provide us with the details of the changes you would like to make? This will help us ensure that your order is exactly as you want it. Thank you for your cooperation and we look forward to resolving this for you."
change_order,edit ordr {{Order Number}},"Thank you for bringing up your request to edit order number {{Order Number}}. We acknowledge that you would like to make modifications to this particular order. To proceed with the necessary changes, could you kindly provide more details on what specific edits you would like to make? This will help us assist you more effectively and ensure your satisfaction."
change_order,need to add several products to purchase {{Order Number}},"I appreciate your request to add several products to your purchase with the number {{Order Number}}. I understand that having the flexibility to modify your purchase is essential, and I'm here to help. To proceed with adding the products, please provide me with the details of the items you would like to include. This way, I can ensure a smooth and efficient process for you."
change_order,I try to edit order {{Order Number}},"We've received your message to us with your request to edit order number {{Order Number}}. We appreciate your feedback and understand the importance of being able to make changes to your order. To assist you with this, could you please provide specific details about the changes you would like to make? Whether it's updating the items, modifying the shipping address, or any other changes, we are here to help make the process as smooth as possible for you. Your satisfaction is our priority, and we are committed to ensuring that your order meets your expectations."
change_order,swap an article of purchase {{Order Number}},"We understand that you would like to swap an article in purchase number #{{Order Number}}. We apologize for any inconvenience this may have caused. To proceed with the article swap, we kindly ask you to provide us with the following information:
1. The specific article you wish to swap.
2. The replacement article you would like to receive.

Once we receive this information, our team will assist you further in processing the swap and ensuring that your satisfaction is met. If you have any additional questions or concerns, please don't hesitate to let us know. We're here to help!"
change_order,i cant add something to order {{Order Number}},"I recognize that you are experiencing difficulties in adding an item to order {{Order Number}}. I apologize for this inconvenience. To better assist you, may I ask what item you are trying to add? With this information, we can work together to find a solution and ensure your order is exactly as you want it."
change_order,assistance to delete an item from purchase {{Order Number}},"I've understood you're seeking assistance with deleting an item from purchase number {{Order Number}}. Rest assured, we're here to help you with that. To ensure a smooth resolution, could you please provide me with the specific details of the item you would like to delete? This information will allow us to take immediate action and make sure your purchase meets your expectations. Thank you for reaching out, and we appreciate your patience as we work towards resolving this for you."
change_order,can I add some items to purchase {{Order Number}}?,"Glad you contacted to us for assistance with adding items to your purchase with the number {{Order Number}}. We understand the importance of customizing your order to meet your needs. To proceed with adding items, could you please provide us with the details of the specific items you wish to include? This will enable us to update your purchase accurately and ensure your complete satisfaction. We appreciate your cooperation in making your purchase experience as seamless as possible. How may we assist you further?"
change_order,i cant add some articles to purchase {{Order Number}},"We understand that you are facing difficulties in adding some articles to purchase number {{Order Number}}. We apologize for the inconvenience caused. In order to assist you better, could you please provide us with the specific details of the articles you are trying to add? Once we have the information, we will do our best to resolve the issue and ensure that your purchase is accurate and complete. Your satisfaction is our top priority, and we appreciate your patience and cooperation in this matter."
change_order,can I swap some items of purchase {{Order Number}}?,"Your message means a lot! I'm aligned with the idea that you're interested in swapping some items in your purchase with the number {{Order Number}}. We're here to assist you with that. To proceed with the item swap, could you please provide me with the details of the items you want to exchange and the items you would like to replace them with? This information will help us ensure a smooth and accurate swap process."
change_order,I need to swap a product of order {{Order Number}},"I understand your request to swap a product from order number {{Order Number}}. We apologize for any inconvenience this has caused, and I'm here to assist you with the process. To proceed with the swap, could you please provide the details of the product you would like to exchange, including the item name and any specific variant or options? This will help us ensure a smooth and accurate swap for you."
change_order,add something to order,"Grateful you reached out to us regarding your order. We are here to assist you in making any necessary additions. Please provide us with the specific details of the item you would like to add, such as the product name, quantity, and any other relevant information. Our team will ensure that the item is added to your order promptly. We appreciate your cooperation and look forward to helping you complete your purchase."
change_order,want help to change several items of purchase {{Order Number}},"I'll do my best! We're here to assist you with changing the items in your purchase with order number {{Order Number}}. We understand that sometimes preferences can change, and we want to make sure your order meets your expectations. Please provide us with the specific details of the items you would like to change, and we'll take care of the rest. Your satisfaction is our top priority, and we appreciate the opportunity to make things right for you."
change_order,I need help to swap some itemsof order {{Order Number}},"Happy to get your message to us regarding your request to swap some items in order number {{Order Number}}. We understand that sometimes changes need to be made, and we are here to assist you. To ensure we provide the best solution, please let us know which specific items you would like to swap. Our team will work quickly to accommodate your request and ensure your complete satisfaction. We appreciate your patience and look forward to resolving this for you."
change_order,help me modifying purchase {{Order Number}},"I realized, you need assistance with modifying your purchase with the number {{Order Number}}. We are committed to helping you make the necessary changes to ensure your satisfaction. To better assist you, could you please let me know what specific modifications you would like to make? This way, we can guide you through the process and ensure that your purchase meets your expectations. Your feedback is valuable to us, and we appreciate your patience as we work together to address your concerns."
change_order,assistance to switch something of order {{Order Number}},We appreciate your request for assistance in switching an item from order number {{Order Number}}. We are more than happy to help you with this. Could you please provide us with more information about the item you would like to switch and the desired replacement? This will allow us to process your request accurately and efficiently. Thank you for your cooperation.
change_order,want assistance to edit  purchase {{Order Number}},"We understand that you need assistance with editing your purchase with the order number #{{Order Number}}. Thank you for reaching out to us. To better assist you, could you please provide more details about the specific editing you would like to make to your purchase? This will help us ensure we provide the most accurate support to meet your needs. We appreciate your cooperation and look forward to resolving your query promptly."
change_order,how do i correct purchase {{Order Number}},"We understand that you need assistance in correcting purchase number {{Order Number}}. To help you with this, please provide us with more details about the specific correction you would like to make. Are you looking to add, remove, or modify items in your purchase? Once we have a clear understanding of your request, we will guide you through the necessary steps to make the correction. Your satisfaction is our priority, and we are here to support you throughout the process."
change_order,how to add an item to order {{Order Number}}?,"We understand that you're looking for guidance on how to add an item to order number {{Order Number}}. We're here to assist you with that. To add an item to your existing order, you can follow these steps: 
1. Log in to your account on our website or mobile app.
2. Navigate to your orders or order history.
3. Locate the specific order number ({{Order Number}}) you want to modify.
4. Click on the order and look for the option to ""Add Item.""
5. Select the item you wish to add from our available inventory.
6. Confirm the addition and proceed with the checkout process if required.

Please note that the availability of the ""Add Item"" option may depend on the current status of your order. If you encounter any difficulties or have additional questions, our customer support team is available to help you through live chat or phone support. We appreciate your understanding and patience as we assist you in enhancing your order."
change_order,can uhelp me swap something ofpurchase {{Order Number}},"I've grasped that you would like to swap an item from purchase number {{Order Number}}. We are here to assist you with that. To ensure a smooth swap process, please provide us with the details of the item you would like to exchange and the new item you wish to replace it with. Our team will work diligently to facilitate this swap and make sure you are satisfied with your purchase. Thank you for reaching out to us for assistance."
change_order,I can't swap somethhing of order {{Order Number}},"We apologize for your experience with swapping items in order number {{Order Number}}. We understand the importance of having the flexibility to make changes to your order. To assist you further, could you please provide more information about the specific item(s) you are trying to swap? This will help us better understand the issue and find a suitable solution for you. We appreciate your patience and look forward to resolving this for you as soon as possible."
change_order,how od i edit purchase {{Order Number}},"I see that you're looking to edit your purchase with the order number {{Order Number}}. We appreciate you reaching out and giving us the opportunity to assist you. To provide the quickest and most accurate resolution, could you please specify the changes you would like to make? This way, we can guide you through the process and ensure that your purchase is exactly as you desire. Your satisfaction is our top priority, so please don't hesitate to let us know how we can best assist you."
change_order,could I swap a bloody item of purchase {{Order Number}}?,"We appreciate your reaching out to us with your query regarding the possibility of swapping an item in purchase number {{Order Number}}. Rest assured, we are here to assist you. To provide you with the most accurate information, could you please let us know the specific item you would like to swap and the replacement item you have in mind? This will help us facilitate the process more effectively and ensure that your purchase meets your expectations. We look forward to hearing from you soon!"
change_order,can I update order00004587345?,"I appreciate that you're looking for assistance with updating order {{Order Number}}. We're here to help! To better assist you, could you please provide more details on the updates you would like to make? Whether it's modifying the items or changing the delivery address, our team is ready to make the necessary adjustments to ensure your order meets your expectations."
change_order,help switching some products of order {{Order Number}},"I understood that you need assistance with switching some products in order number {{Order Number}}. I apologize for any inconvenience caused. To better assist you, could you please provide me with the specific products you would like to switch and the desired replacements? This will allow us to expedite the process and ensure that your order meets your expectations. Thank you for your patience and cooperation."
change_order,modify order113542617735902,"We appreciate you reaching out to us regarding your request to modify order number {{Order Number}}. Our team is committed to assisting you in making the necessary changes. Could you please provide specific details about the modifications you would like to make? This will enable us to better understand your requirements and ensure that we can fulfill them to your satisfaction. Your feedback is valuable to us, and we look forward to assisting you further."
change_order,I want assistance changing a product of order {{Order Number}},Thank you for reaching out! I completely understand that you need assistance with changing a product from order number {{Order Number}}. We are here to help you with that. Could you please let us know the specific product you would like to change and the product you would like to replace it with? Providing us with these details will allow us to ensure a smooth and accurate process to meet your expectations.
change_order,have a problem with changing purchase {{Order Number}},"We appreciate you contacting us regarding the issue with changing purchase number {{Order Number}}. We understand how important it is for you to make modifications to your order, and we are here to assist you. Please provide us with more details about the problem you're encountering so that we can find the best solution for you. Your satisfaction is our priority, and we are committed to resolving any issues you may have."
change_order,help editing order {{Order Number}},"Grateful you reached out to us for assistance with editing order number {{Order Number}}. We are here to help you make the necessary modifications to your order. Could you please provide more details about the changes you would like to make? Whether it's updating the quantity, removing items, or making any other modifications, we are committed to ensuring your complete satisfaction. Your feedback is important to us, and we appreciate your patience as we work together to make the necessary adjustments."
change_order,I need help with adding an article to order {{Order Number}},"I've grasped that you need assistance with adding an article to your order with the number {{Order Number}}. We are here to help you make the necessary changes to ensure your satisfaction. Could you please provide more details about the article you would like to add? This will allow us to process your request accurately and efficiently. Thank you for reaching out to us, and we appreciate your patience while we assist you with this modification."
change_order,I do not know how I can swap an item of order {{Order Number}},"I'm happy to help! I'm here to help you with swapping an item from order number {{Order Number}}. To proceed with the swap, please follow these steps:

1. Go to your account and navigate to the ""Order History"" section.
2. Find and select the specific order, order number {{Order Number}}, that you want to modify.
3. Look for an option that says ""Swap Item"" or ""Replace Item"". Click on it.
4. You will be prompted to choose the item you want to swap and the new item you would like to replace it with. Select the appropriate options from the available choices.
5. Confirm the swap request and proceed with any additional instructions provided on the screen.

If you encounter any issues or require further assistance during the process, please do not hesitate to reach out to our customer support team. We are available {{Customer Support Hours}} at {{Customer Support Phone Number}} or through the Live Chat on our website at {{Website URL}}. We'll be happy to assist you in completing the item swap successfully."
change_order,can you help me to remove a product from order {{Order Number}}?,"We appreciate your inquiry to us for assistance with removing a product from order number {{Order Number}}. We understand the importance of making adjustments to your order and want to ensure your complete satisfaction. To better assist you, please provide us with the details of the product you would like to remove. Our team is dedicated to promptly resolving your request and ensuring a seamless shopping experience."
change_order,problem with modifying purchase {{Order Number}},"We apologize for any inconvenience caused by the problem you encountered while modifying purchase number {{Order Number}}. Our team is committed to ensuring a seamless shopping experience for our valued customers, and we appreciate you bringing this issue to our attention. To assist you further, could you please provide more details about the specific problem you're facing? This will allow us to better understand the issue and provide you with an effective solution. Thank you for your patience and cooperation."
change_order,I need help removing some items from purchase {{Order Number}},"Appreciate your message to us with the request to remove items from purchase number {{Order Number}}. We completely understand your need for assistance in modifying your purchase. To ensure we address your concern accurately, could you please provide us with specific details about the items you would like to remove? This will help us make the necessary changes promptly and ensure your satisfaction. We appreciate your patience and look forward to resolving this for you."
change_order,i dont know how i can add several items to purchase {{Order Number}},"Your reach-out is appreciated! I'm sensing that you're unsure about how to add several items to your purchase with the number {{Order Number}}. Don't worry, I'm here to help! To add multiple items to your purchase, you can follow these steps:

1. Visit our website and log into your account.
2. Go to the 'My Purchases' section or 'Order History' page.
3. Find the purchase with the number {{Order Number}} and click on it to view the details.
4. Look for an 'Add Items' or 'Edit Order' button and click on it.
5. You should see a list of available products. Browse through the options and select the items you want to add.
6. Once you have selected the items, click on the 'Add' or 'Confirm' button to add them to your purchase.
7. Review your updated purchase summary to make sure everything looks correct.
8. Finally, proceed to the checkout or payment page to complete your purchase with the additional items.

If you encounter any difficulties or have further questions, our customer support team is available {{Customer Support Hours}}. Please feel free to reach out to them at {{Customer Support Phone Number}} or through the Live Chat on our website at {{Website URL}}. They will be more than happy to guide you through the process and provide any necessary assistance. We want to ensure that your purchase experience is seamless and enjoyable."
change_order,how do i swap a product of order {{Order Number}},"We appreciate you bringing to our attention your request to swap a product in order number {{Order Number}}. To assist you with this, you can follow these steps:

1. Log in to your account on our website.
2. Navigate to the ""Orders"" section of your account.
3. Locate and click on order number {{Order Number}}.
4. Find the product you wish to swap, and click on the ""Swap"" or ""Exchange"" option.
5. Follow the prompts to select a replacement product from our available options.
6. Complete the necessary steps to finalize the swap, including providing any additional information or payment if required.
7. Once completed, you will receive a confirmation of the successful swap, and any changes to your order will be reflected accordingly.

If you encounter any difficulties or have any further questions, please don't hesitate to reach out to our customer support team. We're available {{Customer Support Hours}} at {{Customer Support Phone Number}} or through the Live Chat on our website at {{Website URL}}. We appreciate your patience and look forward to assisting you with the swap process."
change_order,help to swap an article of purchase {{Order Number}},"Glad you got in touch to us for assistance with swapping an article in your purchase with the number {{Order Number}}. We understand that sometimes changes are needed, and we're here to help make the process as smooth as possible. To proceed with the swap, please provide us with the details of the item you would like to swap and the replacement item you would like to include. Once we have all the necessary information, we'll promptly assist you in making the desired changes. Our goal is to ensure your complete satisfaction with your purchase, and we appreciate your patience and cooperation in this matter."
change_order,i need help with swapping something of order {{Order Number}},"I'm glad you contacted us to us for assistance with swapping an item in your order with the order number {{Order Number}}. We understand that sometimes you may change your mind or find a better alternative, and we are here to help make that happen. Could you please provide more details about the item you wish to swap? This will allow us to assist you more efficiently and ensure that we find the best possible solution for you."
change_order,help to switch several products of order {{Order Number}},"I've been informed that you would like assistance in switching multiple products from order number {{Order Number}}. Thank you for reaching out to us for help with this request. To better assist you, could you please provide the specific details of the products you would like to switch and the items you would like to replace them with? This will enable us to process your request accurately and efficiently. We appreciate your patience and understanding as we work together to make the necessary adjustments to your order."
change_order,modify order732201349959,"Thanks for dropping us a line to us for assistance with modifying your order with the number {{Order Number}}. We understand that circumstances may change, and we are here to help you make the necessary adjustments. Please let us know specifically what modifications you would like to make to your order so that we can assist you accordingly. Your satisfaction is our top priority, and we will do our best to accommodate your requests."
change_order,help switching something of purchase {{Order Number}},"I see your need for assistance in switching an item in purchase number {{Order Number}}. Our team is here to help resolve this for you. To proceed with the switch, could you please provide more details about the item you would like to switch and the alternative item you would like to replace it with? This information will enable us to assist you promptly and ensure that the switch meets your requirements. Feel free to share any specific preferences or concerns you may have. We are committed to making this process as smooth and satisfactory as possible for you."
change_order,I need assistance to modify purchase {{Order Number}},"Happy to get your message to us regarding the need to modify purchase number {{Order Number}}. I understand that you have a specific request for changes or modifications in this purchase, and I'm here to help you with that. To ensure that I provide you with accurate and efficient assistance, could you please provide more details about the modifications you would like to make? Whether it's updating the quantity, changing the color, or any other changes, please let me know so that we can proceed with the necessary modifications. Your satisfaction is our top priority, and I'm committed to ensuring that we address your concerns and deliver a seamless experience."
change_order,want help to swap several items of purchase {{Order Number}},"We appreciate you reaching out for assistance with swapping several items in your purchase with the number {{Order Number}}. Our team is here to help you make the necessary changes. To proceed with the swap, could you please provide us with the specific details of the items you would like to exchange and the replacement items you'd prefer? This will allow us to process the swap accurately and ensure your satisfaction."
change_order,how to switch an item of purchase {{Order Number}}?,"I'm on the same page, your need to switch an item in your purchase with order number {{Order Number}}. We're here to help you with that! To proceed with the switch, could you please provide us with the specific details of the item you would like to switch? This will allow us to assist you further and ensure that your purchase meets your expectations. Thank you for choosing our services, and we appreciate your cooperation in making this modification."
change_order,si it possible to add some products to order {{Order Number}},"We appreciate your inquiry about adding products to your order with the number #{{Order Number}}. Our team is committed to providing the best possible assistance. To ensure accuracy, could you please specify the products you would like to add to your order? We will do our utmost to accommodate your request and make your shopping experience seamless and enjoyable."
change_order,help me add some damn items to order {{Order Number}},"We understand your request to add items to order number {{Order Number}}. We apologize for any inconvenience caused by the item(s) not being included originally. To assist you with this, please provide us with the specific items you would like to add to your order. We will ensure that the necessary adjustments are made and confirm the changes with you. We appreciate your patience and cooperation in resolving this matter."
change_order,"I want to modify purchase {{Order Number}}, I need assistance",We understand that you require assistance with modifying purchase number {{Order Number}}. We are here to help you with that. Could you please provide more details about the specific changes you would like to make? This will allow us to better understand your request and provide you with the necessary guidance to modify your purchase successfully.
change_order,how to remove something from order {{Order Number}}?,"I'm on the same wavelength, the importance of removing something from order {{Order Number}} for you. To make this adjustment, you can follow these steps:
1. Go to your '{{Order Number}}' page.
2. Locate the item or items you wish to remove.
3. Click on the option to remove or delete the selected item(s).
4. Review the changes and confirm the removal.
By following these steps, you will be able to successfully remove the item(s) from your order. If you encounter any difficulties or have further questions, don't hesitate to ask. We're here to provide you with the assistance you need."
change_order,how do I add some articles to purchase {{Order Number}}?,"Thank you for reaching out! I completely understand that you would like to add some articles to your purchase with the purchase number {{Order Number}}. To assist you with this, I recommend contacting our customer support team directly. They will be able to guide you through the process and ensure that the articles are added accurately to your purchase. You can reach our customer support team at {{Customer Support Phone Number}} or through the Live Chat on our website at {{Website URL}}. Please let me know if there's anything else I can assist you with."
change_order,i need help to delete some products from order {{Order Number}},"We understand that you would like assistance in deleting some products from order number {{Order Number}}. Deleting items from your order is an option we can explore for you. May I kindly ask you to provide the specific product(s) you wish to remove? This way, we can promptly assist you with the necessary actions to modify your order according to your preferences. We appreciate your patience and cooperation."
change_order,need to add an item to purchase {{Order Number}} could ya help m,"We appreciate your request to add an item to purchase number {{Order Number}}. Rest assured, I am here to help you with that. To proceed, I kindly ask you to provide me with the details of the item you would like to add. Once we have all the necessary information, we will promptly make the update to your purchase and ensure that it aligns with your expectations. Thank you for allowing us the opportunity to assist you with this."
change_order,remove some items fropm order {{Order Number}},"I've picked up that you need assistance with removing some items from order number {{Order Number}}. We apologize for any inconvenience this may have caused. To proceed with the removal, could you please provide me with the specific details of the items you would like to remove? This will ensure accuracy and efficiency in resolving your request. Thank you for bringing this to our attention and allowing us to assist you."
